sim,scenario,seed,success,time_elapsed,caixa_final,mrr_final,arr_final,usuarios_final,cac_medio,ltv_medio,churn_medio,margem_bruta_media,ebitda_margin_media,nrr,grr,cohort_m6_retention,payback_meses_medio,roi_total_pct,burn_rate_medio,caixa_minimo,mes_caixa_minimo,runway_final,quebrou,runway_critico,var95_caixa,cvar95_caixa,ltv_cac,caixa_series,mrr_series
0,pessimista,343094092,True,0.21433758735656738,21508.090736020262,5963.700000000001,71564.40000000001,63,560.415933656143,722.5503264029804,10.894707059249535,78.43862888412876,-48.62395897314228,1.0,1.0,1.0769230769230769,6.118666678556108,12.53371140008444,1214.3522055430742,4142.1329102109485,24,6.310957455795898,False,True,5122.663662448456,4391.613215805033,1.6878327079914763,"[4641.093521399118, 5283.187042798236, 13826.248386295112, 9733.274963149597, 10960.780860840045, 12188.286758530492, 13415.79265622094, 14643.298553911387, 15870.804451601834, 17098.310349292282, 16325.81624698273, 15634.496998855895, 15000.52380930512, 14366.550619754344, 21657.374047907986, 15944.562709419235, 15919.830691766447, 15895.098674113658, 15870.36665646087, 15845.634638808082, 15820.902621155294, 15796.170603502505, 15907.770960895321, 4142.1329102109485, 12290.717535807056, 7055.826715596731, 15543.358571666884, 10864.922211158928, 11876.19190922703, 12940.67646147785, 14079.893130880784, 15380.69702951204, 16712.101840902073, 18171.453623626938, 19809.778694156183, 21508.090736020262]","[509.5, 509.5, 579.4, 1228.7, 1228.7, 1228.7, 1228.7, 1228.7, 1228.7, 1228.7, 1228.7, 1328.6000000000001, 1398.5, 1398.5, 1498.4, 2147.7, 2147.7, 2147.7, 2147.7, 2147.7, 2147.7, 2147.7, 2317.6, 2487.4, 2657.2000000000003, 3306.5, 3476.3, 4395.400000000001, 4465.3, 4565.200000000001, 4705.0, 4974.8, 5144.6, 5384.3, 5724.0, 5963.700000000001]"
1,pessimista,343104065,True,0.18563199043273926,140290.5634975037,42615.3,511383.60000000003,447,228.06959479258987,697.3132232305766,11.312957968198276,81.37101166794754,6.066563214695538,1.0,1.0,2.4545454545454546,2.7881281617847034,507.4606812395987,328.3208052130714,4430.468824779262,1,5.232683308210988,False,True,5635.49639031766,4716.2409365592275,3.3915944526515416,"[4430.468824779262, 5002.013048339193, 5846.657504310483, 6888.933196457305, 8204.309121015485, 9799.835843135004, 11783.574472455608, 14180.488732968239, 16857.553791042206, 19797.08923751975, 21015.556152584188, 22555.51409762132, 24352.039348640203, 26302.020230851114, 28774.119655219314, 31634.450780585765, 34878.02417210044, 38422.36026837754, 42465.407627038694, 46851.73725184808, 51614.29857765571, 56950.68284063712, 62689.54104455649, 57086.41758443031, 64248.936855275075, 71638.0900670578, 80313.98164100348, 89698.98301949052, 99930.61003991376, 102423.34686487835, 105902.7847305598, 110431.03219457975, 115852.66026070238, 122595.88083612878, 130684.43831587544, 140290.5634975037]","[649.3000000000001, 819.1, 1158.8, 1398.5, 1738.2, 2077.8, 2557.3, 3066.8, 3406.4, 3885.9, 4465.3, 5144.6, 5793.900000000001, 6303.400000000001, 7192.4, 8111.500000000002, 9030.5, 9849.6, 10868.6, 11787.600000000002, 12706.7, 13865.5, 14924.300000000001, 16252.900000000001, 17851.300000000003, 18910.1, 21018.0, 22926.0, 24903.9, 26811.899999999998, 28959.600000000002, 31307.200000000004, 33554.8, 36281.9, 39278.8, 42615.3]"
2,pessimista,343114038,True,0.1914503574371338,20790.453518380687,5444.400000000001,65332.8,56,397.49760361940906,510.9885843496395,15.472459950333603,78.38530756234361,-49.7966382241629,1.0,1.0,4.0,3.946613954739363,9.54355632658617,918.6032995061526,4582.2496203602,1,6.601630385140701,False,True,5646.3503047710365,4873.874430540301,1.7112448864283405,"[4582.2496203602, 5165.499240720401, 5806.633992787915, 6447.76874485543, 7088.903496922944, 7730.038248990459, 8450.891153822333, 9229.62919036152, 18005.63227358146, 21983.875162281147, 16403.09586119667, 16464.75142840488, 16585.72124285013, 16647.37681005834, 16848.064777267948, 17007.36362894783, 17166.662480627714, 25189.612443101225, 19873.50206302621, 20239.786551243884, 20634.03103946156, 21086.160659386547, 21590.048432075895, 10187.590140652372, 10717.17184922885, 11113.139621918197, 11848.284614966347, 12505.434739721812, 13272.22814894895, 14104.715494063217, 14927.127970884798, 15801.298600470738, 16773.11251452835, 18006.108780652085, 19270.753462954806, 20790.453518380687]","[509.5, 509.5, 579.4, 579.4, 579.4, 579.4, 679.3000000000001, 749.2, 919.1000000000001, 1668.3000000000002, 2417.5, 2347.6, 2417.5, 2347.6, 2517.4, 2517.4, 2517.4, 2517.4, 3166.7000000000003, 3096.8, 3096.8, 3166.7000000000003, 3266.6000000000004, 3436.5000000000005, 3436.5000000000005, 3266.6000000000004, 3606.3000000000006, 3676.2000000000003, 3846.0000000000005, 4015.9000000000005, 4085.8, 4185.7, 4355.5, 4765.1, 5004.8, 5444.400000000001]"
3,pessimista,343124011,True,0.1887521743774414,97721.14605107132,20039.4,240472.80000000002,206,307.6208316594919,564.4446461579338,13.766456273980374,77.35872210878735,0.8459967633748823,1.0,1.0,1.4482758620689655,3.0631665028915736,330.0881085461305,615.7192525286713,4199.658733357264,1,10.26985606263637,False,True,11188.442348148741,6239.889532306174,2.4326240262077645,"[4199.658733357264, 12157.883020446627, 8280.120331255084, 17011.703446457883, 13649.874227852422, 15641.760202248497, 17690.317624179905, 19958.552883521264, 22283.459590397957, 24787.783747622405, 25504.333744192583, 26373.924386047827, 27302.481117911044, 28273.332492246904, 29575.359154340473, 30991.17790925444, 32642.251951926115, 34407.11808741819, 36284.49350785555, 38343.62102111331, 40458.58637178102, 42839.93526280446, 45510.082636522915, 36392.236745534414, 39636.5722323116, 42980.32300684649, 46770.8866066824, 50918.65788696306, 55446.86518748205, 60267.48842104382, 65480.54767484391, 71099.36575675744, 76998.02841137396, 83411.91308904123, 90301.77123729458, 97721.14605107132]","[579.4, 679.3000000000001, 1598.4000000000003, 1668.3000000000002, 2757.2, 2857.1000000000004, 2927.0, 3196.7, 3266.6000000000004, 3506.4, 3776.1, 4115.8, 4355.5, 4525.3, 5034.8, 5444.400000000001, 5953.900000000001, 6363.5, 6703.1, 7112.700000000001, 7382.400000000001, 7861.9000000000015, 8471.300000000001, 9050.7, 9799.9, 10309.400000000001, 11128.5, 12007.7, 12926.7, 13775.900000000001, 14694.900000000001, 15683.900000000001, 16533.0, 17621.9, 18780.7, 20039.4]"
4,pessimista,343133984,True,0.23971772193908691,86544.21482898173,19519.600000000002,234235.2,204,312.246183787787,1289.724430525993,6.000000000000001,80.99260331186701,-2.109437006673939,1.0,1.0,2.0714285714285716,3.77940786925164,283.51756178742386,441.7481327977721,4701.114247364418,1,9.79149465828831,False,True,6133.943265794371,5080.880590049581,4.393110883269601,"[4701.114247364418, 5460.646932734744, 6358.375376814247, 7394.299579602926, 8622.905307919034, 9989.706794944319, 11629.9671282003, 13408.423220165458, 15301.716188142433, 17333.204914828584, 17571.19440731498, 17954.296534522364, 18567.794828663715, 19201.06731952015, 20069.337094613187, 21104.64415394283, 22309.921168696736, 23763.052788390516, 25424.03901302417, 27269.520959900332, 29257.012862200758, 31492.359369441056, 33992.97891962714, 24788.329950764906, 27873.811345551723, 31156.645783284323, 34895.766343375144, 39037.77879264245, 43476.83848157062, 48276.304292857014, 53536.08043132579, 59280.98421768023, 65312.433681701434, 71811.59235560239, 78844.22978658257, 86544.21482898173]","[509.5, 579.4, 749.2, 919.0, 1158.8, 1328.6000000000001, 1668.3000000000002, 1838.1000000000001, 1977.9000000000003, 2147.7, 2417.5, 2727.1, 3166.7000000000003, 3406.4, 3816.0000000000005, 4225.6, 4635.1, 5144.6, 5654.1, 6133.6, 6543.1, 7052.6, 7632.000000000001, 8281.300000000001, 8960.6, 9540.0, 10389.1, 11308.2, 12127.300000000001, 12976.400000000001, 13965.400000000001, 15054.300000000001, 15943.300000000001, 16962.3, 18121.0, 19519.600000000002]"
5,pessimista,343143957,True,0.2274150848388672,17714.699204864963,6163.6,73963.20000000001,64,420.82534296980384,764.1843141803149,10.475246662800213,80.73927150913038,-41.13602280849872,1.0,1.0,1.7,4.6369126585057385,-3.272086646395995,847.1571426510138,3801.7462378524942,24,5.198720392332215,False,True,4463.323617429258,4083.53051807862,2.1532162357747153,"[4495.993223804095, 4992.986447608189, 5548.2460253638, 6183.895104371229, 6936.076891281689, 7768.648179443968, 8737.742873006817, 9765.103920521182, 10872.854469287364, 12038.871372005062, 11263.154628674276, 10704.35079199588, 10284.202810520816, 17709.69940590475, 12416.700400747002, 12728.101395589254, 13039.502390431506, 13350.903385273758, 13662.30438011601, 13975.837824761024, 14289.411269406039, 14797.77447340314, 15290.607178652059, 3801.7462378524942, 4365.314798304746, 4947.189712708514, 5776.283887716187, 6666.420271878708, 7735.855916645134, 8866.33377056641, 10039.58747969102, 11339.710948167714, 12682.570271847744, 14232.688856131677, 15843.84964957046, 17714.699204864963]","[509.5, 509.5, 579.4, 679.3000000000001, 819.1, 919.0, 1088.9, 1158.8, 1258.7, 1328.6000000000001, 1398.5, 1668.3000000000002, 1838.1000000000001, 1838.1000000000001, 2827.1000000000004, 2827.1000000000004, 2827.1000000000004, 2827.1000000000004, 2827.1000000000004, 2827.0, 2827.0, 3066.8, 3166.7000000000003, 3236.6000000000004, 3336.5, 3406.4, 3746.1000000000004, 3985.8, 4325.5, 4565.200000000001, 4735.0, 4974.8, 5144.6, 5484.3, 5724.0, 6163.6]"
6,pessimista,343153930,True,0.22850966453552246,266.44321350946825,2317.6,27811.199999999997,24,277.15859466099175,364.6039901822356,20.85283204817669,78.6446201838169,-83.92780804561066,0.8,0.8,2.8333333333333335,5.407551928315159,-75.97315327704388,1090.2882346154465,-8860.238450241592,24,0.2695795148649643,True,True,-7717.294825577343,-8504.36658852753,0.9209821962423655,"[4335.218574309105, 4671.43714861821, 5007.655722927315, 5343.87429723642, 5760.093583961292, 6233.12268005035, 6762.961585503594, 7372.8012033726045, 15762.939199287095, 11824.478980400509, 11087.313393508319, 10350.147806616129, 9612.98221972394, 8819.006823467564, 8081.841236575374, 7344.675649683184, 6736.453673961564, 6128.231698239944, 5576.81953188251, 5105.408077940843, 4553.995911583409, 4082.584457641742, 3611.1730037000752, -8860.238450241592, -8148.494726813469, -7573.5615251653, -6861.817801737177, -6150.074078309055, -5438.330354880933, -4726.58663145281, -3934.8421956089205, -3143.097759765031, -2351.353323921141, -1559.6088880772513, -711.0546428691766, 266.44321350946825]","[409.6, 409.6, 409.6, 409.6, 509.5, 579.4, 649.3000000000001, 749.2, 819.1, 1568.3, 1568.3, 1568.3, 1568.3, 1498.4, 1568.3, 1568.3, 1738.2, 1738.2, 1808.1000000000001, 1908.0000000000002, 1808.1000000000001, 1908.0000000000002, 1908.0000000000002, 1908.0000000000002, 1977.9000000000003, 1808.1000000000001, 1977.9000000000003, 1977.9000000000003, 1977.9000000000003, 1977.9000000000003, 2077.8, 2077.8, 2077.8, 2077.8, 2147.7, 2317.6]"
7,pessimista,343163903,True,0.14727520942687988,9857.491350816215,5284.400000000001,63412.8,56,175.26177032796204,333.54203820016636,22.705339602304907,77.53075341447256,-42.81049558528005,0.8,0.8,0.8666666666666667,3.2375945220712303,283.9372837704054,933.7440341152118,-7452.725861865626,24,3.107911229549077,True,True,-4846.162853342581,-6663.144103935562,1.8942125565187822,"[2870.6675874281555, 1613.8248576402589, 485.4924450684143, -562.0527590765778, 6762.254020047697, 813.3870151563087, 420.44895259682926, 27.510890037349782, -150.65237202382684, -33.2536251598483, 84.14512170413025, -94.01814035704638, 104.16781493378448, -221.77645158996972, 33.1565435186418, 73.31473812895081, 7946.829946901153, 2689.375937118376, 2940.441927335599, 3191.5079175528217, 3442.5739077700446, 3774.4271064141203, 4194.830622274248, -7452.725861865626, -5873.5623460054985, -4503.6963557882755, 4727.684808274758, -3.023246217187989, 2368.2816594730857, 3174.05360498114, 4137.122907523028, 5141.806458309547, 6159.35721752292, 7322.205333770125, 8526.667698261963, 9857.491350816215]","[409.6, 239.70000000000002, 409.6, 509.5, 509.5, 1398.5, 1328.6000000000001, 1328.6000000000001, 1228.7, 1228.7, 1228.7, 1228.7, 1328.6000000000001, 1228.7, 1398.5, 1498.4, 1568.3, 2797.0, 2797.0, 2797.0, 2797.0, 2896.9, 3066.8, 3066.8, 3066.8, 2797.0, 2896.9, 4125.6, 4055.7000000000003, 4125.6, 4365.400000000001, 4535.200000000001, 4635.1, 4874.900000000001, 5044.7, 5284.400000000001]"
8,pessimista,343173876,True,0.13013863563537598,102919.79174705812,26122.700000000004,313472.4,273,269.2191718816855,721.986932296592,10.816837064578438,79.70720974689044,-0.6011921322869271,1.0,1.0,2.1875,3.0945584496752603,351.7491322794089,449.2086717886238,4589.050446055633,1,5.031079818522179,False,True,5805.350610709958,4924.4270111915075,3.1068544267661995,"[4589.050446055633, 5259.803576327382, 5987.199622170818, 6927.46037371272, 8005.066725042424, 9276.661591731616, 10817.764079690962, 12552.855083009796, 14557.453707598783, 16756.040847547258, 17224.135608765886, 17814.190407061382, 18630.61551084315, 19465.189129984403, 20667.3788857553, 22044.66186258415, 23681.640976042647, 25469.653541914668, 27477.90290715009, 29689.24549344347, 32160.284216366494, 34863.059075919155, 37854.21298767315, 29129.845720272897, 32815.3028735062, 36756.77818485151, 41325.52576945609, 46225.58360583761, 51737.77639969452, 65494.84540277028, 67095.70621598065, 74698.0249022381, 82800.65831461539, 91508.79251561144, 101048.01512649641, 102919.79174705812]","[649.3000000000001, 749.2, 819.1, 1088.9, 1258.7, 1498.4, 1838.1000000000001, 2077.8, 2417.5, 2657.2000000000003, 2996.9, 3306.5, 3746.1000000000004, 3985.8, 4565.200000000001, 5074.7, 5654.1, 6133.6, 6643.0, 7152.5, 7731.900000000001, 8311.300000000001, 8960.6, 9639.900000000001, 10489.0, 11238.300000000001, 12397.100000000002, 13386.0, 14644.7, 15803.5, 18460.700000000004, 19789.300000000003, 21078.0, 22476.5, 24214.7, 26122.700000000004]"
9,pessimista,343183849,True,0.13472938537597656,9221.787574092334,6303.400000000001,75640.8,66,124.03186970899003,480.4959318167014,15.851738386459685,79.10462966689587,-6.943631788954046,1.0,1.0,1.875,2.525991414481022,268.04468935230835,456.28421927913104,-9245.496272297492,24,2.649081126029865,True,True,-6092.59357753242,-8327.764595753968,2.6492449110044416,"[2970.280044573237, 1941.5600891464737, 968.9746008190077, -3.6108875084582905, -349.390968561141, -616.2934854308044, -827.0615352011706, -958.9520207885176, -958.9155841917745, -823.867116312715, -632.6841813343582, -385.3667792567045, -59.171812996031235, 267.023153264642, 260.7970729917216, 230.9599269173956, 478.0048121253857, 670.1441837004853, 866.6324894741794, 1086.0783594308928, 1321.6986964869034, 1740.1635199100235, 2185.72037461546, -9245.496272297492, -7410.032919210443, -5653.447130306412, -3686.0568550352723, -1662.532112664835, 439.87019388862154, 1234.9789988236912, 2257.281224324465, 3306.889948206852, 4527.557625555646, 5803.4918012860535, 7385.496961765183, 9221.787574092334]","[509.5, 509.5, 579.4, 579.4, 649.3000000000001, 749.2, 819.1, 919.0, 1088.9, 1258.7, 1328.6000000000001, 1398.5, 1498.4, 1498.4, 1838.1000000000001, 1977.9000000000003, 2147.7, 2417.5, 2557.3, 2657.2000000000003, 2727.1, 2996.9, 3166.7000000000003, 3406.4, 3406.4, 3306.5, 3576.3, 3646.2000000000003, 3746.1000000000004, 3985.8, 4395.400000000001, 4635.1, 4974.8, 5214.5, 5724.0, 6303.400000000001]"
10,pessimista,343193822,True,0.10885381698608398,-10883.442862956428,579.4,6952.799999999999,6,102.73066666666666,367.24227047507367,21.80004818732383,76.80891178250099,-128.51260291551705,0.8,0.8,1.0,27.859281174594997,-234.58607157391077,800.032366740634,-10883.442862956428,36,0.0,True,True,-10183.400897389023,-10683.430872794313,0.14786656792885572,"[10692.362561500748, 4184.770387250416, 3334.172215330143, 2427.30223733597, 1439.0092342329506, 450.7162311299312, -537.5767719730882, -1075.295583480066, -1613.0143949870437, -2150.7332064940215, -2688.4520180009995, -3226.170829507977, -3763.8896410149546, -4301.608452521932, -4757.904238920064, -5214.200025318196, -5670.495811716328, -6208.214623223305, -6664.510409621437, -7120.806196019569, -7658.525007526547, -8114.820793924679, -889.4610157190418, -5664.101237513405, -6120.397023911537, -6658.1158354185145, -7114.411621816646, -7570.707408214778, -8027.00319461291, -8483.298981011041, -8883.322961335272, -9283.346941659503, -9683.370921983735, -10083.394902307966, -10483.418882632197, -10883.442862956428]","[409.6, 649.3000000000001, 579.4, 509.5, 409.6, 409.6, 409.6, 409.6, 409.6, 409.6, 409.6, 409.6, 409.6, 409.6, 509.5, 509.5, 509.5, 409.6, 509.5, 509.5, 409.6, 509.5, 509.5, 509.5, 509.5, 409.6, 509.5, 509.5, 509.5, 509.5, 579.4, 579.4, 579.4, 579.4, 579.4, 579.4]"
11,pessimista,343203795,True,0.10409021377563477,60456.543310535344,13076.4,156916.8,136,412.44242305828163,1212.4663537693093,6.474904430917235,80.46712920956841,-17.391532376214705,1.0,1.0,2.2857142857142856,4.670791187875836,174.81893046056393,703.2529891003677,4414.254863958107,1,9.61506236394191,False,True,5346.870463161829,4650.982025167038,3.296305263798589,"[4414.254863958107, 4887.709186375969, 5499.92422209045, 6250.899971101551, 7194.675878924223, 8277.212500043515, 9417.948579622562, 10639.245914038474, 11995.143948806204, 21190.697075669028, 15893.025557178133, 16386.526934511858, 16928.936288129153, 17542.186355043068, 18360.87783560542, 19240.649487924147, 20297.902553891312, 21416.23579161485, 22712.050442986823, 24068.945266115174, 25603.32150289196, 27279.339166261983, 29151.0777017402, 19136.497663811657, 21375.837956451058, 23696.739662738895, 26352.082954431546, 29191.948386014054, 32298.375403001373, 35585.16454693375, 39138.47527627094, 42952.70938739005, 46935.305625454224, 51184.423448923204, 55672.10285779699, 60456.543310535344]","[509.5, 579.4, 749.2, 919.0, 1158.8, 1328.6000000000001, 1398.5, 1498.4, 1668.3000000000002, 1838.1000000000001, 2827.0, 3066.8, 3236.6000000000004, 3406.4, 3746.1000000000004, 3985.8, 4325.5, 4565.200000000001, 4904.900000000001, 5144.6, 5484.3, 5823.900000000001, 6233.5, 6573.1, 7052.6, 7392.3, 7971.700000000001, 8481.1, 9060.5, 9570.0, 10149.4, 10758.8, 11268.300000000001, 11847.7, 12427.1, 13076.4]"
12,pessimista,343213768,True,0.10419726371765137,112570.20660204014,20278.600000000002,243343.2,214,321.7676326483664,701.2222300107145,11.147747471431039,77.60210337849742,-1.1361803532560013,1.0,1.0,1.44,3.6427683771267336,391.9591941751673,704.4594587096431,4496.004754336691,1,11.986574673660046,False,True,11400.333625299028,4773.078397010753,2.5648482227451983,"[4496.004754336691, 5050.1520396848155, 13517.060820503766, 17262.08126411892, 13712.2740983847, 15725.758540443596, 17820.17034821646, 19971.724687000755, 22180.421556796486, 24527.188323317616, 25023.449262875245, 25664.145161181143, 26453.186840316648, 27244.418416177556, 36128.89243363637, 32119.74116620805, 33912.432223241965, 35813.50906110549, 37908.03421081006, 40114.85915396543, 50155.74812360306, 47456.07433936499, 50607.25623268193, 41907.75127254245, 53274.49611971484, 51821.94074402296, 56521.609357727146, 61459.10607672317, 66702.39090101104, 72170.53646487679, 77984.43013403438, 84080.32707378129, 90436.86958780861, 97375.56115325486, 104691.37325172979, 112570.20660204014]","[509.5, 579.4, 749.2, 1398.5, 2317.6, 2387.5, 2487.4, 2557.3, 2627.2, 2797.0, 3066.8, 3376.4000000000005, 3716.1, 3885.9, 4365.400000000001, 5694.0, 6103.500000000001, 6443.200000000001, 6852.800000000001, 7192.4, 7432.1, 8830.6, 9340.1, 9779.7, 10359.1, 11827.5, 12746.600000000002, 13495.800000000001, 14245.0, 14894.300000000001, 15643.500000000002, 16362.7, 17042.0, 18100.9, 19089.800000000003, 20278.600000000002]"
13,pessimista,343223741,True,0.08638405799865723,37015.6152524072,11178.2,134138.40000000002,118,332.03603084030965,715.370973226356,10.765181375863047,79.40494685869359,-26.246321407615277,1.0,1.0,1.9090909090909092,3.7769637317920504,77.14839688503002,733.0997165025227,4456.410717697574,1,6.472972538216275,False,True,5234.73537184917,4713.611658557084,2.5195521576417383,"[4456.410717697574, 4970.812599416595, 5622.053373736719, 6330.285312078289, 7170.246070630265, 8015.316901572938, 9049.107716747463, 10219.737424523091, 11527.20602489982, 12966.403445486956, 12462.592030095539, 12095.619507305224, 11865.48587711601, 11692.343410948244, 11787.768657591987, 11940.185068257177, 12229.440371523468, 12624.730455105897, 13220.668251499834, 13874.55610451632, 14621.28394176466, 15408.9306716141, 16265.496294064644, 5322.709629326695, 6494.864185232744, 7811.7464539503, 9323.417671891506, 11076.695495245323, 20917.113674288878, 17775.96713398776, 20480.82719909925, 23312.556213434393, 26306.044104602493, 29541.098601183203, 33114.59859577762, 37015.6152524072]","[509.5, 579.4, 749.2, 819.1, 989.0, 988.9, 1228.7, 1398.5, 1568.3, 1738.2, 1808.1000000000001, 1977.9000000000003, 2147.7, 2217.6000000000004, 2557.3, 2627.2, 2797.0, 2966.8, 3306.5, 3546.2, 3786.0000000000005, 3955.8000000000006, 4125.6, 4465.3, 4774.900000000001, 5114.6, 5524.099999999999, 6033.6, 6513.1, 7911.600000000001, 8421.1, 8830.6, 9240.2, 9749.7, 10429.0, 11178.2]"
14,pessimista,343233714,True,0.08527946472167969,-11757.179310988091,1468.3999999999999,17620.8,16,323.2671444508249,333.3115370369333,22.023282129912122,79.3694042848526,-100.39209085127544,0.8,0.8,1.2857142857142858,8.140554297002625,-126.07158046245036,1045.2456797937682,-13628.84447257565,27,0.0,True,True,-13558.393289195876,-13599.983738390438,0.5267580933557103,"[4355.51761885096, 4712.035237701921, 5068.552856552881, 5425.070475403842, 5860.169489566086, 6351.695854886994, 6921.803615519187, 7548.338727310043, 8174.8738391009, 8801.408950891757, 7427.944062682614, 6054.47917447347, 4681.014286264327, 3307.5493980551837, 1990.5118610047052, 752.0557192655101, -353.98453238703223, -428.67895410325775, -503.3733758194833, -578.0677975357088, -731.3436145632177, -884.6194315907265, -1037.8952486182354, -13191.171065645744, -13344.446882673252, -13554.150050859425, -13628.84447257565, -13571.123004205223, -13456.974184676132, -13342.82536514704, -13172.249194459284, -12923.091628460244, -12673.934062461205, -12368.3491453035, -12062.764228145796, -11757.179310988091]","[479.5, 479.5, 479.5, 479.5, 579.4, 649.3000000000001, 749.2, 819.1, 819.1, 819.1, 819.1, 819.1, 819.1, 819.1, 889.0000000000001, 988.9, 1158.8, 988.9, 988.9, 988.9, 889.0000000000001, 889.0000000000001, 889.0000000000001, 889.0000000000001, 889.0000000000001, 819.1, 988.9, 1158.8, 1228.7, 1228.7, 1298.6000000000001, 1398.5, 1398.5, 1468.3999999999999, 1468.3999999999999, 1468.3999999999999]"
15,pessimista,343243687,True,0.07463550567626953,5352.023876677305,3985.8,47829.600000000006,42,428.61311822166516,576.1480344908653,13.30562236959728,78.89951409057731,-44.01339866438541,1.0,1.0,1.9090909090909092,5.364078514365291,-54.783233847177904,952.4134793406294,-3674.2157946323678,24,2.0783462387325993,True,True,-1657.2206403092987,-3085.7638038654873,1.5113738644739567,"[4364.339393535173, 4786.46120488503, 5286.92932261904, 5844.179858167734, 6535.63873738413, 7305.443922984679, 8132.031526399913, 9015.40154762983, 9977.117875243901, 18589.787336874186, 12717.220690713202, 12196.967646022016, 11755.060907714984, 11234.807863023798, 10849.68354253145, 10464.5592220391, 10079.434901546752, 9694.310581054404, 9309.186260562055, 8924.061940069707, 8673.14596324506, 8500.576292804568, 8384.789040178759, -3674.2157946323678, -2497.3118130986068, -1377.1902493795292, -200.2862678457684, 1054.9640200721462, 1265.2962531275596, 1610.75721038181, 2091.346891834897, 2648.3341138317082, 3194.183753643203, 3846.2817371224, 4565.5484448004345, 5352.023876677305]","[579.4, 649.3000000000001, 749.2, 819.1, 989.0, 1088.9, 1158.8, 1228.7, 1328.6000000000001, 1328.6000000000001, 1908.0000000000002, 1977.9000000000003, 2077.8, 1977.9000000000003, 2147.7, 2147.7, 2147.7, 2147.7, 2147.7, 2147.7, 2317.6, 2417.5, 2487.4, 2557.3, 2557.3, 2487.4, 2557.3, 2657.2000000000003, 2897.0, 3066.8, 3236.6000000000004, 3406.4, 3476.3, 3646.2000000000003, 3816.0000000000005, 3985.8]"
16,pessimista,343253660,True,0.07072663307189941,87016.31918257887,18400.600000000002,220807.2,194,255.21225498046746,516.7244236916382,14.734586517450882,78.67646791743329,-5.293002125672995,1.0,1.0,2.125,2.8884970972916024,285.48466326074526,584.9626932308124,4535.01101317553,1,9.979370343539895,False,True,5575.524005119275,4803.016519763295,2.3842177525802586,"[4535.01101317553, 5071.02202635106, 5743.691331375347, 6626.4342569012, 7621.099517791669, 8833.120194697343, 10286.439703302753, 11957.114627923367, 13813.127216561408, 15942.45638889696, 16264.40502076358, 16812.232843035792, 17546.176621174185, 18252.938691161336, 26896.294330194494, 23104.538062388594, 24883.576582766567, 26848.731059010723, 28842.664994785944, 30958.07434657637, 33206.90253006653, 35605.16729725421, 38270.28514447451, 29190.25723940975, 32337.123582059936, 35598.961837060444, 39336.23379930695, 43285.21713343485, 47613.75417480876, 52129.266631579914, 57109.748124249876, 62373.863324165846, 67905.6510636455, 73869.72963453762, 80246.85840901086, 87016.31918257887]","[649.3000000000001, 649.3000000000001, 819.1, 1088.9, 1228.7, 1498.4, 1808.1000000000001, 2077.8, 2317.6, 2657.2000000000003, 2896.9, 3236.6000000000004, 3646.2000000000003, 3816.0000000000005, 4295.5, 6033.6, 6373.300000000001, 6782.9, 7022.6, 7292.300000000001, 7602.000000000001, 7941.600000000001, 8451.1, 9030.5, 9609.9, 10049.5, 10868.6, 11547.900000000001, 12367.000000000002, 13016.300000000001, 13935.400000000001, 14754.500000000002, 15503.7, 16422.7, 17411.7, 18400.600000000002]"
17,pessimista,343263633,True,0.06850886344909668,102048.02791876646,23545.200000000004,282542.4,248,328.71825761950436,1102.2611415813249,6.97993501288165,79.45284679233671,-1.7130773084609638,1.0,1.0,2.125,3.821852029525179,348.1167829948602,451.7100593089674,4579.735064475009,1,9.333798942938392,False,True,5798.157915883489,4898.696607343831,3.9117112654607826,"[4579.735064475009, 5217.658150212654, 5991.657837773768, 6901.734127158352, 8078.176972083422, 9390.696418831962, 10890.693840560152, 12526.767864111813, 14356.10651074958, 16508.999734190467, 16924.23562732342, 17475.74472410332, 18214.968397686334, 18983.616694355456, 20116.01616965117, 21345.996869856463, 22871.80874868834, 24625.491806146812, 26549.85802096924, 28730.055414418257, 31138.123986493865, 33888.43977972134, 36889.59533213624, 28271.926686263832, 32074.3163338567, 36013.885181338796, 40482.70643235706, 45418.042019365865, 50837.07996362785, 56581.57031142601, 62849.76301647735, 69630.8861000445, 76839.79154086484, 84662.21650006002, 92996.54041833186, 102048.02791876646]","[579.4, 649.3000000000001, 819.1, 988.9, 1328.6000000000001, 1498.4, 1738.2, 1908.0000000000002, 2147.7, 2557.3, 2897.0, 3236.6000000000004, 3646.2000000000003, 3885.9, 4465.3, 4874.8, 5454.2, 6033.6, 6543.1, 7122.5, 7701.900000000001, 8421.1, 9100.400000000001, 9919.5, 10868.6, 11517.900000000001, 12506.800000000001, 13595.699999999999, 14754.500000000002, 15743.400000000001, 16902.2, 18130.9, 19289.7, 20648.3, 21976.9, 23545.200000000004]"
18,pessimista,343273606,True,0.06995177268981934,144946.8020483863,90228.70000000001,1082744.4000000001,913,202.16199835072757,1065.907473278603,7.48869404277014,78.58504383193691,9.845639315040973,1.0,1.0,2.8333333333333335,2.7654369730432897,3661.1700512096577,143.16501165225804,1180.9038955591216,6,2.2643053367892474,False,True,1315.3058206155422,1201.6837785612222,5.464178362746395,"[3097.6006840004334, 2330.580772987776, 1828.7439335932725, 1461.2864991856777, 1222.4636615633228, 1180.9038955591216, 1346.253206966282, 1657.7189891852975, 2074.103581378131, 2810.9840493697284, 3850.046398953298, 5282.134296760084, 7042.8634811457505, 9054.667946317091, 11700.296769685465, 14857.10761208891, 18578.2822176763, 22880.673985641337, 27965.565195007977, 33748.97663837041, 40345.75198235989, 47882.6597695127, 56468.69393389761, 54133.849618857195, 56861.44557422728, 60772.8589259708, 66662.4412281042, 74415.73555224562, 84165.62070836888, 89723.98656647952, 97828.03421557535, 108788.31059148685, 122663.46050998106, 125126.35657765745, 132957.46077713644, 144946.8020483863]","[579.4, 749.2, 1088.9, 1258.7, 1428.5000000000002, 1768.2, 2207.8, 2617.4, 2957.0, 3536.4, 4215.700000000001, 5064.900000000001, 5914.0, 6663.200000000001, 7852.0, 9110.8, 10469.400000000001, 11897.900000000001, 13626.2, 15394.400000000001, 17332.5, 19510.2, 21957.800000000003, 24575.100000000002, 27901.800000000003, 31098.500000000004, 35244.3, 39729.8, 44554.9, 49859.5, 55803.5, 62466.8, 69569.6, 76702.4, 83535.5, 90228.70000000001]"
19,pessimista,343283579,True,0.07138228416442871,82860.61966009426,17631.800000000003,211581.60000000003,182,360.1655599126236,1128.6168049986663,6.995324668150296,78.80240318554367,2.727829090114718,1.0,1.0,1.2916666666666667,4.223197366081091,268.16924858372613,373.6180920193839,4825.227368700393,1,9.780514765256624,False,True,6476.045560280017,5267.327386587835,3.3914684304247564,"[4825.227368700393, 5709.427404475277, 6731.584945548263, 15810.888565245594, 12363.562012987324, 14440.715460729054, 16575.841575545277, 18683.0076903615, 20790.173805177725, 23035.29742529205, 23350.458550704476, 23785.329984668853, 24262.23892393133, 24751.21270141742, 25445.829454529947, 26234.50855116419, 27240.89546164848, 28409.030185982825, 29631.26725383888, 31071.212135544985, 32543.247189623686, 34244.99005755244, 36188.46557755485, 34131.544545300356, 31453.955871567043, 34474.65984990739, 37813.08181447038, 41435.31393640514, 45409.34105393526, 49593.20615768804, 54190.53906029003, 59107.667454412775, 64378.64351120538, 70041.14003392169, 76205.11452785983, 82860.61966009426]","[679.3000000000001, 749.2, 919.0, 1158.8, 2347.6, 2347.6, 2417.5, 2417.5, 2417.5, 2587.3, 2757.1, 2996.9, 3166.7000000000003, 3266.6000000000004, 3576.3, 3846.0000000000005, 4255.6, 4665.2, 4934.900000000001, 5344.5, 5584.200000000001, 5993.8, 6503.300000000001, 6912.799999999999, 8681.0, 9190.5, 9839.800000000001, 10519.1, 11298.300000000001, 11947.6, 12796.800000000001, 13615.900000000001, 14465.000000000002, 15384.1, 16473.0, 17631.800000000003]"
20,pessimista,343293552,True,0.08323454856872559,68155.16514731497,16243.100000000002,194917.2,169,282.1725905404902,643.7624906713204,12.247595829895953,80.818585421985,-6.422973279691687,1.0,1.0,2.0,2.9818164543354855,206.8965214471457,500.67624639382404,4596.97068810382,1,8.783352879988684,False,True,5827.9312414825345,4936.422058545523,2.759616602432099,"[4596.97068810382, 5275.873428987226, 6011.9505123143035, 6805.2019380850525, 7814.055478317504, 9018.189756216883, 10495.100491021636, 12110.117621049647, 13863.241146300914, 15865.38341812164, 16005.632085165624, 16283.987147432865, 16782.325173073958, 17282.889593938307, 18045.484814151703, 18839.52077203203, 19891.38523959731, 20962.690444829524, 22268.06644941078, 23685.815244438552, 25240.500496371696, 26911.76082841544, 28812.889670144144, 18925.303653665564, 21256.800489315614, 23660.710115412177, 26588.681340206833, 29795.136154797045, 33308.074559182816, 37208.42860614373, 41509.97630458232, 46130.97964559606, 50937.574523625764, 56228.71938667429, 61950.27224364416, 68155.16514731497]","[579.4, 679.3000000000001, 749.2, 819.1, 1088.9, 1328.6000000000001, 1668.3000000000002, 1838.1000000000001, 2007.9, 2317.6, 2487.4, 2657.2000000000003, 2996.9, 3166.7000000000003, 3576.3, 3816.0000000000005, 4255.6, 4495.3, 4904.900000000001, 5244.5, 5584.200000000001, 5893.800000000001, 6333.400000000001, 6812.9, 7322.400000000001, 7662.000000000001, 8481.2, 9230.400000000001, 9979.6, 10828.7, 11747.800000000001, 12596.900000000001, 13246.199999999999, 14165.2, 15154.2, 16243.100000000002]"
21,pessimista,343303525,True,0.0904686450958252,18482.857362335562,6922.700000000001,83072.40000000001,73,314.2504127660004,644.5911589246301,11.90518104770586,79.6463290369134,-30.66224824242013,1.0,1.0,1.8,3.571241086015122,-0.07142765693516442,637.6701050151091,3132.96071065839,24,4.857152208047215,False,True,4287.895701737013,3455.5108669311735,2.3822135004939478,"[4660.1257098409405, 5321.251419681881, 6039.272855333732, 6814.190016796493, 7725.771327313869, 8767.911896663085, 9816.157356235075, 11051.857800449816, 12367.326667908263, 13796.58698698853, 13305.615729312502, 12945.203730468313, 12721.455880678739, 12554.603756700077, 12524.415781776028, 12681.68279149473, 12846.480071557267, 13028.213077430715, 13238.881809115073, 13501.358964043135, 13780.771844782106, 14162.78398435292, 14613.500272978348, 3132.96071065839, 3778.061023203957, 4457.840594581365, 5320.115766635209, 6325.774346575508, 7389.112801381332, 8623.794664073612, 9916.156401631417, 11329.07071148754, 12878.455731797327, 14577.289050216343, 16407.505776521815, 18482.857362335562]","[509.5, 509.5, 579.4, 649.3000000000001, 819.1, 989.0, 988.9, 1228.7, 1328.6000000000001, 1468.3999999999999, 1568.3, 1738.2, 1908.0000000000002, 1977.9000000000003, 2147.7, 2387.5, 2487.4, 2557.3, 2627.2, 2727.1, 2797.0, 2966.9, 3136.7000000000003, 3306.5, 3546.2, 3716.1, 4025.7000000000003, 4365.400000000001, 4605.1, 4944.8, 5184.5, 5454.2, 5763.900000000001, 6103.500000000001, 6443.200000000001, 6922.700000000001]"
22,pessimista,343313498,True,0.07117652893066406,92355.44514718611,22796.0,273552.0,240,304.87537725402603,708.0281342998074,10.830941767801365,79.06110648682483,-7.637432526997295,1.0,1.0,2.5,3.163764028917756,307.7310214466088,512.043253447728,4402.865908200529,1,8.693244181449298,False,True,5311.906275676688,4633.364113684438,2.9601871987118162,"[4402.865908200529, 4863.862319168346, 5461.254261179469, 6185.89020080392, 7046.921671471677, 8044.348673182738, 9362.545706317722, 10874.2687732633, 12649.631368865512, 14697.785026554335, 14939.464718053752, 15501.914440977092, 16198.703346823766, 16953.138286481033, 18068.85878860553, 19273.589322153948, 20723.666448832282, 22290.753606934537, 24071.901299228004, 26070.435584651386, 28185.979901498693, 30594.849780813227, 33229.125222594994, 24145.936729611276, 27396.58933013809, 30906.127046916874, 34967.0108603541, 39334.29129834517, 44169.03783299467, 49494.55549257863, 55280.03581052702, 61573.49775617716, 68289.81082676175, 75672.59558160012, 83613.97202069228, 92355.44514718611]","[579.4, 649.3000000000001, 819.1, 989.0, 1158.8, 1328.6000000000001, 1738.2, 1977.9000000000003, 2317.6, 2657.2000000000003, 2896.9, 3306.5, 3646.2000000000003, 3885.9, 4465.3, 4874.900000000001, 5384.3, 5793.900000000001, 6273.400000000001, 6782.8, 7192.4, 7771.8, 8351.2, 9000.5, 9749.7, 10459.0, 11517.900000000001, 12436.900000000001, 13495.800000000001, 14654.600000000002, 15813.300000000001, 17042.0, 18200.800000000003, 19629.300000000003, 21057.800000000003, 22796.0]"
23,pessimista,343323471,True,0.07412481307983398,-9802.4289433246,1468.3999999999999,17620.8,16,457.23749686712904,488.95324517825225,15.564498719837882,79.46709537310933,-97.26745524721487,1.0,1.0,1.1666666666666667,9.855279110197635,-117.9267872638525,1017.420003632431,-12276.639318777372,24,0.0,True,True,-12072.192178449788,-12218.225850112347,0.6136837245944398,"[4616.186363304969, 5233.372726609938, 5850.5590899149065, 6467.745453219875, 7084.931816524844, 7702.118179829813, 8319.304543134782, 8936.49090643975, 9553.67726974472, 10170.863633049688, 8788.049996354657, 7462.251777876256, 6215.1745630387595, 4968.097348201263, 3778.0355515803963, 2719.3912525845403, 1665.0658778212076, 742.1580006828858, -123.73445823880638, -6.90752090875867, 109.91941642128904, -510.2931934374683, -393.4662561074206, -12276.639318777372, -12159.812381447324, -12042.985444117276, -11847.437503146322, -11651.889562175369, -11456.341621204416, -11260.793680233463, -11065.24573926251, -10869.697798291556, -10674.149857320603, -10421.586498133021, -10112.00772072881, -9802.4289433246]","[579.4, 579.4, 579.4, 579.4, 579.4, 579.4, 579.4, 579.4, 579.4, 579.4, 579.4, 649.3000000000001, 749.2, 749.2, 819.1, 989.0, 988.9, 1158.8, 1228.7, 1228.7, 1228.7, 1228.7, 1228.7, 1228.7, 1228.7, 1228.7, 1328.6000000000001, 1328.6000000000001, 1328.6000000000001, 1328.6000000000001, 1328.6000000000001, 1328.6000000000001, 1328.6000000000001, 1398.5, 1468.3999999999999, 1468.3999999999999]"
24,pessimista,343333444,True,0.07250237464904785,5750.991056034165,3336.5,40038.0,35,394.0525095556587,468.4261847477976,16.631041223818972,76.86066435173586,-87.10754130298699,1.0,1.0,3.8,6.0808993590050875,-53.120870599857625,1425.9892523700526,-3079.192097548421,24,2.474532174211818,True,True,-2019.7149828331696,-2776.4843504869204,1.2428912696652874,"[4509.74926747458, 5020.49853494916, 5531.24780242374, 6041.99706989832, 6552.7463373729, 7063.49560484748, 7712.428463486753, 16161.553654583711, 12063.234496469751, 20973.948312927383, 15105.457780174096, 14677.567889534716, 14169.028380854355, 13602.954899050283, 13094.415390369923, 12585.875881689562, 12077.336373009202, 11568.796864328842, 11140.906973689462, 10713.017083050081, 10204.477574369721, 9776.58768373034, 9348.69779309096, -3079.192097548421, -2473.77660342542, -1868.3611093024194, 6537.246717278267, 979.2344279266335, 1149.5021385750006, 1319.7698492233676, 9290.229892329418, 3951.6602014621712, 4381.330510594925, 4811.000819727678, 5240.671128860432, 5750.991056034165]","[509.5, 509.5, 509.5, 509.5, 509.5, 509.5, 679.3000000000001, 749.2, 1328.6000000000001, 1328.6000000000001, 1908.0000000000002, 1838.1000000000001, 1738.2, 1668.3000000000002, 1738.2, 1738.2, 1738.2, 1738.2, 1838.1000000000001, 1838.1000000000001, 1738.2, 1838.1000000000001, 1838.1000000000001, 1838.1000000000001, 1838.1000000000001, 1838.1000000000001, 1908.0000000000002, 2587.3, 2587.3, 2587.3, 2657.2000000000003, 3236.6000000000004, 3236.6000000000004, 3236.6000000000004, 3236.6000000000004, 3336.5]"
25,pessimista,343343417,True,0.09448838233947754,50300.37303672827,12466.9,149602.8,131,323.2080139706215,603.3739929758796,13.029259198966889,81.32155892459744,-16.30248680629198,1.0,1.0,2.230769230769231,3.1751480535312497,132.50155431970109,590.966183010817,4329.306601071505,1,8.232511046385063,False,True,5068.051153753002,4522.844656491056,2.4140404891824168,"[4329.306601071505, 4716.382711910608, 5185.2739677004665, 5710.934733257924, 6455.459724482422, 7338.569370425274, 8417.03318085408, 9771.130726717525, 11320.582437066923, 13063.852737900204, 12945.70769345184, 13022.916813489428, 13318.990159194058, 13671.833014666287, 14301.845179575223, 15125.612378767884, 15927.038597495744, 16811.12947094196, 17902.934079822815, 19054.212853189623, 20328.47585222347, 21690.17301574327, 23151.34434374902, 12930.854061907768, 14838.967025268754, 16721.824643348093, 19007.750161348024, 21476.13406950095, 24211.705877574466, 27186.50558556858, 30320.253622534594, 33870.27864013748, 37479.56811212784, 41465.86062898954, 45708.19055553943, 50300.37303672827]","[579.4, 649.3000000000001, 749.2, 819.1, 1088.9, 1258.7, 1498.4, 1838.1000000000001, 2077.8, 2317.6, 2487.4, 2727.1, 2996.9, 3066.8, 3406.4, 3746.1000000000004, 3885.9, 4055.7000000000003, 4395.400000000001, 4635.1, 4904.900000000001, 5144.6, 5384.3, 5893.800000000001, 6303.400000000001, 6473.200000000001, 7052.6, 7562.100000000001, 8141.5, 8720.900000000001, 9200.300000000001, 9949.6, 10389.1, 11068.400000000001, 11717.7, 12466.9]"
26,pessimista,343353390,True,0.0909574031829834,33969.54563154579,12696.800000000001,152361.6,132,202.78256440405173,922.5234067833545,8.667850751609462,80.02220409045533,-1.2613075743055413,1.0,1.0,1.8888888888888888,3.2527697932670536,886.7386407886448,418.38077432576586,-3698.2897746108792,24,5.5227051056175815,True,True,-524.4929199182652,-2114.8096026595113,4.022418386351773,"[3040.5096642063027, 2082.0193284126053, 1180.5231998453805, 361.05135013924416, -401.42629234041976, -531.3294307081433, -522.2140829883059, -456.10452804199633, -307.9706942345981, -102.84265320072768, 184.3096666942315, 227.92979188722347, 395.62261039424857, 439.6239149888347, 682.7473037425423, 986.0033858102831, 1460.4215520371456, 1994.9724115780411, 2700.6853552780585, 3466.5309922921087, 4403.538713465279, 5482.703406813574, 6832.08867040855, -3698.2897746108792, -169.7540124038369, 3301.7875425767334, 5070.623875030458, 7070.754984957339, 9384.205151218463, 11888.990094952742, 14764.088302247736, 17941.579773103444, 21339.44022865878, 25104.684019409448, 29370.368950653483, 33969.54563154579]","[509.5, 509.5, 579.4, 679.3000000000001, 749.2, 919.1000000000001, 1088.9, 1158.8, 1258.7, 1328.6000000000001, 1428.5000000000002, 1668.3000000000002, 1908.0000000000002, 2077.8, 2417.5, 2657.2000000000003, 2996.9, 3236.6000000000004, 3576.3, 3816.0000000000005, 4155.7, 4495.3, 5004.8, 5414.400000000001, 5484.3, 5414.400000000001, 5993.8, 6573.200000000001, 7252.500000000001, 7831.9000000000015, 8581.1, 9330.3, 9979.6, 10758.8, 11777.800000000001, 12696.800000000001]"
27,pessimista,343363363,True,0.08213686943054199,1151.8678225879955,2657.2000000000003,31886.4,28,344.65891739306267,771.2582068445457,10.312456182893998,81.05796343284656,-70.21858516148252,1.0,1.0,2.2,5.888363740722322,-72.28388407254998,890.7869125186539,-8068.3288506715435,24,0.5795443897117561,True,True,-6765.061853905261,-7695.966851595463,1.771260511585579,"[4683.765788724471, 5368.531577448943, 6053.297366173414, 6738.063154897885, 7422.828943622357, 8107.594732346828, 8792.3605210713, 9534.74006391778, 10334.733360886266, 11215.929679871417, 10288.923602543051, 9366.550451788882, 8578.361150599188, 7790.171849409495, 7059.59630234181, 6410.223777290788, 5818.465006361775, 5307.909257449425, 4854.967262659084, 4536.209117433218, 4275.06472632936, 4095.123357242166, 3972.79574227698, -8068.3288506715435, -7323.604852519382, -6578.88085436722, -5752.953834198395, -4869.4130599075625, -3985.8722856167296, -3102.331511325897, -2084.606887470588, -1009.2685094932713, 8.456114362037397, 620.2744923393541, 879.4296464553429, 1151.8678225879955]","[509.5, 509.5, 509.5, 509.5, 509.5, 509.5, 509.5, 579.4, 649.3000000000001, 749.2, 989.0, 988.9, 1158.8, 1158.8, 1228.7, 1328.6000000000001, 1398.5, 1498.4, 1568.3, 1738.2, 1808.1000000000001, 1908.0000000000002, 1977.9000000000003, 2077.8, 1977.9000000000003, 1977.9000000000003, 2077.8, 2147.7, 2147.7, 2147.7, 2317.6, 2387.5, 2317.6, 2387.5, 2557.3, 2657.2000000000003]"
28,pessimista,343373336,True,0.06818103790283203,119575.67800458778,42635.0,511620.0,450,248.7594568504708,839.443263530944,9.258919803932631,79.43345148207067,3.600623078998936,1.0,1.0,2.263157894736842,3.0582056327244107,421.1486583524491,153.9140392743535,4698.796100008971,1,4.34206772489482,False,True,6210.8005353761,5089.022796586269,3.7646535385542097,"[4698.796100008971, 5479.249493163567, 6454.650882780278, 7615.836887357269, 8995.482829883756, 10618.058739028767, 12459.094586123274, 14543.060399836304, 16845.48615149883, 19424.503670801045, 20087.326479711, 21075.69919318897, 22213.04451808934, 23562.834395899485, 25308.01682308152, 27272.05450648982, 29575.564739270012, 32097.930228276466, 35016.913618313054, 38336.08882102357, 41967.4738662516, 45996.214105655396, 50499.4768610496, 51316.53957475417, 52256.72039528459, 58985.65831809668, 66652.43130627107, 75060.79130129515, 84313.0290064854, 85933.88171498745, 88569.1740417616, 92189.29471996789, 96918.47495439576, 103057.48735646761, 110528.8226294999, 119575.67800458778]","[649.3000000000001, 749.2, 988.9, 1228.7, 1498.4, 1808.1000000000001, 2077.8, 2387.5, 2657.2000000000003, 3136.7000000000003, 3476.3, 4055.7000000000003, 4535.200000000001, 5044.7, 5793.900000000001, 6443.200000000001, 7192.4, 7841.700000000001, 8660.800000000001, 9579.900000000001, 10429.0, 11348.0, 12406.9, 13495.800000000001, 16532.5, 17791.2, 19599.300000000003, 21437.4, 23415.300000000003, 25493.1, 27810.7, 30198.100000000002, 32785.4, 35852.200000000004, 39058.8, 42635.0]"
29,pessimista,343383309,True,0.08501124382019043,13010.43077164954,6882.799999999999,82593.59999999999,72,249.93792236432546,418.965634485894,18.238388110393824,76.88670441586791,-14.368529585058926,0.8,0.8,1.2142857142857142,3.2984741484293374,362.7607692912385,834.777244281188,-4542.441800428131,24,1.3938159239755443,True,True,-1477.8205723574602,-3654.7232579721813,1.9040203481355946,"[2926.3128218834136, 9503.063195498282, 10995.102476947017, 4950.529626232692, 4578.448959767706, 4217.763399269183, 3878.0551645293262, 3538.34692978947, 3198.6386950496135, 2858.930460309757, 2575.7471196034376, 2407.3342688891125, 2304.464204515336, 2133.6341401415593, 2098.551891518444, 2131.2974586459895, 9802.085471538532, 4718.442556450431, 5171.279641362329, 5624.116726274227, 6020.428917152589, 6444.70110803095, 6925.498192942849, -4542.441800428131, -2767.0047155162315, -1048.0925246378697, 806.5674819911524, 1488.6551689942607, 2210.57067174803, 3056.8388842859977, 3997.2147771980517, 5056.641407577891, 6200.460747741928, 7517.610689997175, 16540.590893768072, 13010.43077164954]","[409.6, 409.6, 1088.9, 1568.3, 1398.5, 1328.6000000000001, 1328.6000000000001, 1328.6000000000001, 1328.6000000000001, 1328.6000000000001, 1398.5, 1568.3, 1738.2, 1738.2, 1908.0000000000002, 2077.8, 2147.7, 3306.5, 3306.5, 3306.5, 3236.6000000000004, 3236.6000000000004, 3306.5, 3406.4, 3306.5, 3236.6000000000004, 3406.4, 3646.2000000000003, 3816.0000000000005, 4055.7000000000003, 4295.5, 4565.200000000001, 4804.900000000001, 5144.6, 5384.3, 6882.799999999999]"
30,pessimista,343393282,True,0.07212495803833008,244417.0859065904,113490.70000000001,1361888.4000000001,1193,213.42915938951143,1274.5216281345308,6.000000000000001,80.31801775552545,8.34511373600092,1.0,1.0,2.7586206896551726,2.7437977644874545,941.32119127746,205.55945842188802,4584.881930634588,1,3.4013592472191996,False,True,6198.532530474028,4975.55871379331,6.238281147217833,"[4584.881930634588, 5366.235496952032, 6475.9648749813605, 7914.070064722573, 9761.936682197542, 11943.703561207732, 14592.274877782173, 17544.401764702885, 20788.616099018338, 24459.729112772275, 26643.425385632836, 29337.170533621895, 32639.433182591816, 36400.90771652073, 41177.043785355636, 46668.92062653712, 53166.386592123235, 68342.0820287645, 72538.57850908542, 74767.35978341896, 78221.93070522757, 83320.47530843639, 90227.08796476446, 87065.01077937895, 98110.06333638166, 104831.49165543358, 114509.80865784743, 127058.5705589742, 143191.42857859857, 147822.9027289796, 157890.4255504635, 171916.93601895557, 182995.8703689282, 198905.55832658708, 219407.3694936899, 244417.0859065904]","[749.2, 988.9, 1398.5, 1808.1000000000001, 2317.6, 2727.1, 3306.5, 3885.9, 4535.200000000001, 5384.3, 6443.200000000001, 7602.000000000001, 8930.6, 10159.300000000001, 12027.400000000001, 13835.4, 15983.2, 18130.9, 22696.100000000002, 25623.1, 28589.9, 32096.200000000004, 36082.100000000006, 40447.4, 45352.3, 50397.0, 56560.50000000001, 63173.5, 70565.8, 77378.6, 84121.6, 90395.0, 96218.8, 102212.6, 107906.60000000002, 113490.70000000001]"
31,pessimista,343403255,True,0.0723106861114502,34931.400741029734,10119.4,121432.79999999999,106,214.58004407006342,600.4975661482505,13.014448593045552,79.46089414051168,-11.155123748583401,1.0,1.0,3.857142857142857,3.060952945197596,910.7850185257433,591.9266631138192,-1638.3529106084898,24,3.4703477960718296,False,True,-1147.1451701859214,-1437.08577372919,2.584597284535055,"[3076.584775012807, 2154.1695500256137, 1288.6984449782171, 480.17145987061747, -328.3555252369822, -663.8557921581447, -919.19363003127, -1117.5873479645986, -1235.81863684989, 6506.511617603206, 1161.3364992074057, 1421.82792979944, 1728.2876002710673, 2058.9896997907317, 2543.07431447377, 3068.345478144641, 3662.8031908033463, 4382.683418625424, 5200.694315375132, 6139.386036396454, 7027.101877357573, 8023.964267306526, 9090.013206243313, -1638.3529106084898, 1322.9625773161306, 2663.7830094521614, 4256.116625679196, 5930.863339881898, 7880.381547283845, 9956.548818836996, 12200.033308305614, 14747.273410913273, 17473.365006720174, 20463.212215666117, 23688.8550377511, 34931.400741029734]","[509.5, 509.5, 579.4, 649.3000000000001, 649.3000000000001, 649.3000000000001, 749.2, 819.1, 919.0, 1088.9, 2417.5, 2587.3, 2727.1, 2827.0, 3066.8, 3236.6000000000004, 3406.4, 3646.2000000000003, 3885.9, 4155.7, 4225.6, 4395.400000000001, 4565.200000000001, 4904.900000000001, 4735.0, 5074.7, 5554.200000000001, 5893.800000000001, 6403.300000000001, 6812.9, 7222.4, 7801.8, 8311.300000000001, 8890.7, 9470.1, 10119.4]"
32,pessimista,343413228,True,0.0722963809967041,69459.28380436935,19709.6,236515.19999999998,204,251.2481667502061,941.4050930841347,8.554151167318706,79.66812217223845,-2.7769671481420835,1.0,1.0,3.4,3.5981177956965555,1773.9820951092338,534.8958109443141,-512.1444852004697,6,7.723284364544203,False,True,-305.9625853601657,-453.23537096038285,3.6109259775313594,"[2813.6513501533477, 1628.3027003066954, 581.1016506467131, -276.50802824012226, -394.326256720296, -512.1444852004697, 7181.849855544928, 1830.3751355129289, 2085.6080156676, 2411.06849600894, 2938.7393425054825, 3468.677789188695, 4120.2876066450535, 4814.125024288082, 5767.781412890928, 6833.8930018671135, 8091.903561803116, 9462.369322112458, 11024.734053381617, 12831.536750992647, 14762.278419563496, 16805.47528850768, 19178.718728598353, 9786.088739835513, 12708.124317601214, 15766.717861708787, 19283.15418195413, 23098.91506411007, 27339.0128835677, 31815.504874358485, 36866.481402637626, 42356.06246840513, 48209.87391049707, 54680.437490264034, 61791.81597367456, 69459.28380436935]","[509.5, 509.5, 679.3000000000001, 919.1000000000001, 919.0, 919.0, 1088.9, 2417.5, 2587.3, 2757.1, 3096.8, 3266.6000000000004, 3506.4, 3676.2000000000003, 4085.8, 4425.400000000001, 4835.0, 5174.6, 5584.200000000001, 6093.700000000001, 6503.300000000001, 6842.9, 7422.3, 8001.700000000001, 8681.0, 9190.5, 10009.6, 10788.8, 11707.9, 12457.100000000002, 13546.0, 14634.900000000001, 15623.8, 16882.5, 18311.1, 19709.6]"
33,pessimista,343423201,True,0.07799959182739258,125168.31142169177,25583.2,306998.4,268,313.84759642201584,707.1677940811728,11.004721373963552,77.99545171333133,4.738328207550163,1.0,1.0,2.227272727272727,3.4544660716273423,444.4512975903824,670.2718092772868,4564.667804520635,1,6.085525583470757,False,True,10722.159980707898,7032.960475905755,2.610368019417714,"[4564.667804520635, 13153.293999206082, 9501.253147290874, 11129.12892518024, 12814.006257693527, 14579.144550271645, 16532.23054281224, 26531.53433095856, 23948.15980568867, 26840.451425757336, 27802.045560514758, 28889.983764584857, 38116.20746422316, 34634.328885690724, 36725.4189671856, 39005.83926333171, 41396.94458885533, 43977.420129030186, 46719.26588385627, 49628.79822268379, 52699.74077616254, 56172.83642448702, 59881.686356775404, 51873.54997846861, 56193.42884419056, 60733.101993876415, 65800.7380875535, 71266.773494572, 77205.19280564655, 83575.99602077715, 90362.24010387309, 97730.17060571384, 105680.08848636421, 114336.7220403458, 123622.46763700881, 125168.31142169177]","[579.4, 649.3000000000001, 1838.1000000000001, 1908.0000000000002, 1977.9000000000003, 2077.8, 2317.6, 2417.5, 4055.7000000000003, 4225.6, 4395.400000000001, 4635.1, 4974.8, 6712.9, 7052.6, 7462.200000000001, 7801.8, 8211.400000000001, 8621.0, 9030.5, 9440.1, 10149.4, 10798.7, 11478.0, 12227.200000000003, 12876.5, 13865.5, 14854.400000000001, 15943.300000000001, 17032.2, 18091.0, 19349.7, 20708.3, 22276.7, 23845.0, 25583.2]"
34,pessimista,343433174,True,0.10242629051208496,50948.12222655707,10619.0,127428.0,110,376.4823352778769,656.2124567239771,11.961535862922196,75.90812932864407,-1.8583696230912738,1.0,1.0,1.6818181818181819,4.246589350791117,1311.2030556639268,862.0626703329272,2177.0742953582167,2,9.418166433024172,False,True,4718.793034958106,2632.5557215186627,1.927257258043314,"[3088.0371476791083, 2177.0742953582167, 9106.210158226042, 10861.213131832123, 5262.378330717772, 12951.632290574631, 15379.965784086911, 10402.323658880548, 10954.260126861322, 11480.460287570768, 12046.620448280215, 12612.780608989662, 13260.597076970435, 13868.453544951208, 22316.408728120696, 17960.38015792527, 19100.87158772984, 20241.363017534408, 29164.54245912126, 25172.63113666544, 26745.15981420962, 28375.09919516023, 30034.48927951727, 19747.57567114564, 21478.112766180442, 23307.649112026316, 25347.359479227704, 27574.666811324358, 30043.2274155876, 32504.46573393503, 35147.95807363797, 37979.04737823618, 40912.32294432322, 43987.85253176577, 47308.389787510016, 50948.12222655707]","[509.5, 509.5, 579.4, 1328.6000000000001, 2247.7000000000003, 2077.8, 2927.0, 3816.0000000000005, 3676.2000000000003, 3576.3, 3576.3, 3576.3, 3676.2000000000003, 3676.2000000000003, 3746.1000000000004, 5004.8, 5004.8, 5004.8, 5004.8, 6093.700000000001, 6093.700000000001, 6163.6, 6233.5, 6333.400000000001, 6403.300000000001, 6573.200000000001, 6912.799999999999, 7322.400000000001, 7831.9000000000015, 8071.6, 8411.2, 8820.800000000001, 9160.5, 9500.1, 9979.6, 10619.0]"
35,pessimista,343443147,True,0.07979512214660645,-5348.186420863639,1908.0000000000002,22896.000000000004,20,663.2020062372275,775.3006703862336,10.226534521193617,77.92691628251191,-127.27861453753614,1.0,1.0,1.6,18.771511308288662,-99.3674434202652,1516.8407077659435,-11174.580410824736,24,0.0,True,True,-10572.196507077659,-11002.470724039857,0.5842985220246532,"[4362.997252878255, 4726.994505756509, 5090.991758634764, 5454.989011513018, 5818.986264391273, 14010.98901760929, 9549.298704394168, 10109.060078250146, 10668.821452106124, 11228.582825962101, 9788.344199818079, 8348.105573674056, 6965.6699488626045, 13411.239824390916, 7232.0550769829515, 6198.162016646085, 5164.268956309219, 4130.375895972353, 3096.4828356354865, 2062.58977529862, 1028.6967149617537, 7822.80915496465, 1663.5485285344084, -11174.580410824736, -10830.361037254977, -10486.14166368522, -10011.498963598606, -9536.856263511992, -9062.21356342538, -8587.570863338766, -8112.928163252152, -7638.285463165539, -7163.642763078926, -6631.19706165974, -6018.593241927975, -5348.186420863639]","[509.5, 509.5, 509.5, 509.5, 509.5, 509.5, 749.2, 749.2, 749.2, 749.2, 749.2, 749.2, 819.1, 819.1, 1258.7, 1258.7, 1258.7, 1258.7, 1258.7, 1258.7, 1258.7, 1258.7, 1498.4, 1498.4, 1498.4, 1498.4, 1668.3000000000002, 1668.3000000000002, 1668.3000000000002, 1668.3000000000002, 1668.3000000000002, 1668.3000000000002, 1668.3000000000002, 1738.2, 1838.1000000000001, 1908.0000000000002]"
36,pessimista,343453120,True,0.09903645515441895,10092.883221864126,5484.3,65811.6,57,163.5585520481849,647.2370577440138,12.098436250326056,79.00253956083937,-17.975632271994023,1.0,1.0,1.375,4.598590140144076,289.8220805466031,765.9885682788995,-8308.592824371774,24,3.164263063033462,True,True,-3486.213092222175,-7535.254637884395,2.214989773749341,"[3053.369549813212, 2107.739099626424, 1220.0147026801528, 390.1963589743988, -359.536814517627, -616.227350511176, -872.9178865047251, -1129.6084224982742, -1386.2989584918232, -1585.083441244855, -1652.438183594689, -1639.7077557307948, -1569.0712746263835, -1498.434793521972, -1289.8070889633154, -1023.2733311641416, -545.2246627480413, -67.17599433194096, 410.87267408415937, 8073.522728417298, 2655.4981375346106, 2927.7795998924407, 3303.5308026534694, -8308.592824371774, -6761.916451397017, 2498.6900840405306, -2394.3119724972275, -128.51402903498592, 2137.2839144272557, 2986.713081343743, 3979.737158877156, 4980.653342891605, 6063.640750360299, 7290.223068445919, 8604.7826632263, 10092.883221864126]","[509.5, 509.5, 579.4, 649.3000000000001, 749.2, 749.2, 749.2, 749.2, 749.2, 819.1, 989.0, 1088.9, 1158.8, 1158.8, 1328.6000000000001, 1398.5, 1668.3000000000002, 1668.3000000000002, 1668.3000000000002, 1738.2, 2657.2000000000003, 2727.1, 2897.0, 2996.9, 2996.9, 2897.0, 3885.9, 3885.9, 3885.9, 4055.7000000000003, 4325.5, 4465.3, 4635.1, 4904.900000000001, 5144.6, 5484.3]"
37,pessimista,343463093,True,0.08586406707763672,9453.981292834667,3336.5,40038.0,35,380.7774628593771,412.0792399050984,18.90212700316452,77.09879219935429,-83.78162681553717,0.8,0.8,1.5714285714285714,5.446542048282409,-37.691744613188874,1410.3729642645067,-2972.226680474445,24,3.9781721197659063,False,True,-1746.627926459445,-2592.8927428719026,1.0808289205344879,"[4623.1117035552, 5247.223407110399, 13657.905350281353, 9373.999381018168, 10270.297824823761, 11109.835532124787, 12006.133975930381, 12959.193156240544, 13991.584970171336, 15023.976784102128, 14056.36859803292, 13227.560225695166, 12398.751853357413, 11569.94348101966, 10797.895845186476, 10025.848209353293, 9333.133207140738, 8640.418204928183, 8004.463939220196, 7425.270410016779, 14632.647120429116, 9084.236282374794, 9111.424707815902, -2972.226680474445, -2213.55880526936, -1590.9843001894733, 6818.160444506166, 9095.905849813424, 3948.0024126211138, 4279.604868799037, 12414.324930972085, 7406.275414140997, 7962.452527184711, 8529.788903723856, 8986.285466531546, 9453.981292834667]","[409.6, 409.6, 409.6, 919.0, 749.2, 679.3000000000001, 749.2, 819.1, 919.0, 919.0, 919.0, 1088.9, 1088.9, 1088.9, 1158.8, 1158.8, 1258.7, 1258.7, 1328.6000000000001, 1398.5, 1398.5, 2317.6, 2247.7000000000003, 2077.8, 2007.9, 1838.1000000000001, 1838.1000000000001, 2587.3, 3406.4, 3166.7000000000003, 3066.8, 3816.0000000000005, 3646.2000000000003, 3576.3, 3406.4, 3336.5]"
38,pessimista,343473066,True,0.10163259506225586,15342.30745558858,5424.2,65090.399999999994,58,481.0383852682978,739.3981934870112,10.26357094481841,77.5314202515846,-35.671714880527134,1.0,1.0,1.9090909090909092,5.707356483616575,-13.157052268380925,917.3158574016707,3300.549789648432,24,4.692544053227549,False,True,3983.4062119375976,3483.729880976328,1.8199619306982413,"[4569.15888493976, 5196.603710821344, 5903.783079662622, 6668.248389445723, 7556.268502750864, 8457.754296435482, 9482.79489364214, 18327.278900216224, 14534.75046186026, 16208.979196177157, 15883.207930494054, 15557.436664810952, 15231.665399127849, 14905.894133444746, 14637.408808703467, 14448.658026921881, 14317.193186082119, 14309.283148764396, 14358.659052388497, 14487.769498972293, 14616.87994555609, 14803.276333081707, 15043.250090894158, 3300.549789648432, 3666.9099723042236, 4088.904958482056, 4579.960428561405, 5060.381839582577, 13332.28665997117, 8586.816952566445, 9582.767729063238, 10590.533048519725, 11615.624308918033, 12749.77605321786, 13996.84854198155, 15342.30745558858]","[579.4, 649.3000000000001, 749.2, 819.1, 989.0, 988.9, 1158.8, 1228.7, 1977.9000000000003, 1977.9000000000003, 1977.9000000000003, 1977.9000000000003, 1977.9000000000003, 1977.9000000000003, 2047.8000000000002, 2147.7, 2217.6000000000004, 2387.5, 2457.4, 2557.3, 2557.3, 2627.2, 2727.1, 2797.0, 2966.8, 3136.7000000000003, 3306.5, 3376.4000000000005, 3446.3, 4435.3, 4605.1, 4705.0, 4774.900000000001, 4944.700000000001, 5184.5, 5424.2]"
39,pessimista,343483039,True,0.10626053810119629,25133.11340893123,5933.700000000001,71204.40000000001,63,432.01228736415203,438.56747461585684,17.790261826034662,77.45898954836848,-76.84614125335526,0.8,0.8,2.8333333333333335,4.816880403106445,27.63797253721342,1302.4217665308704,4432.364547270664,1,7.326830137319451,False,True,5250.7076814562815,4649.046820905996,1.400327198721227,"[4432.364547270664, 4865.729094541328, 5379.033877094599, 5950.822861482196, 6522.611845869792, 7094.400830257388, 15628.121166240024, 11511.084255729646, 12693.397121061822, 13934.194188228324, 13233.475457229151, 12612.696961512585, 12128.684833555479, 19548.119855359084, 13939.721832504, 13986.293350208865, 21994.79621950877, 16572.47570983881, 16946.395200168852, 17320.314690498893, 17692.57611147146, 18064.797532444023, 18437.018953416587, 14714.345593507338, 9697.130895424483, 10163.489594299563, 10817.70852845725, 11568.733830374395, 12310.283334125867, 13103.813073159943, 21877.798365623385, 17302.94038927069, 18428.402412918, 27595.736023442954, 23459.052497628625, 25133.11340893123]","[409.6, 409.6, 509.5, 579.4, 579.4, 579.4, 649.3000000000001, 1228.7, 1328.6000000000001, 1398.5, 1468.3999999999999, 1568.3, 1738.2, 1738.2, 2387.5, 2387.5, 2457.4, 2966.8, 2966.8, 2966.8, 2966.9, 2966.9, 2966.9, 2966.8, 3716.1, 3446.3, 3546.2, 3716.1, 3786.0000000000005, 3885.9, 4025.7000000000003, 4774.900000000001, 4774.900000000001, 4944.700000000001, 5763.900000000001, 5933.700000000001]"
40,pessimista,343493012,True,0.07741880416870117,114294.20475123801,24155.2,289862.4,248,323.6317454285572,693.7197788163784,11.464020271774839,79.63139406031671,-5.758515105410155,1.0,1.0,2.7222222222222223,3.2382158862612376,399.142519796825,608.0248104678103,4269.143182471803,1,10.379240677000395,False,True,5025.607010299379,4443.923777593573,2.696532041228531,"[4269.143182471803, 4618.704372715342, 5161.2412228273915, 5840.091637079923, 6712.151171841684, 7936.022382015427, 9353.102712698399, 11042.576711021617, 12868.364273485317, 22711.42748909243, 18262.956585822714, 19459.559350193238, 20792.90924284473, 22183.39479536473, 23966.085587437195, 25834.539064159373, 27947.89977266228, 30243.645261542926, 32756.2979822043, 35337.77783114664, 38112.70690409797, 41189.39876519878, 44522.45586585205, 36213.66931879528, 40365.721678931215, 44603.73682721663, 49541.19755180099, 54753.3681928158, 60472.2488537608, 66572.98397826726, 73140.42912270394, 80282.93785121129, 87796.51006028957, 95942.08140980729, 104782.33445466719, 114294.20475123801]","[579.4, 679.3000000000001, 919.1000000000001, 1088.9, 1328.6000000000001, 1768.2, 2007.9, 2347.6, 2517.4, 2857.1000000000004, 4425.400000000001, 4765.1, 5104.7, 5344.5, 5953.900000000001, 6363.4, 6872.9, 7352.400000000001, 7861.9000000000015, 8201.5, 8611.1, 9190.5, 9799.9, 10549.1, 11498.2, 12077.6, 13236.400000000001, 14155.400000000001, 15244.300000000001, 16263.3, 17352.2, 18610.9, 19699.7, 21028.300000000003, 22556.8, 24155.2]"
41,pessimista,343502985,True,0.07238626480102539,34345.47196182928,8231.6,98779.20000000001,84,308.0378787793008,516.9768889097911,15.574380497500107,79.643706181804,-25.244205889117286,1.0,1.0,2.3636363636363638,3.1156216341872205,66.02279984095534,674.2569950447704,4391.074188978929,1,8.02817131534634,False,True,5120.583961963372,4587.111283468394,2.0818231268799594,"[4391.074188978929, 4783.1483779578575, 5233.062489965209, 5762.750798958246, 6488.002617434616, 15121.351611001966, 19088.424111599168, 15535.899503616733, 17499.897335101676, 19463.89516658662, 19427.892998071562, 19449.73075258493, 19609.292093553206, 19768.853434521483, 20066.028895503867, 20442.978553471938, 20913.68569500105, 21328.472836530163, 21960.75776149987, 22542.962609498, 23097.207457496133, 23731.22650247995, 24383.12547049219, 13282.402144973445, 14263.187136454493, 15193.932050963966, 16429.89459497088, 17719.405455977587, 19234.213946481734, 20860.520143454898, 22763.89816691119, 24738.704430395694, 26853.008400349216, 29106.660610330953, 31615.490372838554, 34345.47196182928]","[509.5, 509.5, 579.4, 679.3000000000001, 919.1000000000001, 1088.9, 1838.1000000000001, 2517.4, 2447.5, 2447.5, 2447.5, 2517.4, 2687.3, 2687.3, 2857.1000000000004, 2957.0, 3096.8, 3096.8, 3366.6, 3436.5000000000005, 3436.5000000000005, 3536.4, 3606.3000000000006, 3946.0, 4215.700000000001, 4285.6, 4695.2, 4964.9, 5374.500000000001, 5714.200000000001, 6223.700000000001, 6563.299999999999, 6903.000000000001, 7242.600000000001, 7722.1, 8231.6]"
42,pessimista,343512958,True,0.09009504318237305,66680.82358637347,13925.5,167106.0,145,319.0026023592007,649.4307693193032,12.062248807933686,78.40040016787506,-18.428682699901813,1.0,1.0,1.6363636363636365,3.714075737978909,200.75343160988953,843.9895062764022,4741.836551139163,1,9.643819561876219,False,True,6245.313412754605,5141.811316477944,2.2010281728817853,"[4741.836551139163, 5541.786081816725, 6479.822523067232, 7474.971943856139, 8551.095295679592, 9758.171091936232, 11022.359867731271, 12367.522574560857, 13769.798260928841, 15310.16085786977, 14981.475899243887, 22586.625364246825, 17628.7154109801, 18152.419388747923, 18824.22879048733, 19538.205102799686, 28199.069769775408, 24250.897748474737, 25773.492637747015, 27285.28050655769, 28900.060819801554, 30503.994112583816, 32218.05431593902, 22133.233874300364, 24107.73332277305, 26124.43968181868, 36357.073750533804, 33982.87804154549, 37256.707646640105, 40769.724468809945, 44481.20202269863, 48372.184890670236, 52535.60700375932, 56931.50836196588, 61640.86289632447, 66680.82358637347]","[509.5, 579.4, 749.2, 819.1, 919.0, 1088.9, 1158.8, 1258.7, 1328.6000000000001, 1498.4, 1668.3000000000002, 1738.2, 3236.6000000000004, 3336.5, 3576.3, 3746.1000000000004, 3915.9, 5584.200000000001, 5754.000000000001, 5823.900000000001, 5993.8, 6063.700000000001, 6233.5, 6573.200000000001, 6812.9, 6982.700000000001, 7492.200000000001, 9330.3, 9809.800000000001, 10349.3, 10858.7, 11338.2, 11917.6, 12497.0, 13176.300000000001, 13925.5]"
43,pessimista,343522931,True,0.09998869895935059,111451.54059565744,24873.300000000003,298479.60000000003,267,344.558244499056,910.7003796814193,8.406676996747876,78.63303848974383,-6.830593100792721,1.0,1.0,2.9411764705882355,3.8214889714159828,387.2980858152394,599.9105190823367,4377.000077530887,1,9.7168747669622,False,True,5238.069871675025,4593.889325755789,3.17129234172622,"[4377.000077530887, 4810.778573980691, 5380.500304239802, 6137.053632591674, 7085.328613671769, 8249.711643451561, 9656.70469024303, 11335.584204653114, 13201.295317155958, 15258.728082387026, 23213.169748319466, 18884.476351593366, 20108.00302651441, 21474.686114418604, 23033.15408886033, 24806.37531412304, 26790.73618617821, 28949.85030905436, 31244.82931846804, 33778.94797467418, 36543.598300620215, 39571.5930882491, 42819.43599622483, 34350.05538883084, 38266.50444524099, 42318.881621997985, 46976.810115287335, 52053.3399797445, 57623.78597562442, 63703.926521846006, 70265.80161840926, 77333.79766128564, 84796.25349424877, 92916.38711136287, 101853.2749256111, 111451.54059565744]","[579.4, 649.3000000000001, 819.1, 1058.9, 1298.6000000000001, 1568.3, 1878.0000000000002, 2217.6000000000004, 2457.4, 2697.1, 2936.7999999999997, 4675.0, 4984.6, 5324.3, 5733.8, 6213.300000000001, 6722.800000000001, 7202.300000000001, 7611.800000000001, 8121.3, 8670.7, 9280.1, 9859.4, 10508.7, 11327.900000000001, 11907.2, 12966.1, 14024.900000000001, 15183.7, 16412.4, 17641.100000000002, 18899.800000000003, 20028.5, 21427.0, 23165.200000000004, 24873.300000000003]"
44,pessimista,343532904,True,0.09440875053405762,7474.889732619666,4665.2,55982.399999999994,48,303.2239721225959,635.3884308857099,12.53133743788174,81.02373589306269,-50.012924260362134,1.0,1.0,2.0,3.9867852321781223,-45.93795944741806,786.6779572110586,-3870.9961253773254,24,2.654197133981348,True,True,-1648.8012192591161,-3223.962840569037,2.0603041554020645,"[4524.083716816631, 5049.167433633262, 5574.2511504498925, 6099.334867266523, 6763.712912359304, 7484.653078399819, 8339.31194520637, 9199.546439523034, 10193.499634605734, 11244.014950636169, 10433.824594942753, 9762.928567525487, 9225.751240874257, 8688.573914223027, 8290.690915847947, 7949.3700384206, 7690.78136832167, 7488.754819170474, 7420.446970785313, 7434.871329728568, 7505.857809619556, 7659.57649683896, 7869.857305006099, -3870.9961253773254, -2576.9295557607484, -1339.4251070919054, -45.358537475328376, 1331.440239469664, 1795.6798381284264, 2303.2937650633385, 2882.2820202743997, 3583.6310971992316, 4328.354502400212, 5278.170936643379, 6287.96382011043, 7474.889732619666]","[509.5, 509.5, 509.5, 509.5, 679.3000000000001, 749.2, 919.1000000000001, 919.0, 1088.9, 1158.8, 1328.6000000000001, 1498.4, 1668.3000000000002, 1668.3000000000002, 1838.1000000000001, 1908.0000000000002, 2007.9, 2077.8, 2247.7000000000003, 2347.6, 2417.5, 2517.4, 2587.3, 2657.2000000000003, 2657.2000000000003, 2587.3, 2657.2000000000003, 2757.1, 2996.9, 3166.7000000000003, 3336.5, 3576.3, 3746.1000000000004, 4085.8, 4325.5, 4665.2]"
45,pessimista,343542877,True,0.07095193862915039,105525.58757218256,26152.700000000004,313832.4,273,309.9492944254586,1220.4040328028357,6.477891599961604,81.6535455874054,3.4442908109233525,1.0,1.0,2.0,3.486258701495281,362.6066148840941,402.1135776836115,4740.845697562056,1,5.157877551756677,False,True,6268.735314049208,5152.381230519215,4.431684481677746,"[4740.845697562056, 5563.916763476374, 6503.674830906819, 7660.102127672404, 8956.098293548315, 10450.006829292615, 12137.702726777858, 13964.967493373426, 15931.80112907932, 18173.647494878416, 18517.48563294544, 19098.800001863732, 19737.068608244612, 20519.588077124496, 21592.80914520791, 22799.71145227004, 24315.73885929376, 26014.58786552101, 27982.561971709856, 30272.926546212555, 32764.49622067685, 35555.5744958608, 38699.426740116665, 30291.53681442733, 34209.72622616218, 38481.99497532121, 43360.47392440343, 48721.28307340883, 54645.647790689676, 61070.72620865178, 68089.7436956474, 75743.96562002879, 84105.99397518463, 93228.10100518883, 103229.27220418814, 105525.58757218256]","[579.4, 679.3000000000001, 819.1, 1088.9, 1258.7, 1498.4, 1738.2, 1908.0000000000002, 2077.8, 2417.5, 2657.2000000000003, 3066.8, 3336.5, 3646.2000000000003, 4155.7, 4565.200000000001, 5144.6, 5654.1, 6233.5, 6912.799999999999, 7492.200000000001, 8141.5, 8890.7, 9809.800000000001, 10658.900000000001, 11508.000000000002, 12666.800000000001, 13825.599999999999, 15084.300000000001, 16313.000000000004, 17641.600000000002, 19070.1, 20638.5, 22336.7, 24244.7, 26152.700000000004]"
46,pessimista,343552850,True,0.06850361824035645,7429.949582979886,5284.400000000001,63412.8,56,230.25928069933238,615.2166463523891,12.632703483498481,79.84987601212632,-15.84648168812097,1.0,1.0,1.1538461538461537,3.581064398245711,223.24873957449708,629.1381510665337,-10257.335404827623,24,2.3815384070245,True,True,-7437.979347873474,-9451.805102840724,2.646878835470973,"[3111.0659058015463, 2223.1318116030925, 1391.9908125430882, 8401.396130985217, 2271.345771780958, 1909.5354125766996, 1547.7250533724414, 1267.9908388603021, 1005.089719486612, 714.2286001129219, 423.3674807392317, 132.50636136554158, 63.57138668397056, 114.50641200239943, 72.39453245927757, 298.049350945216, 198.87726456960377, 334.63132288611064, 388.4846210331855, 563.1177123477698, 780.7000434929228, 987.155469776525, 1304.5201358906957, -10257.335404827623, -8646.274800853824, -7035.214196880024, -5310.567402629326, -3447.0513685480596, -1444.6660946362254, 689.6258773046693, 1533.140184214582, 2551.550428984122, 3572.949913584231, 4722.091733153358, 6046.129490582113, 7429.949582979886]","[509.5, 509.5, 579.4, 649.3000000000001, 1228.7, 1228.7, 1228.7, 1328.6000000000001, 1398.5, 1398.5, 1398.5, 1398.5, 1498.4, 1498.4, 1568.3, 1738.2, 1808.1000000000001, 1908.0000000000002, 2077.8, 2317.6, 2487.4, 2557.3, 2727.1, 2966.9, 3066.8, 3066.8, 3206.6000000000004, 3376.4000000000005, 3546.2, 3716.1, 3955.8000000000006, 4295.5, 4465.3, 4705.0, 5044.7, 5284.400000000001]"
47,pessimista,343562823,True,0.07219195365905762,53689.624692839294,13126.599999999999,157519.19999999998,134,236.16350028623688,495.1793597299036,15.997555888579818,80.51351758758717,-4.384101504525413,1.0,1.0,2.0,2.561734674513767,146.6234362201637,497.2707015262071,4813.259058262115,1,8.469738183673227,False,True,6281.096559594712,5220.388587393172,2.4188301886353685,"[4813.259058262115, 5627.51811652423, 6498.956040618205, 7503.142577577031, 8645.563581153194, 9926.219051346694, 11345.10898815753, 12953.926403665077, 14700.978285789959, 16586.264634532177, 16685.355196924724, 16941.972046221214, 17240.94336213504, 17604.743290913717, 18177.052152927066, 18884.504094422606, 19651.48936836734, 20593.577721794263, 21595.19940767038, 22714.745307196827, 23783.550072555132, 25019.808170362634, 26512.2249484378, 16024.215058962163, 17849.542715586053, 19609.304838827276, 21900.291986864737, 24357.955546833582, 27131.311119519287, 30042.164238304515, 33296.66936980661, 36803.02977907194, 40458.8877344368, 44482.27443747214, 48826.57201905619, 53689.624692839294]","[679.3000000000001, 679.3000000000001, 749.2, 919.1000000000001, 1088.9, 1258.7, 1428.5000000000002, 1668.3000000000002, 1838.1000000000001, 2007.9, 2277.7, 2517.4, 2687.2000000000003, 2857.1000000000004, 3196.7, 3536.4, 3776.1, 4115.8, 4355.5, 4625.3, 4695.2, 4934.900000000001, 5374.500000000001, 5614.200000000001, 6123.700000000001, 6293.5, 7042.8, 7622.200000000001, 8301.5, 8811.0, 9490.300000000001, 10139.600000000002, 10649.1, 11358.4, 12107.600000000002, 13126.599999999999]"
48,pessimista,343572796,True,0.07507157325744629,106821.62069904747,21976.9,263722.80000000005,231,394.0526688021672,905.3097805944972,8.635969540535852,77.20711428254941,-8.45741568218633,1.0,1.0,1.9130434782608696,4.203383471874311,368.0067529126979,763.187248179223,4624.016688785856,1,10.429827723165305,False,True,5878.588480618514,4965.2943288889055,2.7267740462182073,"[4624.016688785856, 5306.571968991955, 6069.2606511607, 6889.487924749688, 15632.712835425287, 12049.386602203174, 14053.754479580895, 23831.624032158223, 21050.670396107736, 23835.988753440135, 24610.925702192777, 25484.803802290022, 26428.393895770154, 27441.735982633178, 28582.36865429933, 29891.694470692975, 31260.350871889754, 32855.23900923426, 42197.46081516126, 39107.19072590077, 41643.75237278801, 44291.818006441026, 47206.28877820443, 38296.6098775358, 41677.5095169402, 45147.53173453062, 49051.20967503455, 53322.025898376356, 57908.15643605191, 62821.64128806122, 75905.34468952824, 76669.85217595645, 83374.75371948324, 90655.79612403394, 98433.05938960852, 106821.62069904747]","[579.4, 649.3000000000001, 749.2, 819.1, 1088.9, 2147.7, 2317.6, 2387.5, 3816.0000000000005, 3985.8, 4055.7000000000003, 4225.6, 4395.400000000001, 4565.200000000001, 4804.900000000001, 5144.6, 5384.3, 5793.900000000001, 6033.6, 7771.8, 8181.4000000000015, 8521.0, 9030.5, 9510.0, 10119.4, 10528.900000000001, 11278.099999999999, 12127.300000000001, 12946.400000000001, 13765.500000000002, 14754.500000000002, 17002.100000000002, 18061.0, 19319.7, 20578.4, 21976.9]"
49,pessimista,343582769,True,0.06740832328796387,100547.50094722469,32056.9,384682.80000000005,331,336.67453617596925,1161.8355410221059,6.681490218731742,78.76930142362495,-4.391845978204207,1.0,1.0,2.2222222222222223,3.6684604686387874,341.86458728010297,440.96741203719097,4359.568204117356,1,4.340269634869141,False,True,5268.887838617005,4579.821948812091,4.169875542952118,"[4359.568204117356, 4800.075693506827, 5425.158553653732, 6241.77170944733, 7274.058940972446, 8570.860828527111, 10059.193011728468, 11812.039850959374, 13885.19685140712, 16229.823432773672, 16891.516922915947, 17660.83999397703, 18750.368016714354, 19872.65069548123, 21315.098325924344, 22981.8309080437, 25008.5832322987, 27215.84428831477, 29771.125086466483, 32674.30113194113, 35914.60127993428, 39462.79667525036, 43428.05545835706, 35741.18877405881, 40543.01648792575, 45765.57859995789, 51600.40540580191, 57975.76068554265, 64984.28052466542, 72576.95984805947, 80962.55780656709, 90033.15440018824, 91344.54513411025, 93504.50479879248, 96573.89325980512, 100547.50094722469]","[579.4, 679.3000000000001, 919.1000000000001, 1158.8, 1428.5000000000002, 1768.2, 2007.9, 2347.6, 2757.2, 3096.8, 3506.4, 3846.0000000000005, 4425.400000000001, 4765.1, 5344.5, 5923.900000000001, 6673.1, 7282.500000000001, 8031.700000000001, 8850.800000000001, 9700.0, 10519.1, 11468.2, 12387.2, 13476.099999999999, 14565.000000000002, 15893.600000000002, 17252.2, 18750.7, 20249.100000000002, 22017.300000000003, 23785.5, 25623.600000000002, 27631.5, 29809.300000000003, 32056.9]"
0,base,1753213247,True,0.18604183197021484,154678.87221065577,63114.50000000001,757374.0000000001,655,204.9156884215589,612.1819637833364,12.670794918034828,79.49256877288279,4.279759324417298,1.0,1.0,2.5357142857142856,2.5992182118793696,567.4119675443989,261.6900288625274,4232.732067535133,1,3.6607524407710814,False,False,5123.26060697926,4417.723195871047,3.254030579399004,"[4232.732067535133, 4602.714324206962, 5296.776034570026, 6314.917198624324, 7736.6257092452415, 9487.596894400864, 11698.897722384416, 14450.016086071284, 17597.951857015574, 21053.945163663182, 22886.377377693258, 25067.197316563346, 27692.7863519526, 30388.28825101325, 33903.79640402299, 37756.90476727075, 42248.94498108168, 47197.65237342386, 52756.5515368199, 58892.44806788388, 65513.85407374042, 72928.04671181944, 81135.39617125763, 78226.95823780578, 79787.91657940435, 81835.96707033017, 85433.66347913432, 90093.82673039899, 96111.77398155407, 103351.62523259959, 112137.45993722675, 122383.92598831098, 127599.33778923817, 134634.4459074184, 143552.80750028163, 154678.87221065577]","[749.2, 919.0, 1328.6000000000001, 1738.2, 2247.7000000000003, 2657.2000000000003, 3236.6000000000004, 3915.9, 4495.3, 5174.6, 5993.8, 6842.9, 7831.9000000000015, 8411.2, 9739.9, 10828.7, 12187.400000000001, 13446.100000000002, 14844.6, 16273.100000000002, 17601.7, 19270.000000000004, 21108.1, 23146.0, 25393.700000000004, 27131.8, 29958.9, 32716.0, 35812.8, 38909.600000000006, 42416.0, 46022.3, 49598.600000000006, 53684.3, 58109.7, 63114.50000000001]"
1,base,1753223220,True,0.14561748504638672,194207.4473222756,90107.6,1081291.2000000002,924,196.74312914194226,791.913683622993,10.26684385045734,80.53038961369349,10.533703455598493,1.0,1.0,3.95,2.55488439096237,4892.6861830568905,391.27250552046513,809.6469958764569,5,3.1360768019326972,False,True,961.7929246860903,822.6660048131823,4.181119159951262,"[3000.6996329279114, 2196.311161191934, 1530.6875818820138, 1003.8288949981511, 809.6469958764569, 835.6850137499077, 1110.396891214928, 1635.4005810112048, 2291.443923516567, 3391.730973689295, 12455.35131977848, 9999.903656930854, 13139.97732698054, 16631.299597123652, 20860.775276781387, 25595.29449809678, 31032.583999693823, 37090.88664651943, 43849.53459819578, 51546.05763957498, 60020.47061394492, 69641.59546577987, 71896.50224421802, 63456.49271245244, 68451.07149862315, 74835.69076235229, 83149.55523005623, 93278.75164035895, 113425.55844588904, 117306.80926808596, 129039.74038396051, 143583.95042747282, 162242.05274300376, 168744.31719841025, 179782.21216264227, 194207.4473222756]","[679.3000000000001, 919.1000000000001, 1088.9, 1258.7, 1668.3000000000002, 1938.0000000000002, 2347.6, 2857.1000000000004, 3266.6000000000004, 4015.9000000000005, 4695.2, 7722.1, 8711.0, 9630.1, 10988.7, 12277.400000000001, 13775.900000000001, 15274.3, 16872.7, 18810.7, 20718.700000000004, 23066.3, 25613.7, 28470.8, 31637.5, 34904.2, 38880.1, 43065.8, 47960.8, 54903.700000000004, 60817.600000000006, 67181.1, 73065.1, 79019.0, 84593.3, 90107.6]"
2,base,1753233193,True,0.07334232330322266,84748.90098367087,20858.0,250296.0,220,336.49543133999657,977.7941449494242,7.861212733571604,77.97150848522494,-4.257978384759735,1.0,1.0,1.8,4.129114460774973,276.037087431962,635.0102385110259,4224.766756462358,1,8.711496660969084,False,True,5044.337318330703,4430.020538179402,3.1405818894118656,"[4224.766756462358, 4635.274319896445, 5180.691651142122, 5861.018750199388, 6731.301155736741, 7866.188597388914, 9191.031345521174, 10700.614900625165, 12345.108223540745, 14179.55685293641, 14278.610518446896, 14567.61949043747, 14991.538230239632, 15545.152238345025, 16288.721552930507, 17273.324796243443, 18363.90757517956, 27238.953682762047, 23448.583028151384, 25368.631909163898, 27472.49136495973, 29787.20693420738, 32364.68284604994, 23115.12806132726, 26246.068887502726, 29426.973478444455, 33206.28898676441, 37179.47460549086, 41552.5414119608, 46289.17359714048, 51492.63673787523, 57181.7005637998, 63261.31953624569, 69869.5447325499, 76955.67065222077, 84748.90098367087]","[749.2, 989.0, 1158.8, 1328.6000000000001, 1568.3, 1908.0000000000002, 2147.7, 2387.5, 2557.3, 2797.0, 3136.7000000000003, 3376.4000000000005, 3546.2, 3716.1, 3955.8000000000006, 4365.400000000001, 4705.0, 5114.6, 6513.1, 6852.700000000001, 7262.299999999999, 7741.8, 8321.2, 8830.6, 9579.900000000001, 10019.400000000001, 11008.400000000001, 11757.600000000002, 12646.6, 13565.7, 14624.5, 15783.300000000001, 16872.2, 18100.9, 19329.5, 20858.0]"
3,base,1753243166,True,0.12400269508361816,157926.81808543816,52285.799999999996,627429.6,542,243.24136314324303,653.1088517855969,11.867523681041803,77.28591135127128,7.516553698004393,1.0,1.0,3.096774193548387,2.942994570071826,580.9450753559923,390.11588345403175,4285.018319080666,1,4.122209951954296,False,True,10229.485010569539,6656.714668058755,2.8585609003242336,"[4285.018319080666, 12483.099617872977, 9028.411017036844, 10629.84300841377, 12426.152257326643, 14485.081975571176, 16738.888951351655, 19336.034637386627, 22106.854737973874, 32956.47828760443, 37513.010985628236, 35238.98760156304, 38512.54145267201, 41950.432254958316, 45767.81853334162, 49880.82028782191, 54414.26023850147, 59313.15341450741, 64702.36253594201, 70446.18439100955, 76652.36219150574, 83418.69368665999, 90653.620143856, 86655.4007650417, 95413.95329944651, 104598.73727773875, 106360.2099350926, 108925.67624238093, 112526.58721888307, 117122.84607639475, 122832.71631070852, 129665.97119187433, 137707.51343999442, 147164.97855352762, 151710.50826918927, 157926.81808543816]","[749.2, 919.0, 2247.7000000000003, 2417.5, 2657.2000000000003, 2996.9, 3236.6000000000004, 3676.2000000000003, 3915.9, 4425.400000000001, 6842.9, 9260.4, 9909.7, 10449.2, 11198.400000000001, 11947.6, 12866.7, 13785.7, 14874.6, 15863.5, 16952.4, 18211.1, 19439.800000000003, 21038.2, 22806.4, 24234.9, 26312.7, 28390.600000000002, 30738.1, 33185.600000000006, 35842.90000000001, 38600.00000000001, 41527.0, 44793.600000000006, 48369.899999999994, 52285.799999999996]"
4,base,1753253139,True,0.08872032165527344,82062.35983177283,30897.600000000002,370771.2,324,224.3037978810445,833.089745605449,9.533669766461566,79.66548224990376,2.587153506601499,1.0,1.0,1.8181818181818181,2.974381707164776,2089.058995794321,388.6937798743102,-350.1324803591202,5,3.6983062352475775,False,True,-273.44719979981835,-340.4366769422747,3.693712735168282,"[2930.4951993079217, 1918.9903567496335, 1043.9850592616988, 307.1764959830075, -350.1324803591202, -330.74087352542915, -254.34930855794812, -98.45815665390364, 114.43295338393091, -43.701828889745, 443.88556042768664, 448.2718697734431, 559.658265499161, 792.8609823706865, 1306.8398947893888, 1902.0178973487984, 2693.052137321595, 3593.245467435098, 4746.294993095778, 6061.74038497262, 15370.178328016647, 20524.098946065984, 18910.508694361743, 11039.390133223613, 15529.826444709932, 20452.554776093377, 25914.377483305412, 31987.308489694173, 38601.65060612077, 45893.94337765555, 53991.46349664156, 62957.29013695191, 72609.50408284727, 74716.06446633457, 77805.59083248416, 82062.35983177283]","[579.4, 649.3000000000001, 819.1, 989.0, 1088.9, 1088.9, 1158.8, 1258.7, 1328.6000000000001, 1498.4, 1668.3000000000002, 1908.0000000000002, 2147.7, 2417.5, 2897.0, 3236.6000000000004, 3646.2000000000003, 3985.8, 4465.3, 4904.900000000001, 5314.400000000001, 7801.8, 10359.1, 11308.2, 12227.200000000003, 13216.2, 14374.900000000001, 15703.600000000002, 17032.2, 18530.6, 20268.8, 22206.800000000003, 24014.9, 26092.700000000004, 28340.300000000003, 30897.600000000002]"
5,base,1753263112,True,0.08102536201477051,857273.8414464117,205789.0,2469468.0,2110,161.52243184824042,1295.705805754714,6.000000000000001,78.50412971403878,16.079196528739036,1.0588812561334642,1.0,6.333333333333333,1.961831076693964,21469.346036160292,68.54344272474117,1532.4360619093175,4,9.678003049088934,False,True,1722.140412111546,1586.5732761935533,8.189883089223075,"[2942.811746480313, 2154.1225445646855, 1640.710490477789, 1532.4360619093175, 1749.2837193227983, 2286.439523962968, 3134.611528035928, 4441.323243609266, 13896.106924403255, 20644.577860307058, 22032.508622477166, 29806.82626836039, 39209.39591831657, 41903.71025971092, 47051.69697657492, 62441.73845330585, 69942.62112486374, 79789.16020343313, 94323.7515999472, 97934.0175825945, 108836.09303101522, 120203.69979738058, 139362.6167957087, 153957.5563386343, 184778.64440893126, 222175.64483463566, 266416.05366735155, 308356.9757248723, 356598.5369899718, 410815.61937666807, 478453.00086025003, 543883.0976824147, 614528.2953132925, 690410.986258042, 771343.6890045957, 857273.8414464117]","[749.2, 1088.9, 1428.5000000000002, 1938.0000000000002, 2347.6, 2927.0, 3606.3000000000006, 4525.400000000001, 5514.3, 10139.600000000002, 15414.2, 18541.0, 22147.3, 26193.100000000002, 31297.9, 37012.0, 47181.600000000006, 55752.8, 65922.40000000001, 76911.1, 87420.3, 97589.9, 107349.90000000001, 116670.40000000002, 125721.1, 133952.6, 142523.8, 150685.5, 158577.40000000002, 166059.7, 173202.4, 180105.3, 186638.6, 193201.90000000002, 199525.40000000002, 205789.0]"
6,base,1753273085,True,0.08070802688598633,477317.9548022618,159864.5,1918374.0,1655,186.95768934482308,1306.7627872069525,6.00449644932236,81.1833447749087,14.098779470570006,1.0,1.0,2.7058823529411766,2.156870669757688,1911.741478342757,120.49010258490347,4445.009805108574,1,5.599344223531705,False,True,6001.069906443151,4806.146040418915,7.302552105378181,"[4445.009805108574, 5167.282275729256, 6278.999116681116, 7803.964618501586, 9662.356306943475, 11991.160177363285, 14733.212708651705, 17967.72493854669, 21676.04667853215, 25763.40326600764, 28423.984217438974, 31780.968677228946, 35920.62616184337, 40885.1680040383, 47019.92286468235, 54316.385597640874, 63068.12057324506, 73544.18503343838, 77383.56439541411, 83432.92902485997, 92088.67101758478, 103807.14445165044, 112737.27264415068, 113719.30177533158, 131477.63535355177, 139840.1342344085, 154976.90356403636, 169843.83320731955, 191782.25026817407, 220515.89608108782, 252769.65631794828, 291130.28731788683, 335265.51223168155, 379646.2349149297, 425887.1635137659, 477317.9548022618]","[919.1000000000001, 1258.7, 1738.2, 2247.7000000000003, 2657.2000000000003, 3236.6000000000004, 3746.1000000000004, 4425.400000000001, 5344.5, 6263.5, 7422.3, 8850.800000000001, 10519.1, 12357.2, 14704.800000000001, 17292.100000000002, 20358.9, 23995.200000000004, 28080.9, 32816.0, 38360.3, 44863.5, 52555.600000000006, 61336.5, 71545.9, 81485.6, 91185.6, 100276.1, 108987.1, 117358.5, 125390.20000000001, 132912.4, 140025.0, 146867.9, 153471.1, 159864.5]"
7,base,1753283058,True,0.06928682327270508,131378.07597591743,26662.2,319946.4,278,324.409826251694,768.0640161097515,10.417617360339099,80.30191021140551,-4.0467721043779905,1.0,1.0,3.3333333333333335,3.4276186175171532,470.3253165663226,678.0723159774578,4167.67146099666,1,6.494325956190866,False,True,4812.624095384178,4321.962707023663,2.7973488105467705,"[4167.67146099666, 4476.253953050666, 4924.747476162015, 5566.502844238674, 6405.626834511586, 15307.322596169577, 12257.373162626911, 22467.51224047802, 20279.947968093787, 23662.392317905807, 25224.671952601573, 26848.44020949359, 28734.497191187787, 30559.629355159803, 32744.46783507291, 35005.328377100705, 37603.4328262085, 40302.95015133894, 43311.71138354939, 46504.33893170092, 49830.44613310605, 53490.83309037071, 57520.45498577271, 49941.73848199954, 54693.79450750263, 59648.75203122462, 65315.15321788613, 71369.7487787892, 77893.60133994432, 84870.6441241205, 92415.7523135956, 100555.45934828804, 109274.80107697735, 118755.03934462884, 128879.36507969392, 131378.07597591743]","[579.4, 749.2, 919.0, 1158.8, 1398.5, 1738.2, 3066.8, 3336.5, 4904.900000000001, 5144.6, 5484.3, 5724.0, 6163.6, 6303.400000000001, 6812.9, 7152.5, 7731.900000000001, 8141.5, 8720.900000000001, 9230.400000000001, 9639.900000000001, 10249.300000000001, 10998.5, 11847.7, 12666.800000000001, 13316.1, 14504.900000000001, 15563.800000000001, 16652.600000000002, 17741.5, 18970.2, 20298.8, 21657.4, 23255.8, 24824.1, 26662.2]"
8,base,1753293031,True,0.07080698013305664,554976.7572424654,173543.6,2082523.2000000002,1764,163.25998474592353,901.5965830001142,8.989257691660061,79.86203287898553,14.232552012243904,1.0,1.0,3.0,1.970174769274178,2235.319821843605,275.8442693349009,4374.64381124112,1,6.392760039558097,False,True,5857.755955108029,4699.222201009759,5.791252769585774,"[4374.64381124112, 5023.800590778399, 6135.7410765512395, 7653.965036165479, 9715.2289537692, 12428.54731554788, 15683.42877175772, 19479.15717565036, 23740.338738222803, 28704.594470565524, 32453.017108580527, 37070.98336881005, 42812.39649270133, 49557.91671264853, 57798.867967281374, 67625.3134980471, 70928.20928229493, 76358.87702829785, 84244.54267264818, 95069.59293063455, 102735.92845742892, 114424.79920976717, 130723.30533602243, 125138.94660380052, 138058.1635199003, 150221.39940775264, 169445.0809859372, 195209.93131582421, 224246.42640772037, 259361.31254508346, 300450.57845679985, 347268.4561725359, 390868.19120814354, 440059.7835636228, 494734.21975278814, 554976.7572424654]","[1019.0, 1358.6000000000001, 1938.0000000000002, 2447.5, 3126.8, 3946.0, 4625.3, 5644.3, 6733.1, 8161.700000000001, 9860.0, 11798.0, 14175.6, 16623.100000000002, 19719.9, 23256.300000000003, 27502.000000000004, 32297.2, 37771.6, 44195.1, 51507.600000000006, 60208.8, 70338.50000000001, 80398.3, 89918.6, 98549.80000000002, 107390.80000000002, 115582.5, 123434.5, 131046.80000000002, 138529.2, 145701.9, 152704.80000000002, 159707.7, 166570.7, 173543.6]"
9,base,1753303004,True,0.06927609443664551,124916.39219503652,30448.2,365378.4,318,252.77021107504783,638.9609014002914,12.311312116232191,80.41991902834995,2.4327978152582843,1.0,1.0,2.590909090909091,2.9348631713530686,443.4016341459855,538.272003120012,4243.744103472671,1,5.6947043268879876,False,True,4978.580871897492,4394.607899086725,2.7914338938527106,"[4243.744103472671, 4545.47169470078, 5122.95059762973, 5894.804937368813, 6942.410588808737, 8264.800138358052, 17667.92166807062, 15212.217368946698, 18255.60850663291, 21397.49508112926, 22799.661428625703, 24358.722575578427, 26085.711108395983, 27844.24249161512, 29919.029721998348, 32260.183700892547, 34839.70442829772, 37600.60841645843, 40684.822640885555, 43979.443613823656, 47616.264770115806, 51633.86811172907, 56069.709513554146, 48882.82156199958, 54188.17864616771, 59677.49442790151, 66083.13501835811, 72771.67820448976, 80159.33032445349, 88065.22789049387, 96736.0987265563, 105925.66346999463, 115678.45714726504, 117862.63953136763, 120859.35411005784, 124916.39219503652]","[749.2, 819.1, 1158.8, 1398.5, 1738.2, 2077.8, 2417.5, 4155.7, 4395.400000000001, 4635.1, 5074.7, 5484.3, 5893.800000000001, 6133.6, 6643.0, 7222.4, 7801.8, 8311.300000000001, 8960.6, 9540.0, 10249.300000000001, 11068.400000000001, 11987.500000000002, 12906.5, 13965.400000000001, 14714.600000000002, 16213.100000000002, 17301.9, 18700.4, 20029.0, 21627.4, 23055.9, 24454.400000000005, 26292.5, 28200.5, 30448.2]"
10,base,1753312977,True,0.28239965438842773,11973.448328654613,5694.0,68328.0,60,468.1525632653048,735.8350032829045,10.629546302478651,81.12686659468035,-39.71504807654342,1.0,1.0,2.0,5.058112301369458,-27.193965297272438,814.6691383468337,-4089.807061832994,24,3.6582869673696288,True,True,-743.0575411549502,-3121.3143319602295,1.934189719891659,"[4187.974663708935, 4434.2493725867125, 4761.583949931894, 5088.918527277075, 5473.553149791099, 5993.840999257089, 6652.488762359324, 7449.496439097806, 8361.104206173974, 9489.42506866951, 8675.045976333891, 7941.7267524656745, 7323.007618935144, 6785.348353872017, 6440.642360929698, 6234.296281623626, 6166.3101159538, 6155.623995452817, 6280.5911019038, 6408.264895039065, 6671.591915126294, 6992.218980382368, 7393.905914105843, -4089.807061832994, -2152.8216020874647, -273.13618751077865, 1663.8492722347505, 2396.849391715281, 3259.7679056852685, 4165.166333291501, 5276.657901485946, 6366.869560018078, 7539.521132186456, 8918.265844943046, 10356.790516504723, 11973.448328654613]","[579.4, 649.3000000000001, 749.2, 749.2, 819.1, 989.0, 1158.8, 1328.6000000000001, 1468.3999999999999, 1738.2, 1808.1000000000001, 1908.0000000000002, 2047.8000000000002, 2147.7, 2387.5, 2557.3, 2727.1, 2797.0, 2966.9, 2966.8, 3136.7000000000003, 3206.6000000000004, 3306.5, 3446.3, 3446.3, 3376.4000000000005, 3446.3, 3716.1, 3955.8000000000006, 4125.6, 4465.3, 4605.1, 4774.900000000001, 5114.6, 5354.3, 5694.0]"
11,base,1753322950,True,0.3241300582885742,116082.07838936942,36102.3,433227.60000000003,377,314.38758123610546,1054.487474768018,7.48948788323365,80.20511269073455,-4.139486416404977,1.0,1.0,2.3181818181818183,3.6071582076442645,406.59199328903935,466.3418093319627,3934.45893254759,1,4.701416882374495,False,True,4264.9432539213885,3971.443800762888,3.8395298697085503,"[3934.45893254759, 4008.428668978186, 4350.448115569123, 4830.978366043066, 5636.909299756782, 6719.861841236512, 8209.37489675959, 10024.288635522438, 12173.574955130733, 14705.612931058233, 15644.211421029082, 16957.0139526979, 18400.389065212163, 20005.364860966198, 21991.571974646587, 24227.321548529188, 26748.422440338145, 29648.604698626645, 32823.52924792093, 36358.547061300436, 40134.80505033044, 44416.655209722994, 49043.83846400434, 42231.24469253124, 47882.953895303704, 53869.42716604439, 60794.72392507399, 68314.8962391946, 76704.45170321125, 85738.50162859625, 95607.51681923258, 97800.92824819969, 100814.58477322172, 104823.37627365545, 109869.89355338387, 116082.07838936942]","[649.3000000000001, 819.1, 1158.8, 1328.6000000000001, 1738.2, 2077.8, 2587.3, 2996.9, 3406.4, 3885.9, 4395.400000000001, 4904.900000000001, 5314.400000000001, 5724.0, 6403.300000000001, 7052.6, 7731.900000000001, 8551.1, 9300.300000000001, 10119.4, 10828.7, 11817.7, 12736.7, 13895.5, 15054.300000000001, 16043.2, 17711.5, 19279.800000000003, 21147.9, 22886.100000000002, 24794.1, 26772.0, 28779.9, 31027.6, 33445.100000000006, 36102.3]"
12,base,1753332923,True,0.29515647888183594,70101.20588204297,16442.9,197314.80000000002,171,328.87283247221484,645.2506934350197,12.056392665035188,79.07935377922212,-16.636000123693837,1.0,1.0,2.0555555555555554,3.6341249859820137,215.0050245085124,732.8720805926743,3809.8282155017737,2,8.733637850963047,False,True,3879.826791055886,3842.613901391839,2.285126210675894,"[3875.399587281904, 3809.8282155017737, 3881.3025256472138, 4139.8455486137855, 4614.450894493533, 5334.153994132378, 6269.919416684398, 7450.782592995516, 8847.70809221981, 10568.747986190805, 10484.862603025336, 10667.062573668605, 11123.353908163015, 11708.68491454059, 12568.107284769307, 13622.60437786156, 14880.923955140523, 16140.409214345056, 25429.218414423685, 22017.429585570608, 24153.389469538663, 26388.504076370253, 28793.82403701058, 19337.35536150205, 22148.177721727825, 24950.274804817134, 28246.691636461885, 31704.548544778907, 35491.80977080545, 39514.54011444223, 43817.72717573889, 48447.39999563339, 53238.552892200154, 58396.151547364774, 64039.34467394836, 70101.20588204297]","[679.3000000000001, 749.2, 919.0, 1158.8, 1428.5000000000002, 1738.2, 2007.9, 2317.6, 2587.3, 2996.9, 3236.6000000000004, 3576.3, 3915.9, 4085.8, 4425.400000000001, 4665.1, 5004.8, 5174.6, 5484.3, 7082.6, 7322.400000000001, 7562.100000000001, 7901.800000000001, 8241.400000000001, 8750.900000000001, 8990.6, 9739.9, 10319.3, 11028.6, 11677.900000000001, 12357.2, 13106.4, 13685.8, 14435.0, 15424.0, 16442.9]"
13,base,1753342896,True,0.18375253677368164,3323.3857461715274,4465.3,53583.600000000006,47,681.5095647211774,943.8056805948737,8.210117599883459,78.47594110446192,-65.99577280116368,1.0,1.0,1.8,10.655560492092533,-63.23589272428529,1287.4155815340553,-11714.923622568418,24,1.0897317187221138,True,True,-9501.144123823942,-11065.375888754534,1.2373378308521439,"[3623.810239588735, 3304.7168699867384, 3065.140259856904, 2881.660040536338, 2828.8003239075524, 2775.940607278767, 2728.073538239631, 2680.206469200495, 2762.95990285314, 2981.326486787216, 1335.306221002722, -123.99715128072262, 389.83243091100803, -933.857791091006, -284.4150586178448, 365.0276738553164, -823.0493978652671, -37.99351511067539, 747.0623676439163, -254.2978105756183, 717.4749656800223, -148.27206225808186, 959.1138642789892, -11714.923622568418, -10415.82815494065, -9196.249446785041, -7897.153979157271, 1053.5649634286337, -4116.4868337889875, -2167.7386310066086, -218.99042822422962, 1729.7577745581493, 1892.089916366403, 2190.0352084560873, 2623.5936508272016, 3323.3857461715274]","[579.4, 649.3000000000001, 749.2, 819.1, 989.0, 989.0, 988.9, 988.9, 1158.8, 1328.6000000000001, 1498.4, 1738.2, 1738.2, 1908.0000000000002, 1908.0000000000002, 1908.0000000000002, 2077.8, 2077.8, 2077.8, 2317.6, 2317.6, 2487.4, 2487.4, 2727.1, 2727.1, 2627.2, 2727.1, 2797.0, 3546.2, 3546.2, 3546.2, 3546.2, 3786.0000000000005, 3955.8000000000006, 4125.6, 4465.3]"
14,base,1753352869,True,0.20479345321655273,168197.96861012373,81015.0,972180.0,850,252.43354132309636,1122.604971692141,6.958053002902388,80.42508226464638,1.1398216562674204,1.0,1.0,2.48,2.9876655810732506,623.7415358755155,249.8931324067426,4206.625279385745,1,2.7366881870708335,False,True,5056.499146387875,4379.064108378669,5.001974310643373,"[4206.625279385745, 4551.502937371592, 5224.831216059969, 6116.06313875981, 7335.745682162179, 8940.479959455819, 10954.316122863349, 13299.258156659827, 16109.903189758938, 19286.570055266307, 20777.83118548767, 22576.27754138915, 24824.596404107047, 27308.23064472768, 30423.590883953573, 33952.89125828241, 38115.330009816615, 42814.987138556186, 48267.111038826166, 54398.9879212791, 61272.69380163993, 69122.73343710885, 77947.86395659957, 76011.23123050101, 78786.28763741329, 82759.05904083874, 88450.55495517775, 95780.29362253276, 104980.80566360628, 116105.15472240982, 122923.51651710965, 132144.5878363559, 143802.98328512616, 158323.87237782078, 160835.4787515647, 168197.96861012373]","[649.3000000000001, 819.1, 1228.7, 1498.4, 1908.0000000000002, 2387.5, 2897.0, 3306.5, 3885.9, 4465.3, 5144.6, 5863.800000000001, 6782.9, 7532.1, 8690.9, 9779.7, 11108.3, 12436.900000000001, 14035.3, 15673.500000000002, 17411.7, 19489.5, 21737.2, 24394.4, 27221.4, 30118.4, 33694.600000000006, 37510.600000000006, 41736.2, 46231.50000000001, 51106.3, 56520.7, 62244.7, 68647.9, 74981.30000000002, 81015.0]"
15,base,1753362842,True,0.14498209953308105,290457.2874942976,119944.3,1439331.6,1257,227.77431871616534,993.0255335585209,8.124306320582754,80.31696983612477,2.349119142615672,1.0,1.0,3.576923076923077,2.563694989476735,1133.1553645595732,262.2547893053267,4299.712682526743,1,4.083800203173032,False,True,5454.914553220301,4587.142903386241,4.749840972830452,"[4299.712682526743, 4874.57312424574, 5648.361696211821, 6704.619675646202, 8176.260118006987, 9979.74174607296, 19966.45466570256, 18545.54050463784, 22590.363510233674, 26894.23583178178, 29693.933450237528, 32930.9481438378, 36718.514616316745, 40881.647662924544, 45865.84189587932, 59314.04412448742, 61697.32419637748, 70132.06134405386, 79653.82990019587, 82044.24447702162, 85677.52014932013, 90857.57810279656, 97804.11522457266, 102592.7401602536, 109813.64621807684, 118132.24341110123, 129648.3595906768, 144471.09192346412, 153810.44092482128, 162259.03634458658, 175402.25321382948, 194173.00897810757, 210588.39945171564, 232241.72720814074, 258884.69533889892, 290457.2874942976]","[649.3000000000001, 989.0, 1228.7, 1568.3, 2077.8, 2487.4, 2896.9, 5624.1, 6303.400000000001, 6952.700000000001, 7871.700000000001, 8860.7, 10019.5, 11038.400000000001, 12536.800000000001, 14035.3, 18160.9, 20238.7, 22586.300000000003, 25413.4, 28310.300000000003, 31616.800000000003, 35392.9, 39688.4, 47010.7, 52465.00000000001, 59038.100000000006, 66290.5, 73822.6, 80975.1, 88057.70000000001, 94940.50000000001, 101413.7, 107817.0, 113910.6, 119944.3]"
16,base,1753372815,True,0.08320283889770508,69395.90028618426,19029.7,228356.40000000002,203,309.3586277384722,889.8288963890036,8.740929767287358,79.22476781660565,-3.365050609753907,1.0,1.0,2.909090909090909,3.8495028531473823,1772.3975071546065,622.9866527579042,-651.2270792896916,5,7.832037774759909,False,True,-3.904610148949075,-620.4187663976028,3.1308988282940313,"[2645.696898121153, 1349.6913991444885, 191.3306709699059, -589.610453505514, -651.2270792896916, 7101.1117371966475, 1632.825173733604, 1791.5059667875496, 2006.6732593297172, 2296.4757576762504, 2668.0030268248656, 3104.8193811766096, 3668.6181092326183, 4274.181608090708, 5082.678962954011, 5950.2386915215775, 7050.069878996537, 8181.003440175762, 9410.999375059251, 10815.96916594795, 20174.303940711332, 17094.827168136988, 19649.599457372224, 10421.070373414752, 13511.835122068936, 16698.516580227184, 20312.83903889699, 24150.575330178453, 28332.032621971477, 32870.11283157929, 37798.54924750302, 43169.769037642574, 48939.376516399, 55244.97645457438, 62000.03497276995, 69395.90028618426]","[579.4, 649.3000000000001, 819.1, 988.9, 988.9, 988.9, 2217.6000000000004, 2457.4, 2557.3, 2697.1, 2866.9, 3036.8, 3276.5, 3446.3, 3786.0000000000005, 4025.7000000000003, 4435.3, 4675.0, 4914.700000000001, 5254.4, 5594.0, 7472.0, 7951.500000000001, 8461.000000000002, 9110.300000000001, 9549.800000000001, 10299.0, 10948.300000000001, 11697.5, 12516.7, 13405.7, 14394.6, 15383.600000000002, 16542.4, 17671.100000000002, 19029.7]"
17,base,1753382788,True,0.08745169639587402,184515.10881918878,99873.80000000002,1198485.6,1062,224.86520047897054,1079.743509337033,7.057624155243575,79.35475698718602,3.5385331714250134,1.0,1.0,2.4516129032258065,2.8675194192028015,691.7296200799533,381.4216491889126,4178.079414000271,1,2.5580179120545683,False,True,5112.785027543276,4364.258871667465,5.16579973745142,"[4178.079414000271, 4550.438329334659, 5300.233926946148, 6371.369457641158, 7901.0276735602265, 9761.148142953949, 12079.79129757173, 14856.95713741357, 18038.991685843794, 21584.971671638614, 23483.07384399161, 25833.398634652185, 28633.205113205055, 31845.450959259084, 35769.450930848725, 40232.3757742206, 45567.56542245823, 51564.20544675917, 58434.453028066404, 66266.54534732291, 75054.7707278668, 76708.60953453096, 79673.67433528729, 72181.34682153248, 78343.1084188433, 86156.3018793603, 96301.76232595083, 102146.26232658676, 110623.54499824159, 121780.2195277522, 135802.01566403345, 138016.78591164513, 145156.36758536316, 156167.73511399003, 171813.68163107996, 184515.10881918878]","[749.2, 988.9, 1468.3999999999999, 1878.0000000000002, 2457.4, 2866.9, 3446.3, 4025.7000000000003, 4605.1, 5354.3, 6173.400000000001, 7162.4, 8221.2, 9280.1, 10708.6, 12107.100000000002, 13915.2, 15653.300000000003, 17631.2, 19848.9, 22166.4, 25063.4, 28170.0, 31676.3, 35532.2, 39557.9, 44532.700000000004, 49717.1, 55650.8, 62024.100000000006, 68846.8, 75629.6, 81833.0, 88106.40000000001, 93940.1, 99873.80000000002]"
18,base,1753392761,True,0.10857272148132324,42937.42567936291,11238.300000000001,134859.6,117,373.09521521993605,529.9400722701184,14.690123740227964,79.14454633097748,-30.320516513004254,1.0,1.0,1.7222222222222223,3.4777905746086826,101.82260699734549,803.2114620628176,4015.131259576986,1,3.7869466782560344,False,True,4104.599257734388,4023.196889365479,2.0030995769011475,"[4015.131259576986, 4031.262519153972, 4129.044837261194, 4282.858704365146, 12369.340540790465, 8537.391785512855, 9621.639815765067, 10843.570453544247, 12255.352957843625, 13886.469128200204, 13707.43716507698, 13666.087809480723, 13818.452610408163, 13970.817411335604, 14394.685137313478, 14956.235470818317, 15711.499960846853, 16595.350590396, 17548.923827472114, 18572.259672075194, 19583.707065675004, 20704.877066801782, 21891.947385452026, 11148.740311629237, 12531.327394330146, 13951.854794554522, 15851.290334883262, 17862.571898255897, 20013.450225679197, 22409.714085679894, 25011.36347825799, 27740.60963488675, 30495.90765803571, 33564.471213762066, 44689.43721285696, 42937.42567936291]","[579.4, 579.4, 679.3000000000001, 749.2, 919.0, 1738.2, 1908.0000000000002, 2077.8, 2317.6, 2587.3, 2827.1000000000004, 2996.9, 3236.6000000000004, 3236.6000000000004, 3576.3, 3746.1000000000004, 3985.8, 4155.7, 4325.5, 4495.3, 4565.200000000001, 4735.0, 4904.900000000001, 5074.7, 5314.400000000001, 5484.3, 6163.6, 6643.1, 7052.6, 7562.100000000001, 8071.6, 8481.1, 8720.900000000001, 9230.400000000001, 9809.800000000001, 11238.300000000001]"
19,base,1753402734,True,0.10320425033569336,97254.19126448997,22366.300000000003,268395.60000000003,237,277.8140091650194,881.5323868538247,8.73083184688728,79.1181810491247,8.093645590980948,1.0,1.0,1.7307692307692308,3.682155056641067,328.1424636020415,436.5168868660157,4239.774008486431,1,9.2473153254542,False,True,5312.227363984257,4492.896515097494,3.231233876231732,"[4239.774008486431, 4746.0190217085565, 5500.963478076157, 6600.21489760299, 7891.544598701319, 9426.130507685784, 11231.630656665284, 13302.601810380478, 15509.030084093189, 17907.536639377395, 18549.29940254774, 19461.976405713114, 20510.777973006443, 21559.156660297285, 22861.707513897803, 24327.95376906733, 25952.492190546538, 27735.282778335415, 29681.768767693306, 31786.546923360867, 33998.39931902346, 36531.96100099325, 39269.097172420676, 30322.858588578827, 33641.285249467706, 37088.920035089795, 41039.003550164554, 45413.128517856174, 50176.738173424, 55381.05044318266, 61025.72335924107, 67149.97484791387, 73703.59011235148, 80856.24106940099, 88685.67963590947, 97254.19126448997]","[819.1, 1158.8, 1468.3999999999999, 1908.0000000000002, 2147.7, 2457.4, 2797.0, 3136.7000000000003, 3306.5, 3546.2, 3855.9, 4195.5, 4535.200000000001, 4705.0, 5114.6, 5524.099999999999, 5933.700000000001, 6343.3, 6752.800000000001, 7162.4, 7502.0, 8081.400000000001, 8630.800000000001, 9310.1, 9989.400000000001, 10498.9, 11387.900000000001, 12376.900000000001, 13365.800000000001, 14424.7, 15513.500000000002, 16672.3, 17801.100000000002, 19129.700000000004, 20658.100000000002, 22366.300000000003]"
20,base,1753412707,True,0.0849618911743164,73882.88308876721,18191.0,218292.0,190,312.987935254125,751.2552407055537,10.455705009036059,80.57960271383804,-6.89052637269641,1.0,1.0,2.066666666666667,3.2759951295854477,230.7620128698633,520.3109930190351,4428.908467727058,1,8.890547497991317,False,True,5385.11288475006,4672.557641591358,2.9399900527755265,"[4428.908467727058, 4916.206815455658, 5541.414907848195, 6380.402756359465, 7357.300349534671, 8448.97770271296, 9811.824692011522, 11312.58142597402, 13008.637784601997, 14975.863779350246, 15080.999518762434, 15457.304894294894, 16006.710687551524, 16598.14622547209, 17450.221279514473, 18467.015849678668, 19595.789909170737, 20859.89360478308, 22240.806805062442, 23849.569506124473, 25535.181711853525, 27425.51343370439, 29503.69465633792, 19796.635128302412, 22306.89498105111, 24999.304229923167, 28184.812348907308, 31554.53960867874, 35425.31575001705, 39578.22077680659, 44145.77455370976, 49140.75710752049, 54482.42841144485, 60389.43823694071, 66765.86658400806, 73882.88308876721]","[579.4, 649.3000000000001, 819.1, 1088.9, 1258.7, 1398.5, 1738.2, 1908.0000000000002, 2147.7, 2487.4, 2657.2000000000003, 2996.9, 3236.6000000000004, 3406.4, 3816.0000000000005, 4225.6, 4565.200000000001, 4904.900000000001, 5214.5, 5654.1, 5963.700000000001, 6373.300000000001, 6812.9, 7292.300000000001, 7801.8, 8281.300000000001, 9130.400000000001, 9779.7, 10728.8, 11547.900000000001, 12466.9, 13455.9, 14374.900000000001, 15533.700000000003, 16692.5, 18191.0]"
21,base,1753422680,True,0.06953167915344238,134950.69522200484,54772.700000000004,657272.4,573,291.4403934634137,1206.8205100210937,6.296215255842386,79.46322295567737,-2.07370923272145,1.0,1.0,2.2916666666666665,3.3425999036933667,485.21123009168684,379.8434936524567,4016.139339494811,1,3.49110361201538,False,True,4526.744732966508,4092.467698860924,4.659365621112666,"[4016.139339494811, 4168.796058227037, 4646.060957879666, 5394.360616007124, 6410.854514562363, 7751.956594038004, 9420.507372481097, 11492.769770589386, 13889.64034961808, 16613.959627614226, 17741.990525275567, 19199.881084742978, 20937.280643112997, 22919.499702133457, 25237.64170054915, 27984.42349955044, 31015.622178439586, 34503.914598406955, 38485.97421449655, 42940.76495090179, 47931.390246367446, 53530.717981878784, 59815.50501862616, 54720.63187465662, 62457.91884990533, 70863.03200387966, 80404.20791653231, 82437.98950856103, 85669.88152214143, 90080.6374123175, 95784.73848252009, 102811.09261373442, 111341.09012219487, 121578.45918882186, 127232.2784962836, 134950.69522200484]","[649.3000000000001, 819.1, 1228.7, 1568.3, 1908.0000000000002, 2317.6, 2727.1, 3236.6000000000004, 3646.2000000000003, 4055.7000000000003, 4565.200000000001, 5214.5, 5893.800000000001, 6543.1, 7292.300000000001, 8211.400000000001, 9030.5, 10019.5, 11138.3, 12297.1, 13555.800000000001, 14954.300000000003, 16522.7, 18091.0, 19929.100000000002, 21697.300000000003, 24014.8, 26432.300000000003, 29159.500000000004, 32016.5, 35083.3, 38289.9, 41796.200000000004, 45712.100000000006, 50007.600000000006, 54772.700000000004]"
22,base,1753432653,True,0.0679166316986084,178616.08068570786,67539.90000000001,810478.8,701,230.88585638012597,804.7730373092405,9.930484770971248,80.38066369475791,6.843999008371476,1.0,1.0,2.185185185185185,2.8571911579476166,667.1503361904495,286.4407360469027,4278.182302853563,1,4.088848105506476,False,False,5451.930145384808,4554.361147555408,3.6908305375214314,"[4278.182302853563, 4830.539992257252, 5659.060196427327, 6818.369028367086, 8308.466488076527, 10074.726462552353, 12171.775064797863, 14680.080310976691, 17441.693296977825, 20636.399782758417, 22056.216153691887, 23770.755650997788, 25774.9130496202, 35901.25555212703, 34267.660277830335, 38366.24630756391, 42819.91797843631, 47815.76941961445, 53366.30864726198, 59489.18890259846, 66291.54431479081, 73846.4832694385, 82140.75187954481, 79387.75419360066, 89579.84956582889, 92003.1290921185, 95867.35868994963, 100995.95248848923, 107539.49976128411, 115559.97310377669, 125307.2282719529, 136800.2560730841, 143665.13432766864, 152854.99048691115, 164362.17075690944, 178616.08068570786]","[749.2, 1088.9, 1428.5000000000002, 1838.1000000000001, 2247.7000000000003, 2587.3, 2996.9, 3506.4, 3816.0000000000005, 4425.400000000001, 5004.8, 5654.1, 6333.400000000001, 6982.700000000001, 9909.7, 11028.6, 12017.500000000002, 13176.300000000001, 14435.0, 15763.6, 17262.100000000002, 18930.300000000003, 20668.5, 22706.4, 24884.2, 26862.100000000002, 29619.2, 32546.200000000004, 35742.9, 39149.4, 42965.4, 47011.2, 51236.8, 56201.7, 61516.100000000006, 67539.90000000001]"
23,base,1753442626,True,0.0797111988067627,730732.3680462509,190262.0,2283144.0,1980,127.03888818825382,631.0632542536428,12.274643143742587,79.36264505069357,17.68672304550709,1.1766437684003925,1.0,3.5,1.5869606642252108,2967.6348668593787,93.89971512975713,4367.618915627669,1,8.208162382379921,False,True,6263.605331023973,4781.604736868664,5.184055631134092,"[4367.618915627669, 5195.5905581096595, 6619.610255328744, 8719.71505339634, 11521.792931178392, 15056.460729661285, 19222.27102796424, 24125.96417894739, 29860.392556604926, 36727.76214458516, 42839.5788032943, 50418.669752040594, 59732.62771767837, 62209.76679243045, 67374.83450109427, 75078.47682731814, 86028.24768624536, 93876.36838940701, 105894.21800016589, 122650.44280765945, 129557.63268606184, 142768.61526137887, 155296.37957109624, 162445.83945190237, 187920.22948369168, 215824.23497709556, 250027.28264261663, 289982.5991687238, 330250.8817660997, 372182.78370788996, 419407.607783412, 471716.01515723695, 528672.0378668506, 590807.6681466535, 658083.5390065305, 730732.3680462509]","[1158.8, 1738.2, 2487.4, 3336.5, 4225.6, 5144.6, 6403.300000000001, 7971.700000000001, 9809.800000000001, 12157.300000000001, 14914.500000000002, 18151.1, 21967.100000000002, 25982.9, 31397.300000000003, 37321.1, 44403.8, 52165.7, 61326.100000000006, 71915.1, 81515.1, 90845.40000000001, 99626.3, 107967.6, 115939.30000000002, 122782.20000000001, 130713.90000000001, 137966.40000000002, 145049.0, 151552.2, 158225.3, 164628.6, 170482.5, 177015.80000000002, 183489.0, 190262.0]"
24,base,1753452599,True,0.08861041069030762,134291.31145651173,37472.3,449667.60000000003,377,206.55782492754625,501.80098592081384,16.116123177124848,80.18866172260816,6.310651667877585,1.0,1.0,2.130434782608696,2.4059242347786194,482.4637977354657,416.2627278696232,4339.499192309968,1,5.350444412146021,False,False,5521.732697089961,4618.262777857459,2.6184748811442162,"[4339.499192309968, 4897.02636340495, 5729.968141651632, 6836.5188611683325, 8137.3578467458865, 9711.805773593458, 11640.988982801895, 13902.167761647035, 16436.955481762194, 19326.478484238214, 20390.662374947693, 21702.36251050304, 31056.639657814634, 28347.510921354347, 31289.492074406622, 34387.69043478977, 37803.15234359464, 41495.91780082122, 45601.888444163684, 49973.783598412876, 54619.56767968963, 59747.68328817311, 65237.66504525748, 59320.346595609444, 65887.84793922899, 72723.1410973311, 80562.49029354667, 88956.46822429984, 98167.28315565147, 107961.34778402571, 110093.38017021009, 113060.07686056878, 116760.93689261678, 121497.52920762409, 127326.4564057699, 134291.31145651173]","[749.2, 1019.0, 1358.6000000000001, 1698.3000000000002, 1938.0000000000002, 2277.7, 2717.3, 3126.8, 3466.5000000000005, 3906.1000000000004, 4315.6, 4825.1, 5334.6, 7782.200000000001, 8561.4, 9140.800000000001, 9820.1, 10499.400000000001, 11348.6, 12097.800000000001, 12807.100000000002, 13756.2, 14675.300000000003, 15864.100000000002, 17052.9, 17971.9, 19670.200000000004, 21198.7, 22966.9, 24565.3, 26393.500000000004, 28331.5, 30199.600000000006, 32407.4, 34855.0, 37472.3]"
25,base,1753462572,True,0.0788273811340332,157877.93212420144,51097.0,613164.0,530,188.5336449190799,515.1689573616113,15.317110879152073,81.16897992498343,9.117073683821502,1.0,1.0,2.25,2.303446676439175,580.7413838508394,276.44391138049224,4327.946867989512,1,4.273767672419584,False,False,5456.037093450305,4561.781030698582,2.9656963176990283,"[4327.946867989512, 4795.615193407652, 5676.177726797856, 6888.046483728407, 8431.221464199307, 10308.97283252438, 12599.618408821514, 15303.158193090712, 18344.459944305265, 21606.855903491884, 23138.749707961302, 25125.990470946217, 27382.30037232874, 29727.369970248525, 32763.56145710935, 36054.530066799496, 39810.46274531279, 44078.21182420193, 48895.589738025934, 54185.997525222694, 59883.80720136049, 66224.83369686487, 73170.33048473275, 68909.37684251065, 77472.77422762719, 86485.75092797684, 96795.43835220239, 99582.65101173865, 103314.20455946465, 108080.45681549827, 114140.03504181774, 121323.8748913021, 129697.87967263442, 139568.6257736689, 151069.94045638375, 157877.93212420144]","[749.2, 919.0, 1428.5000000000002, 1838.1000000000001, 2247.7000000000003, 2657.2000000000003, 3166.7000000000003, 3676.2000000000003, 4155.7, 4665.2, 5244.5, 6093.700000000001, 6842.9, 7322.400000000001, 8411.300000000001, 9260.4, 10249.300000000001, 11368.2, 12596.900000000001, 13785.7, 14874.6, 16203.2, 17601.7, 19270.000000000004, 21108.1, 22566.600000000002, 24884.2, 27231.800000000003, 29549.3, 31966.800000000003, 34754.0, 37511.100000000006, 40338.2, 43574.8, 47181.1, 51097.0]"
26,base,1753472545,True,0.0792245864868164,186132.8578708586,102055.2,1224662.4,1048,204.98966425446415,1255.4151782672398,6.18425492391898,79.60747759637856,11.533298169232985,1.0,1.0,3.238095238095238,2.8022202523522193,4690.821446771465,269.8799057249173,1184.8346780455179,5,2.5708683684986986,False,True,1270.9238314879894,1201.2683274242613,6.373131402166269,"[3029.3436494080815, 2248.178962593621, 1660.4573444865953, 1288.6644497163177, 1184.8346780455179, 1217.7019768030045, 1559.109662674697, 2158.123540353302, 3066.25506916084, 4300.530053790019, 6021.480158018297, 8212.656841167693, 10913.571562560226, 14061.778667566587, 18021.664143538248, 22691.948044867255, 28146.60198093902, 34409.177411075565, 41685.19180374705, 49930.23661827551, 59240.80911867565, 61396.42388736898, 64892.198338433634, 57991.68705429109, 64866.484617362854, 73454.72263703434, 84376.81602844922, 91132.08791470696, 100481.01589254444, 112591.34894414592, 128181.35305686286, 132159.75971181394, 141092.59977675154, 153857.38759704633, 171440.15156331292, 186132.8578708586]","[679.3000000000001, 919.1000000000001, 1158.8, 1428.5000000000002, 1768.2, 2007.9, 2517.4, 3096.8, 3776.1, 4525.3, 5514.3, 6603.200000000001, 7792.0, 8950.800000000001, 10549.1, 12247.400000000001, 14085.5, 16023.500000000004, 18271.2, 20618.800000000003, 23136.2, 26093.2, 29259.9, 32866.200000000004, 36912.1, 41097.8, 46132.6, 51507.100000000006, 57460.9, 63924.3, 70827.20000000001, 77600.3, 83823.90000000001, 90017.5, 96071.3, 102055.2]"
27,base,1753482518,True,0.07163095474243164,65853.52567924258,14784.5,177414.0,155,340.90288480674684,549.7523259854001,13.750266555662606,76.96454389238687,-24.12589234585635,1.0,1.0,2.388888888888889,3.558348420797943,197.30635699684404,841.0880876405002,3065.333926863916,4,5.27410894594731,False,True,3204.8577362432184,3069.8461540371895,1.992267281965452,"[3593.1927636997, 3266.0879536965917, 3074.358381210463, 3065.333926863916, 3248.357521254137, 3692.7886600811316, 4329.267847644895, 12875.906171330953, 9830.229849749598, 11770.403005614196, 11845.951398995774, 12113.54784111412, 12585.87901644945, 13114.883003004568, 13835.935038296455, 14818.394618025115, 15936.229435270754, 17187.535130727003, 18553.625944322834, 19959.17199543564, 21353.47085776824, 22855.184957617817, 24550.386601904167, 14506.491028144268, 16507.516314340926, 18646.109144974358, 21180.979995078524, 23771.55413143644, 26777.816167887686, 29811.78149059268, 40932.21592015393, 39473.17565692769, 43653.64856057779, 48095.777057401436, 52973.67881121279, 65853.52567924258]","[649.3000000000001, 749.2, 919.0, 1158.8, 1398.5, 1738.2, 1977.9000000000003, 2147.7, 3406.4, 3646.2000000000003, 3816.0000000000005, 4055.7000000000003, 4325.5, 4395.400000000001, 4635.1, 4974.8, 5144.6, 5314.400000000001, 5554.200000000001, 5724.0, 5793.900000000001, 5963.700000000001, 6303.400000000001, 6812.9, 7122.5, 7462.200000000001, 8141.5, 8551.000000000002, 9300.300000000001, 9709.8, 10319.2, 12157.300000000001, 12636.8, 13216.2, 14065.3, 14784.5]"
28,base,1753492491,True,0.07130002975463867,82187.71131293976,17691.800000000003,212301.60000000003,182,335.47948972330164,553.1595591398875,14.121537738472616,78.15245097897082,-15.43522316831802,1.0,1.0,2.9375,3.232406475053216,265.36546380391565,773.5337116304464,4034.222788471464,1,9.697010525013866,False,True,4376.087392156216,4092.4872558576467,2.1696195120878423,"[4034.222788471464, 4150.7517232438295, 4451.199281793679, 4889.115647869214, 5520.6634826952195, 6361.273426374826, 7476.820985105805, 8832.449828839053, 10406.853626398888, 19970.277338119202, 15423.3494488239, 16460.98018330608, 17540.159725313948, 18632.725413622717, 19878.962570681957, 21294.54449781958, 22711.715232482893, 24326.190737224588, 25998.417710716756, 27839.989454287308, 29601.843859082644, 31610.675878929353, 33886.36147638013, 24360.940651434983, 34814.371209400786, 32632.652678546277, 36379.93919404631, 40311.54543345131, 44539.554057986075, 49036.0050676506, 53719.59231614398, 58767.7446109919, 63975.07314466867, 69618.5600260279, 75656.16076126737, 82187.71131293976]","[579.4, 679.3000000000001, 919.1000000000001, 1088.9, 1328.6000000000001, 1598.4000000000003, 1938.0000000000002, 2247.7000000000003, 2517.4, 2857.1000000000004, 4355.5, 4595.3, 4765.1, 4865.0, 5104.7, 5444.400000000001, 5614.200000000001, 5953.900000000001, 6193.6, 6533.299999999999, 6603.200000000001, 6942.800000000001, 7452.3, 7961.800000000001, 8541.2, 10209.5, 10958.7, 11568.1, 12247.400000000001, 12926.7, 13506.100000000002, 14255.300000000003, 14834.700000000003, 15683.900000000001, 16602.9, 17691.800000000003]"
29,base,1753502464,True,0.12802958488464355,546676.3817348835,171142.2,2053706.4000000001,1778,180.02311440816004,854.7568886394436,9.022229191114256,75.97952039576928,7.637231882993794,1.1766437684003925,1.0,3.3653846153846154,2.198774268307926,2200.734923895348,247.08687153308605,4311.697563451722,1,6.070415001167101,False,True,9483.466179281137,4597.04266593463,5.033532646780968,"[4311.697563451722, 4882.387768417539, 13600.236540965085, 11017.158982902336, 13996.2475898646, 17300.115885362804, 20974.810004318715, 32862.30885588136, 33667.871270335476, 40279.20877083644, 45747.67794835607, 59853.97032345424, 63429.31086133745, 64712.85233882845, 75482.68559335254, 76352.41596178674, 84379.05462571915, 94645.73908822163, 101357.3029527082, 110983.00985717254, 123999.40167561462, 125340.28238759539, 132904.88801355392, 133299.57023310434, 143873.6612016075, 167389.4474981624, 188880.35241169925, 215694.37277424207, 244831.50858579084, 278976.78813737055, 318174.6000909344, 356992.24632847914, 397003.0645970799, 442009.4332002038, 491867.32663125865, 546676.3817348835]","[819.1, 1158.8, 1738.2, 3816.0000000000005, 4325.5, 5004.8, 5823.900000000001, 6912.799999999999, 10828.7, 12596.900000000001, 14604.800000000003, 16852.5, 22067.0, 25024.0, 28840.0, 35682.9, 40687.7, 46132.0, 52635.299999999996, 59717.90000000001, 67719.6, 75991.0, 83992.70000000001, 91614.79999999999, 99107.0, 105850.00000000001, 113132.4, 119975.30000000002, 126818.20000000001, 133251.5, 139754.80000000002, 146088.2, 152111.90000000002, 158545.30000000002, 164778.80000000002, 171142.2]"
30,base,1753512437,True,0.18265128135681152,-9546.229542783463,1498.4,17980.800000000003,16,449.978176869212,502.1219872776015,15.309942378814354,79.6264861369123,-95.74843168566855,1.0,1.0,2.1666666666666665,11.905274880506349,-116.85928976159774,1028.119730263694,-12376.80053531808,24,0.0,True,True,-12268.680423258129,-12345.909074729523,0.508156800871438,"[4013.0296450171318, 4027.0592900342635, 4041.0889350513953, 4055.118580068527, 4069.148225085659, 4083.1778701027906, 4097.207515119922, 4111.237160137054, 4182.71900799401, 4391.116522271664, 2808.5854250375287, 1362.9699942240923, -25.19323374952046, 116.05315100846872, -932.8468259121111, -871.0639047349964, -809.2809835578818, -747.4980623807671, -685.7151412036525, -623.9322200265378, -562.1492988494232, -500.36637767230854, -438.5834564951939, -12376.80053531808, -12315.017614140965, -12253.23469296385, -12111.98830820586, -11913.289720608047, -11657.138930170411, -11400.988139732775, -11144.83734929514, -10809.22309527663, -10553.072304838994, -10217.458050820484, -9881.843796801973, -9546.229542783463]","[579.4, 579.4, 579.4, 579.4, 579.4, 579.4, 579.4, 579.4, 649.3000000000001, 819.1, 1088.9, 1258.7, 1328.6000000000001, 1258.7, 1258.7, 1158.8, 1158.8, 1158.8, 1158.8, 1158.8, 1158.8, 1158.8, 1158.8, 1158.8, 1158.8, 1158.8, 1258.7, 1328.6000000000001, 1398.5, 1398.5, 1398.5, 1498.4, 1398.5, 1498.4, 1498.4, 1498.4]"
31,base,1753522410,True,0.2842845916748047,127572.79673234341,39109.0,469308.0,410,332.17689705859084,922.8170386557906,8.457584827113982,77.58505340194418,-7.459375015346479,1.0,1.0,3.5,3.671037295560564,454.4699863847642,663.3073004829969,4134.854160221174,1,4.920541692122814,False,True,4809.8058964808715,4270.9724946360475,3.2319458164814545,"[4134.854160221174, 4407.0908290509215, 4944.044252290854, 5594.08767800022, 6460.351119692014, 7647.876317028711, 16698.219661341158, 13997.770264079152, 16822.928376660435, 19816.923243651905, 28666.190503420738, 25119.25318285921, 27250.21512531644, 29498.638823418572, 32040.866785774182, 34808.979012383264, 37939.3580118544, 41250.99378171814, 44912.89632444394, 48869.14564003178, 53119.74172848166, 57641.39208365446, 62677.560964864766, 56093.084128780414, 62084.88082243773, 68443.94104336727, 75555.49481002091, 83304.23886082642, 91750.05896596458, 100901.53186386316, 102310.49506189603, 104550.07856253261, 115314.09051027923, 114619.01492977052, 120465.58891735371, 127572.79673234341]","[579.4, 749.2, 1088.9, 1228.7, 1498.4, 1908.0000000000002, 2147.7, 3816.0000000000005, 4055.7000000000003, 4395.400000000001, 4805.0, 6613.0, 7122.5, 7532.1, 8111.500000000002, 8690.9, 9440.1, 10049.5, 10798.7, 11547.900000000001, 12297.1, 13016.300000000001, 14035.3, 15024.2, 16252.900000000001, 17341.8, 18840.2, 20408.6, 22076.800000000003, 23815.0, 25653.1, 27631.000000000004, 29708.800000000003, 33554.8, 36182.0, 39109.0]"
32,base,1753532383,True,0.23775267601013184,138778.9157828799,59167.5,710010.0,625,233.4883445927635,1233.533910306194,6.365377202616869,82.45207277171315,11.75415131102853,1.0,1.0,2.6666666666666665,3.041881355543865,3506.972894571997,207.81556873150384,524.9952894081723,6,3.530205825443353,False,True,622.8562070518872,562.6323371751434,5.643250739390167,"[2998.6363330998865, 2082.474450149307, 1367.023836150945, 927.4762287276071, 630.3851477551448, 524.9952894081723, 600.2693849421146, 913.8212295524222, 1348.4461270644815, 2123.8453001037824, 3144.0987486703248, 4467.461215265452, 6150.174483838695, 8068.076770440522, 10621.232865595488, 13474.409247731257, 16866.959438420166, 20777.17818016356, 25212.062560736354, 30316.396714989125, 35823.529466623106, 42212.82326088927, 49327.39518556256, 45321.03942182024, 54219.98479506007, 63972.271305282025, 66586.82092906651, 70400.11545036305, 75589.84313324533, 82164.59346271603, 90269.15770772738, 100051.25117380125, 111431.27160831752, 118431.9032404767, 127478.0043806792, 138778.9157828799]","[649.3000000000001, 749.2, 988.9, 1328.6000000000001, 1498.4, 1738.2, 1977.9000000000003, 2387.5, 2727.1, 3306.5, 3885.9, 4535.200000000001, 5284.400000000001, 5933.700000000001, 7022.6, 7911.600000000001, 9000.5, 10159.300000000001, 11348.0, 12746.600000000002, 13905.300000000001, 15543.6, 17211.800000000003, 19089.800000000003, 21097.7, 23105.6, 25732.800000000003, 28459.9, 31456.8, 34593.5, 37969.90000000001, 41646.1, 45362.1, 49657.600000000006, 54222.8, 59167.5]"
33,base,1753542356,True,0.11046791076660156,164795.33855869132,70516.6,846199.2000000001,734,233.13727773368905,887.392041100517,8.914772237735821,79.81204476957723,5.670512771409069,1.0,1.0,2.357142857142857,2.9805324331068532,609.5639106612138,252.85483971412143,4236.302268656524,1,3.7192771134053406,False,False,5266.639650261664,4489.151008032419,4.0733078706149435,"[4236.302268656524, 4741.999747408314, 5441.519617879449, 6466.50810015285, 7896.640782533861, 9657.344846646562, 11823.193110866872, 14451.258976901794, 17484.469043044326, 20836.3944358789, 22470.49301883343, 24431.838193614913, 26749.54336193035, 29333.472352143322, 32547.219315914936, 36221.921483315775, 40459.81662924952, 45186.342567117834, 50527.646100334714, 56559.45344898308, 63025.084991273005, 70425.60492731212, 78614.2866588074, 75854.16758245246, 77479.86828157838, 79998.32598625576, 84065.54069001853, 89456.1501677704, 96289.41462463234, 104613.10028068729, 114712.42070426529, 120169.29551715625, 127512.62711107952, 137188.42867615505, 149307.5222258921, 164795.33855869132]","[749.2, 1088.9, 1328.6000000000001, 1738.2, 2247.7000000000003, 2657.2000000000003, 3166.7000000000003, 3746.1000000000004, 4255.6, 4904.900000000001, 5584.200000000001, 6333.400000000001, 7152.5, 7901.800000000001, 9060.5, 10219.300000000001, 11508.000000000002, 12766.7, 14165.2, 15733.6, 17062.2, 18900.300000000003, 20808.300000000003, 23086.0, 25333.600000000002, 27581.300000000003, 30648.1, 33844.8, 37251.200000000004, 40827.5, 44843.3, 49098.90000000001, 53594.2, 58768.8, 64422.90000000001, 70516.6]"
34,base,1753552329,True,0.08322358131408691,27248.64194236976,10229.1,122749.20000000001,109,145.60373100573682,451.47883439421724,16.75395522022981,78.41267491803228,-9.009055540789625,1.0,1.0,1.8888888888888888,2.8419591623959937,718.716048559244,632.8519317971754,-6360.730345245356,24,5.17710419208479,True,True,-1959.1807542123547,-5055.3114185757095,2.431277780905369,"[2684.3094484100575, 1369.6188968201152, 167.93399037279755, -819.1291622465576, -1083.0926718092155, -1290.553358800561, -1362.2768416477852, -1301.6782690613436, -1184.5768739035898, -988.2410971730267, -735.4024978711514, -346.82669442515476, 230.57398702582032, 243.34378856571607, 448.35361682104485, 683.4764071365528, 1009.6907831689907, 1420.2651859168627, 1923.784466669713, 2467.120951566684, 3078.2746406077763, 3810.3332076538472, 4638.711801415351, -6360.730345245356, -3749.8924919060637, -1327.8795165717502, 1339.4611593388545, 2504.156243537702, 11528.16290176392, 7966.315871557865, 17772.300415379177, 14913.196889195406, 17734.792622589423, 20714.71432327318, 23871.358106106036, 27248.64194236976]","[509.5, 509.5, 649.3000000000001, 649.3000000000001, 749.2, 819.1, 988.9, 1158.8, 1228.7, 1328.6000000000001, 1398.5, 1568.3, 1808.1000000000001, 1908.0000000000002, 2147.7, 2457.4, 2727.1, 2966.8, 3206.6000000000004, 3376.4000000000005, 3546.2, 3786.0000000000005, 4025.7000000000003, 4365.400000000001, 4365.400000000001, 4125.6, 4435.3, 4774.900000000001, 5184.5, 6752.800000000001, 7162.4, 8630.800000000001, 8970.5, 9340.1, 9749.7, 10229.1]"
35,base,1753562302,True,0.06931328773498535,70892.66852547132,19549.600000000002,234595.2,204,167.10609270453622,432.92302368233896,17.73194127506886,79.13663653336228,3.703983886527623,0.8,0.8,1.9230769230769231,2.3536268041984867,1809.8167131367832,462.2469155507953,-337.54826496811563,4,7.759391306602267,False,True,-166.89920401621202,-305.89914799063513,2.61555286110763,"[2751.321919915203, 1559.9832080067206, 504.8200663155146, -337.54826496811563, -274.2500310131546, -131.11559501723116, 68.35820915500665, -20.656014986617606, 314.9933594028968, 70.44971531402359, 363.2484061089177, 580.3538789975252, 928.6408555183144, 1365.8826424466797, 2156.8535463525254, 2988.4155906929236, 4065.9505499698407, 5220.819687830648, 14283.592923547556, 11314.069037929152, 13553.680722528024, 16130.682155928063, 18832.57409793897, 9832.315156927358, 13061.945332893223, 16408.78588948394, 20257.447335310382, 24417.41587465723, 28927.365303239796, 33672.00258515247, 38806.620756300865, 44388.72159118694, 50306.00572163439, 56645.98947767019, 63457.37209948464, 70892.66852547132]","[579.4, 649.3000000000001, 819.1, 1088.9, 1158.8, 1258.7, 1328.6000000000001, 1498.4, 1498.4, 1838.1000000000001, 1977.9000000000003, 2417.5, 2727.1, 2996.9, 3576.3, 3915.9, 4395.400000000001, 4735.1, 5144.6, 7462.200000000001, 7632.000000000001, 8141.5, 8551.000000000002, 9130.400000000001, 9709.8, 10149.4, 10998.5, 11817.7, 12666.800000000001, 13386.0, 14235.100000000002, 15224.1, 16143.2, 17132.100000000002, 18221.0, 19549.600000000002]"
36,base,1753572275,True,0.06668353080749512,321609.3575526618,134579.1,1614949.2000000002,1409,196.0763621657393,1035.2811545650927,7.642514473604277,80.19813332940981,7.654692182956138,1.0,1.0,2.7096774193548385,2.376483878469681,1262.955656469424,168.4956679077834,4308.756920250763,1,4.1739997974386505,False,True,5509.770814924549,4597.389268054048,5.70103155337816,"[4308.756920250763, 4886.021615857333, 5717.687214613621, 6955.343728153099, 8656.950038336934, 10764.547263303957, 13394.053166776506, 16461.704882714388, 19900.02953472401, 23699.066004666543, 26040.40318603662, 28874.079960695413, 32310.619468070305, 36282.101708161295, 41275.04185331779, 47081.0734096959, 53961.202656150395, 62037.63886453813, 71402.92793535166, 73832.65540766912, 78008.9883170697, 84187.55996103956, 92723.05939644642, 92000.26531342929, 100026.80729364342, 111474.12364886556, 127177.44136937805, 131975.39417632614, 142397.11003678775, 159078.63915411857, 174172.47350703005, 195004.1374383052, 221190.21040886588, 249698.66953950812, 283213.50967651384, 321609.3575526618]","[749.2, 1088.9, 1398.5, 1908.0000000000002, 2487.4, 2996.9, 3646.2000000000003, 4225.6, 4974.8, 5793.900000000001, 6882.799999999999, 8041.6, 9370.2, 10698.800000000001, 12636.8, 14614.7, 16932.2, 19589.5, 22516.4, 25922.800000000003, 29808.8, 34234.100000000006, 39378.700000000004, 45372.50000000001, 52325.20000000001, 60057.1, 69217.5, 78038.3, 86419.5, 94221.3, 101783.40000000001, 108935.9, 115608.90000000001, 122252.0, 128485.4, 134579.1]"
37,base,1753582248,True,0.06841182708740234,177891.1244965438,94001.8,1128021.6,982,214.45105476025748,1025.9725184890715,7.6920592486668,79.84244726302443,7.948839179439012,1.0,1.0,2.4285714285714284,2.8150362762101198,664.1296854022659,378.19408236469906,4474.049706645256,1,2.785875692137795,False,True,5964.663906418826,4846.5176106641475,4.995705335847607,"[4474.049706645256, 5218.985514683039, 6213.223370330755, 7556.677114964724, 9283.331801002023, 11281.96090223758, 13686.463312464795, 16470.95489404627, 19392.278310831407, 22825.561138000725, 24517.681901766227, 26565.29802213332, 29153.67818048913, 32018.33111545193, 35665.674189795966, 39825.29829732157, 44638.51827803955, 50106.071551955305, 56467.795906655636, 63589.85965594626, 71474.39111363293, 80604.54506249528, 82404.40544874378, 73507.45758137704, 78186.97408799264, 84162.56080997383, 92221.90726253897, 102310.73259606294, 108255.38280436618, 116650.98614402325, 127726.88860885456, 141783.2056630338, 143570.50862517385, 150606.39749527472, 161732.12653952528, 177891.1244965438]","[749.2, 1088.9, 1398.5, 1838.1000000000001, 2317.6, 2657.2000000000003, 3166.7000000000003, 3646.2000000000003, 4055.7000000000003, 4904.900000000001, 5654.1, 6473.200000000001, 7562.100000000001, 8451.1, 9879.7, 11238.300000000001, 12736.7, 14305.0, 16213.100000000002, 18121.1, 20029.0, 22546.4, 25273.6, 28270.4, 31746.800000000003, 35113.3, 39408.8, 44103.9, 49318.40000000001, 55002.50000000001, 61206.00000000001, 68048.90000000001, 74622.0, 81195.1, 87698.4, 94001.8]"
38,base,1753592221,True,0.09803986549377441,157676.3238088963,61055.3,732663.6000000001,647,302.33671532526307,1146.2118454970882,6.724407144616125,79.38027060754166,-4.45386017887767,1.0,1.0,3.0416666666666665,3.5362543108204894,579.9013492037349,424.786080663324,4012.6041893333595,1,3.875049433460126,False,True,4522.561923635268,4087.5356476463035,4.218043133083057,"[4012.6041893333595, 4162.467105959247, 4642.593529527275, 5315.513300697249, 6341.886065483053, 7617.586798180224, 16950.80384654917, 14707.74080170516, 18123.465370786398, 21801.912174102305, 23634.185672622105, 25878.691564716766, 28426.25841833862, 31197.202126504566, 34447.46552349023, 38069.16860929562, 42256.31616357034, 46833.2640793313, 59566.01373326045, 60576.90047692583, 67526.8650366625, 75179.52613976297, 83627.62343224113, 80960.80077502526, 82651.71278842475, 85195.58895911329, 88990.41690101614, 93809.20712745961, 99856.75298604566, 107174.64463611445, 115910.90491194164, 126070.72305414607, 131223.71368303715, 138149.5592789044, 146886.5583229855, 157676.3238088963]","[649.3000000000001, 819.1, 1228.7, 1468.3999999999999, 1908.0000000000002, 2217.6000000000004, 2727.1, 4605.1, 5114.6, 5694.0, 6173.400000000001, 6922.700000000001, 7671.900000000001, 8321.2, 9240.2, 10159.2, 11318.0, 12376.900000000001, 13535.6, 16502.5, 17901.0, 19469.300000000003, 21237.5, 23215.4, 25263.2, 27341.0, 29928.300000000003, 32485.6, 35282.600000000006, 38249.5, 41486.100000000006, 44862.5, 48308.8, 52224.700000000004, 56420.200000000004, 61055.3]"
39,base,1753602194,True,0.08129668235778809,502807.6248271292,170607.30000000002,2047287.6,1827,161.90759939858214,1133.5131836802282,6.695942010789377,79.84378504165936,13.515710478085003,1.0,1.0,3.2903225806451615,2.081803060618704,2017.948436779705,458.6147323098869,4707.8890100266435,1,5.824298949091824,False,True,6705.506774482875,5224.892921955268,7.285324999305112,"[4707.8890100266435, 5741.896833883894, 7026.710088015869, 8636.64215597845, 10709.109646299396, 13113.104764549335, 15920.632736890593, 19125.087150991454, 22789.555801281283, 27040.18970716132, 29787.517682729955, 33406.98413859289, 37892.221256839446, 43240.670072435816, 49984.33482948733, 58053.67433417601, 67877.65739241609, 70992.0238453558, 76368.95351066203, 84305.35725653282, 95195.88828419094, 102977.61626036788, 122436.67245714017, 109289.8999380058, 116376.83266508365, 129792.19742950238, 143253.3476342191, 163948.72185687543, 191684.21207807015, 223184.98908074776, 261132.34586517603, 300096.48779550963, 344850.5720658343, 391968.9120597059, 444659.0585873865, 502807.6248271292]","[749.2, 1158.8, 1468.3999999999999, 1878.0000000000002, 2457.4, 2866.9, 3516.2000000000003, 4335.3, 5324.3, 6553.0, 7781.6, 9489.800000000001, 11427.8, 13475.6, 16242.6, 19279.300000000003, 22995.4, 27091.0, 31965.8, 37599.700000000004, 44112.8, 51514.8, 60185.5, 70794.1, 81093.20000000001, 90373.20000000001, 99992.9, 109033.20000000001, 117833.8, 126294.80000000002, 134346.1, 142257.7, 149489.90000000002, 156822.1, 163784.6, 170607.30000000002]"
40,base,1753612167,True,0.07111239433288574,32081.490445125106,10029.3,120351.59999999999,107,395.6114938918417,759.1894649924408,10.265122440377752,79.73555441402577,-23.18428837206968,1.0,1.0,1.8333333333333333,4.086628851678535,56.589543521354635,711.1326417775672,4467.526349535882,1,2.9986598430327995,False,True,5490.146432193942,4730.128009321494,2.3325147414756215,"[4467.526349535882, 4992.729669107104, 5655.952019889554, 6454.306069902157, 7255.547451895835, 8191.920533119667, 9184.970584378838, 10259.362696813898, 11390.431779284298, 12794.651592196078, 12336.890436319089, 11992.483220512777, 11786.095035917693, 11714.838550552762, 11838.278066434399, 12234.868312757419, 12722.037972443733, 13279.306663341276, 13882.009294309499, 14566.81095648895, 15318.824317898552, 16140.896710519384, 16951.726073175556, 5815.937497007617, 6831.99759010517, 7890.156714413952, 9131.76881000464, 10522.69163603671, 12053.772524491236, 13640.822082211256, 15407.989702353734, 17369.14502297293, 19361.156344838695, 29327.96120185929, 34261.31552350235, 32081.490445125106]","[579.4, 649.3000000000001, 819.1, 989.0, 988.9, 1158.8, 1228.7, 1328.6000000000001, 1398.5, 1738.2, 1908.0000000000002, 2047.8000000000002, 2217.6000000000004, 2387.5, 2627.2, 2966.9, 3136.7000000000003, 3306.5, 3446.3, 3616.1000000000004, 3786.0000000000005, 3955.8000000000006, 4025.7000000000003, 4125.6, 4365.400000000001, 4535.200000000001, 4844.8, 5184.5, 5524.099999999999, 5763.900000000001, 6103.500000000001, 6513.1, 6752.800000000001, 7162.4, 8560.900000000001, 10029.3]"
41,base,1753622140,True,0.07025980949401855,133026.73378729713,62434.100000000006,749209.2000000001,659,211.83235337066756,923.2248800238699,8.482331730188104,80.01182771476718,13.035612059197698,1.0,1.0,2.2222222222222223,2.9389531916414358,3363.168344682429,221.7870548216715,504.3440054898274,5,3.1799533391677492,False,True,690.9023995732341,561.7725875868427,4.419682022996039,"[2764.159830666457, 1723.8576420983613, 1008.8714217708282, 619.2011696838581, 504.3440054898274, 714.8028095363595, 1282.9019144179917, 1898.8704368840492, 2796.5900347181605, 3953.232144739305, 5340.836766947481, 7016.535338161668, 8952.367858381866, 11040.700010441473, 13713.310642928674, 16647.581768368356, 20042.25137423563, 23802.000250491394, 28107.594151121222, 32875.11307612511, 38030.91047484693, 43956.817429364404, 50597.84536978683, 46109.16739071683, 54520.27003610086, 63625.826761992466, 65593.88662452514, 68601.62595339036, 73032.64805744574, 78790.2321400207, 86105.27128900819, 95133.2537061383, 105970.34025252411, 112509.85832651549, 121447.95411060797, 133026.73378729713]","[749.2, 988.9, 1398.5, 1808.1000000000001, 2147.7, 2557.3, 3066.8, 3376.4000000000005, 3885.9, 4465.3, 5044.7, 5694.0, 6343.3, 6852.700000000001, 7841.700000000001, 8660.800000000001, 9649.800000000001, 10598.800000000001, 11757.600000000002, 12916.400000000001, 13975.2, 15473.700000000003, 17111.9, 19019.9, 21097.7, 23005.7, 25662.9, 28290.100000000002, 31386.9, 34593.5, 38139.7, 42055.6, 46281.200000000004, 51056.100000000006, 56440.4, 62434.100000000006]"
42,base,1753632113,True,0.06920313835144043,206904.76398164185,102611.3,1231335.6,1087,211.60283467852074,903.8649934885581,8.674409568253447,79.89951039311049,5.787543786366434,1.0,1.0,2.466666666666667,2.697923699779758,785.0198499235078,339.7963754541778,4269.412991436284,1,2.911922963779921,False,True,5503.178883321532,4567.683296482226,4.519494001020452,"[4269.412991436284, 4865.953601528168, 5715.587310585987, 6915.2361202903285, 8498.313952894023, 10415.673770698326, 12740.350093392906, 15586.945729465268, 18788.53448284783, 22361.47143584285, 24213.949106459404, 26520.345267166842, 29307.18835990766, 32542.405866672787, 44206.16943410013, 44355.31627520467, 50519.7968437113, 57391.00550616503, 65213.92099498677, 74100.07560233555, 83832.62732653078, 86420.03971016148, 90277.15741025108, 83628.81412320235, 90686.67138992374, 99302.97105895115, 110361.94710001673, 117072.38276590015, 126525.76033161138, 138675.4222266432, 154106.06732008117, 157989.9457657391, 167000.92994496136, 180226.6571859251, 190977.61819815193, 206904.76398164185]","[749.2, 1158.8, 1468.3999999999999, 1908.0000000000002, 2387.5, 2797.0, 3306.5, 3955.8000000000006, 4535.200000000001, 5284.400000000001, 6003.6, 6922.6, 7981.500000000001, 9070.400000000001, 10498.9, 13945.199999999999, 15683.400000000001, 17421.500000000004, 19469.300000000003, 21816.9, 24034.500000000004, 26831.600000000006, 29798.4, 33134.9, 36920.9, 40736.8, 45681.6, 50726.200000000004, 56660.00000000001, 62963.3, 69955.9, 76738.70000000001, 83111.90000000001, 89724.90000000001, 96168.1, 102611.3]"
43,base,1753642086,True,0.0788571834564209,129643.35132574273,44664.2,535970.3999999999,458,235.9856764545473,660.6911034826805,11.829782297219234,78.1601428177801,4.8561838827408765,1.0,1.0,1.7352941176470589,2.8308946511769277,463.0972971905946,433.71847962389825,4331.763624392426,1,4.566554678541342,False,True,5277.558617336308,4560.31322148037,3.0680307346903692,"[4331.763624392426, 4788.862818568315, 5440.457216925639, 14146.302236725598, 11090.532100683256, 13410.451881457771, 15911.599502586514, 18686.66600773041, 21587.831016268443, 24752.65746181128, 26045.78204514622, 27698.983635269433, 29536.85893296821, 31418.180097888333, 33757.6979039947, 36334.680080716535, 39277.60380536817, 42510.70256367518, 46150.49353295189, 50234.99474006543, 54711.01882118857, 59692.31031746285, 65203.659891928175, 59205.10754458454, 65834.25620904262, 72885.58295169176, 81064.66932046173, 89910.24425993659, 91208.5294885722, 93280.20170715585, 96370.30714851092, 100589.239409288, 105872.74339623062, 112343.68940677668, 120182.86858049309, 129643.35132574273]","[749.2, 919.1000000000001, 1158.8, 1598.4000000000003, 3096.8, 3266.6000000000004, 3506.4, 3846.0000000000005, 4185.7, 4695.2, 5104.7, 5784.1, 6363.5, 6703.1, 7452.3, 8131.6, 8950.800000000001, 9730.0, 10649.1, 11668.000000000002, 12687.0, 13845.800000000001, 15104.5, 16363.2, 17791.7, 19050.4, 21128.300000000003, 23026.4, 25204.2, 27282.0, 29629.6, 32246.900000000005, 34934.2, 37791.200000000004, 40988.0, 44664.2]"
44,base,1753652059,True,0.07331681251525879,538486.7199052841,160463.6,1925563.2000000002,1664,206.5124655336023,1126.3290219825517,6.953691064439203,77.39352317764687,14.121796544268477,1.1766437684003925,1.0,2.9242424242424243,2.467995089027199,2166.611332938684,370.71455388027175,8534.619218474994,2,6.16090080384726,False,True,11472.33927654795,9363.129248288802,5.765465225257542,"[11899.23927602973, 8534.619218474994, 10191.639278102608, 12177.323633619422, 22461.879012596626, 21066.915815634515, 25489.013376317558, 38143.04625635019, 39573.26256859739, 46992.055359473285, 53390.63566151825, 60837.71533934529, 69486.64569090423, 79254.60371269548, 82252.04443189487, 87005.56544358475, 93747.38404159367, 102574.92082450357, 113897.64894931705, 121440.06144589224, 131895.27847329236, 145808.2509218673, 147902.80109018853, 144243.73967762396, 165349.775551253, 176480.24995798344, 193584.9699212757, 223963.28627772944, 252039.81773188716, 282068.2479911434, 317071.4106201007, 356936.1087520855, 401236.06666137127, 444820.1483438369, 489396.0882369403, 538486.7199052841]","[919.1000000000001, 2347.6, 2827.1000000000004, 3236.6000000000004, 3915.9, 6333.400000000001, 7322.400000000001, 8411.2, 12157.400000000001, 14025.400000000001, 16203.2, 18620.7, 21347.800000000003, 24135.0, 27711.200000000004, 31727.100000000006, 36252.4, 41157.3, 46771.5, 52935.100000000006, 59708.1, 67470.0, 75401.8, 83263.6, 90955.70000000001, 97798.6, 105320.80000000002, 112263.6, 119136.5, 125370.0, 131633.5, 137757.2, 143341.40000000002, 149125.40000000002, 154779.50000000003, 160463.6]"
45,base,1753662032,True,0.07178616523742676,538343.9429291382,161770.0,1941240.0,1700,198.99539947882624,1172.0714659104244,6.682814587588908,79.65847752973175,12.485576546654094,1.1766437684003925,1.0,2.5294117647058822,2.3674172524303407,2166.016428871409,400.5107603930491,4278.739369708372,1,6.310470502164886,False,True,11964.950580059234,6996.73163374999,6.2662228115735354,"[4278.739369708372, 12715.026140815111, 9714.723897791608, 19838.557308710042, 18222.285918818583, 22344.998735060366, 26887.147088323247, 32059.53520630177, 37955.36132372825, 44688.56985327188, 50457.06059558381, 57249.76663244538, 65330.623522439, 74557.08084555902, 77142.88455883217, 81425.87022802798, 87804.03607350454, 96341.75498488144, 107383.49827148522, 114837.12571959285, 125146.43998379292, 139104.07216687602, 147219.92875217122, 143139.37564122805, 156374.80044198083, 167628.12061740848, 185216.2853736442, 208645.3824903299, 237939.0946364284, 269627.1922605444, 306652.30770075286, 348852.340295278, 390528.1108236125, 437264.0631824136, 485343.121136949, 538343.9429291382]","[819.1, 1228.7, 2897.0, 3306.5, 5624.1, 6443.200000000001, 7362.200000000001, 8590.900000000001, 10089.4, 11857.500000000002, 14005.3, 16322.8, 19049.9, 21807.1, 25453.199999999997, 29339.100000000002, 33834.4, 38709.3, 44193.5, 50397.0, 56970.100000000006, 64702.0, 72883.3, 80924.9, 88826.6, 95809.3, 103611.1, 110803.5, 118025.90000000001, 124668.90000000001, 131242.0, 137615.3, 143509.1, 149742.6, 155706.3, 161770.0]"
46,base,1753672005,True,0.07253909111022949,193078.287543808,99618.0,1195416.0,1020,213.8060198031896,830.0338507294276,9.60295279950861,79.45555374248285,4.429322274299224,1.0,1.0,2.3636363636363638,2.609633740345369,727.4095314325333,381.4088691967318,3984.1166826755043,1,2.701545790745241,False,True,4809.4204994299835,4150.342709135577,4.193383330805898,"[3984.1166826755043, 4316.568735595649, 4973.704420708095, 6091.451008440397, 7616.979407455357, 9546.480942902564, 12068.711976546769, 15051.553912810828, 18383.43915072945, 22183.583391085012, 24240.585804487986, 26783.202752703113, 29741.974648633146, 33078.481079375335, 37231.306919414266, 41931.823077412744, 47430.77194327079, 53638.92525504073, 60816.13755357769, 68936.03569640646, 78021.94918776698, 79828.42430656671, 82953.015180758, 75675.81494677308, 82095.05549875194, 90108.00898764965, 100527.83903961557, 106853.08969974477, 115855.20963684467, 127757.7414915875, 142662.96526397325, 145646.22641314683, 153382.8413069159, 164618.039611651, 180470.66439055407, 193078.287543808]","[749.2, 1188.8, 1598.4000000000003, 2177.8, 2687.2000000000003, 3196.7, 3946.0, 4525.400000000001, 5034.8, 5884.0, 6633.200000000001, 7622.200000000001, 8641.1, 9630.1, 11158.6, 12617.1, 14355.300000000001, 16123.5, 18231.300000000003, 20479.0, 22826.600000000002, 25543.8, 28570.7, 32107.100000000002, 36023.100000000006, 39999.0, 45033.9, 50508.3, 56632.0, 63365.100000000006, 70098.20000000001, 76491.70000000001, 82475.6, 88259.6, 94073.70000000001, 99618.0]"
47,base,1753681978,True,0.0676872730255127,713503.0047246392,192861.69999999998,2314340.4,1983,163.277822855378,1280.9922237155743,6.160826609695629,80.83335513149983,18.170675150525668,1.0,1.0,3.25,1.9223836919309065,2895.845853019329,89.46770626883522,4645.9334731201825,1,8.140124744697063,False,True,6622.553832469515,5110.403479192739,8.160798892428048,"[4645.9334731201825, 5574.873485265295, 6971.780614870922, 8779.162574321932, 11054.511651233457, 13797.827845605496, 16920.567344008632, 20438.049516999883, 24506.33363729703, 29242.01395630987, 32838.155627704255, 37495.90119371044, 43206.43261812308, 50145.81774568491, 58715.67598147158, 69195.23044614893, 73447.71022097212, 80270.40569291415, 90158.56782738358, 103606.5735503783, 114923.83506381937, 131277.30273819095, 137692.68507631266, 139901.06782677473, 154940.93915973173, 177854.26568821073, 205724.557394109, 241128.8104688892, 283810.0903309104, 328163.86046245566, 375659.6762999867, 429625.0639806582, 497569.57881840446, 563755.6191222044, 635776.2501878894, 713503.0047246392]","[919.1000000000001, 1258.7, 1838.1000000000001, 2347.6, 2927.0, 3506.4, 4185.7, 5004.8, 6093.700000000001, 7452.3, 9190.5, 11368.300000000001, 13745.900000000001, 16433.100000000002, 19769.600000000002, 23785.5, 28580.600000000002, 34124.9, 40658.200000000004, 48280.3, 57361.00000000001, 68080.0, 79338.4, 90327.1, 100806.30000000002, 110536.30000000002, 120366.2, 129686.70000000001, 138667.40000000002, 147308.6, 155510.1, 163501.90000000002, 171054.1, 178606.40000000002, 185819.0, 192861.69999999998]"
48,base,1753691951,True,0.07148003578186035,232425.89772724552,121551.9,1458622.7999999998,1281,185.3173557218164,924.4021170714904,8.505229326678654,79.39427497584914,8.597206563438343,1.0,1.0,2.625,2.4388600552011517,5848.1474431811375,210.18927201509067,501.3433931856089,5,3.0578974196283237,False,True,723.471926783768,584.139205105084,5.169870761704342,"[2831.4744440619256, 1933.5021759486763, 1229.2523128873581, 742.317563370171, 501.3433931856089, 666.9350170245591, 1007.0228009289583, 1594.2436703646702, 2320.3994510509992, 3478.571706240223, 4994.022059358135, 6838.830510404733, 9282.550347204842, 12132.591670905222, 15747.649392756484, 27768.57569522346, 28959.154576613524, 36084.175447884474, 44340.23159686114, 53865.46803594088, 56270.005344456345, 60336.52931643103, 66215.56757160775, 62147.41038587888, 80370.95183319652, 82882.60665252096, 94024.16730496254, 108481.92870177186, 110974.32016246956, 119300.0449500857, 132094.02150136803, 142607.04168669204, 158168.26104395225, 178886.62664628256, 204672.3134044687, 232425.89772724552]","[649.3000000000001, 989.0, 1228.7, 1498.4, 1808.1000000000001, 2317.6, 2657.2000000000003, 3136.7000000000003, 3546.2, 4295.5, 5114.6, 5933.700000000001, 7092.5, 8181.4000000000015, 9679.8, 11178.2, 15643.500000000002, 17791.2, 20278.600000000002, 23105.6, 26242.300000000003, 29888.5, 33974.200000000004, 38579.3, 43993.700000000004, 52344.8, 59807.00000000001, 67678.70000000001, 75310.6, 82603.0, 89555.6, 96268.6, 102571.90000000001, 109015.1, 115348.50000000001, 121551.9]"
49,base,1753701924,True,0.0773916244506836,147028.04976696207,59337.4,712048.8,626,250.53910359126778,872.005313965858,8.993312699363726,80.3087849697123,0.6167930083065838,1.0,1.0,2.28,2.9564605296136843,535.5335406956752,358.9927627098219,4018.640239213186,1,3.6540992331373015,False,True,4671.941688141667,4163.617066980005,3.909066103834264,"[4018.640239213186, 4308.593894746824, 4793.0576192732815, 5493.636940998232, 6579.799372901732, 7993.910068054732, 9739.406054264322, 11892.090678858134, 14430.358413630496, 17375.81478678708, 18634.909390958437, 20167.067480443067, 22011.52943037569, 24049.09486562158, 26647.672049430246, 29509.982787545003, 32783.22745510057, 36560.88424635363, 40832.62800823324, 45573.93576854648, 50781.41049948626, 56591.88742311635, 63186.15442755153, 58523.008915733626, 66775.20945705402, 75676.35530124328, 85850.43030874939, 88583.3493265014, 92541.66242349213, 97863.77369731868, 104602.66768876818, 113060.04750801917, 123144.95905841205, 128817.66029705442, 136700.0168901376, 147028.04976696207]","[649.3000000000001, 989.0, 1228.7, 1498.4, 1977.9000000000003, 2387.5, 2797.0, 3306.5, 3786.0000000000005, 4295.5, 4774.900000000001, 5354.3, 6033.6, 6613.0, 7602.000000000001, 8421.1, 9340.1, 10429.0, 11587.800000000001, 12746.500000000002, 13905.300000000001, 15233.900000000001, 16872.2, 18610.300000000003, 20618.2, 22426.300000000003, 24913.7, 27471.0, 30268.0, 33364.8, 36671.3, 40457.3, 44373.2, 48838.5, 53813.20000000001, 59337.4]"
0,otimista,129368176,True,0.06962227821350098,2361850.571060915,353685.7,4244228.4,3743,107.12154282377907,1104.647307037817,6.83073205761881,78.28659932157491,27.9698944189305,1.5299313052011776,1.0,4.761363636363637,1.296696735072509,9763.96071275381,100.30963726231228,3976.5770435935756,1,23.300589336195408,False,True,5973.06782384785,4351.144581657353,10.995554621617991,"[3976.5770435935756, 4725.712119721131, 6388.853058556757, 9141.893668335615, 13071.116577794886, 18154.93477431043, 24364.156823220408, 32232.959908463556, 42052.00815545362, 54549.08653545582, 59755.72344103032, 69134.01408864986, 77275.61277643027, 91325.91819817672, 97113.56428010069, 107053.99557804529, 129658.44200787984, 161499.74094961624, 199972.0991176869, 246600.79872227786, 312125.77457936696, 380928.50738854276, 460368.83244311553, 538360.4691143481, 638742.4968723883, 756185.4149535862, 876261.8426355936, 1005934.5690190331, 1145196.022029446, 1293353.362188577, 1450511.3458248412, 1616280.4988200094, 1790166.418856903, 1972393.7627412695, 2162951.454977356, 2361850.571060915]","[1398.5, 2387.5, 3546.2, 4944.8, 6443.200000000001, 8321.2, 10708.6, 14045.1, 18240.7, 23794.800000000003, 30717.4, 39578.100000000006, 50726.3, 63952.3, 81104.1, 97566.7, 113719.6, 129333.1, 144567.0, 159431.2, 173676.2, 187721.30000000002, 201286.90000000002, 214752.7, 228008.7, 239906.10000000003, 253132.10000000003, 265369.10000000003, 277606.2, 288954.2, 300442.10000000003, 311420.4, 321779.5, 332418.2, 343047.0, 353685.7]"
1,otimista,129378149,True,0.07474827766418457,370137.8556028331,140632.90000000002,1687594.8000000003,1471,186.42566256866428,1246.5566302675852,6.000000000000001,78.22303079933198,11.339551238831758,1.0,1.0,3.4545454545454546,2.589333924830367,9290.946390070827,394.2045585329559,656.4278381063757,4,4.79501555957925,False,True,956.1676560866064,696.8746858119667,7.040284112158479,"[2663.4183153531844, 1647.340587681544, 1029.1163636096226, 656.4278381063757, 737.3215335175578, 1271.7974498431684, 2202.496020522959, 3550.8720517776437, 5309.075549139976, 7791.3112988949615, 10984.544164768693, 15095.631503949506, 20296.23727341258, 26556.59973709716, 34452.18809717165, 43974.86631061122, 46992.726144954846, 52243.35853843166, 60262.750498241105, 71419.76949049083, 79320.81690678542, 90008.94659518075, 103248.53459870165, 92400.74265340886, 105147.66899455078, 115102.99316870996, 130018.99517314103, 141953.84965065564, 158395.7397375277, 179058.2723647869, 203908.34064442842, 229733.5197658884, 259344.0057479129, 292610.1026147807, 329509.189537182, 370137.8556028331]","[749.2, 1158.8, 1668.3000000000002, 1977.9000000000003, 2557.3, 3136.7000000000003, 3885.9, 4805.0, 5793.900000000001, 7222.4, 8860.7, 10868.6, 13286.1, 15873.400000000001, 19279.800000000003, 23095.800000000003, 27591.100000000002, 32735.700000000004, 38899.3, 46051.8, 53753.700000000004, 61245.9, 68328.5, 75241.3, 81784.4, 87878.0, 94211.40000000001, 100175.2, 105929.20000000001, 111313.5, 116657.90000000001, 121732.6, 126567.6, 131232.7, 135867.8, 140632.90000000002]"
2,otimista,129388122,True,0.06687164306640625,857861.1308963161,194627.30000000002,2335527.6,2027,170.40595707696468,1273.1746571599297,6.000000000000001,79.60428802027117,15.42981857450154,1.2944062806673209,1.0,3.4324324324324325,2.152726476710134,3497.3380454013172,155.9006121708686,3442.258208043612,1,9.643553951198715,False,True,4262.4425238546655,3491.331418827681,7.778701988977401,"[3442.258208043612, 3540.4046296117494, 4503.121821935638, 6387.57796184873, 9330.623612247498, 13389.426949965393, 18593.6254810088, 24677.922996332483, 32001.863178960608, 40839.72367952124, 49312.97158574594, 59929.72352961838, 64527.88169226698, 71956.91231394712, 83168.0614299796, 92292.96332297612, 105863.31438329467, 106490.91696030716, 114623.99231428374, 128701.67097142973, 141689.528248721, 161124.18479249062, 186636.59727338137, 203055.26416089287, 237272.70049308648, 276661.8306323133, 321610.68605803314, 362928.0846825145, 409309.69215209037, 460386.4651374036, 516044.06928478717, 576168.1702405743, 640382.8752836793, 708854.3965779566, 781286.5227883838, 857861.1308963161]","[1258.7, 2077.8, 3166.7000000000003, 4325.5, 5654.1, 7052.6, 8651.0, 10559.0, 13076.4, 16243.100000000002, 19889.3, 24414.6, 29798.9, 36062.4, 43964.2, 53394.4, 63713.6, 73383.5, 82813.70000000001, 91664.5, 99905.90000000001, 108007.5, 115639.5, 123061.8, 130344.20000000001, 136847.5, 143830.2, 150333.40000000002, 156696.80000000002, 162590.6, 168344.6, 173958.8, 179103.5, 184447.90000000002, 189422.7, 194627.30000000002]"
3,otimista,129398095,True,0.07640790939331055,904993.6861602326,207492.40000000002,2489908.8000000003,2076,162.48420802867656,1313.2156144612536,6.000000000000001,78.91784626752501,18.058795502970167,1.0588812561334642,1.0,3.54,1.9654773729003678,3693.7236923343035,107.34312537385603,4237.561279748679,1,10.080367596988655,False,True,5898.959011881546,4597.012348602703,8.350032563884051,"[4237.561279748679, 4956.463417456727, 6213.124210023152, 8135.647486541183, 10732.481026505975, 14052.59484732138, 17889.423352963237, 22471.139185725704, 27900.72157757591, 34409.821559993485, 40229.56219403879, 47624.48433767119, 56924.288427857704, 59949.73915165094, 65907.21602186863, 75277.62253653815, 88702.68203757051, 100725.8126926418, 117563.27493871904, 125241.23216792845, 140075.9113018058, 155185.75632627535, 177877.91699196608, 192830.32406429737, 226734.8930760069, 267167.9904340112, 314116.34690301516, 358360.3136572535, 408445.2382590447, 464106.4682707071, 525185.738068862, 591453.3804659133, 662658.7277914977, 738787.795278297, 819611.6312707381, 904993.6861602326]","[1088.9, 1698.3000000000002, 2377.6, 3226.8, 4075.9000000000005, 4995.0, 5944.0, 7372.6, 9170.800000000001, 11448.5, 14265.7, 17692.300000000003, 21838.100000000002, 26763.2, 32977.0, 40449.5, 49380.600000000006, 60279.700000000004, 71898.0, 82967.0, 93426.50000000001, 103476.50000000001, 113086.9, 122287.70000000001, 131088.8, 139370.6, 147622.30000000002, 155364.6, 162767.2, 169830.1, 176693.2, 183276.7, 189530.40000000002, 195774.2, 201718.2, 207492.40000000002]"
4,otimista,129408068,True,0.07358264923095703,78638.15566805784,18510.9,222130.80000000002,191,438.6144213238979,1123.879030942407,7.160618913165237,80.92952386297684,-16.046628806723703,1.0,1.0,2.1052631578947367,4.504457229750542,250.57564861690759,653.8460208390184,3233.3879232755385,3,9.003171450429406,False,True,3366.854684445241,3246.9819509916206,3.1465659521406653,"[3560.3738484318587, 3260.5759787077027, 3233.3879232755385, 3402.280919691087, 3786.5309603949004, 4366.862052946426, 5277.055729793671, 6464.905970328887, 7925.366025156094, 9581.907131831014, 9511.058052797925, 9717.865537452808, 10197.282836399681, 10815.52841719054, 11763.63658227712, 12989.40131105167, 14545.028624121938, 16353.69105103603, 18288.41606224584, 20336.957637143623, 22579.521796337125, 25069.6840516666, 27690.95564068778, 18641.44083768519, 21816.856900822306, 25171.951060095398, 28930.76436735218, 32940.16405258892, 37419.14441825736, 42138.003931909494, 47246.27810538557, 52756.21295929335, 58506.02696118481, 64779.03715534823, 71524.57631178733, 78638.15566805784]","[579.4, 749.2, 1088.9, 1328.6000000000001, 1598.4000000000003, 1838.1000000000001, 2247.7000000000003, 2587.3, 2927.0, 3166.7000000000003, 3506.4, 3846.0000000000005, 4185.7, 4355.5, 4765.1, 5104.7, 5514.3, 6023.8, 6433.4, 6773.0, 7182.6, 7692.1, 8101.6, 8711.0, 9290.400000000001, 9799.9, 10549.1, 11228.400000000001, 12147.5, 12896.699999999999, 13745.8, 14664.9, 15414.1, 16433.100000000002, 17522.0, 18510.9]"
5,otimista,129418041,True,0.17520833015441895,3404299.0849043154,468511.20000000007,5622134.4,4988,81.68516877446307,1239.0610684452356,6.00198504630379,79.34381543243815,36.12509078794997,1.5630865484880083,1.0,6.830985915492958,0.9992422343371503,85144.97712260789,40.167394027873804,2553.9738149965433,2,33.85225193656402,False,True,2976.5746608623053,2665.458175487375,15.747283250686426,"[3043.1187024903384, 2553.9738149965433, 2776.9425359782063, 3663.1892259427505, 5313.071055881633, 7919.872401420738, 11898.236849742227, 17776.287199584534, 26114.394522142036, 38044.20699475928, 45987.04671723842, 59986.61088243511, 75517.41256903645, 84040.52236103508, 100600.67186169006, 130944.52176937186, 172680.4210496905, 227127.6213057268, 297635.9780960551, 383796.8151534359, 484816.3768350038, 600694.6631407586, 731152.263716368, 863943.8043633723, 1022929.579904605, 1195165.6902557753, 1381596.0355011742, 1581556.125910843, 1795045.961484782, 2021411.4917572918, 2260642.277464113, 2468356.3541995795, 2686482.1439261823, 2915231.6482690815, 3154473.5451967707, 3404299.0849043154]","[988.9, 1568.3, 2457.4, 3376.4000000000005, 4774.900000000001, 6652.900000000001, 9280.1, 12926.200000000003, 17771.000000000004, 24623.8, 33594.2, 45531.5, 61284.700000000004, 81443.20000000001, 102820.5, 123588.40000000001, 144256.40000000002, 164305.0, 184183.9, 203553.30000000005, 221933.7, 240314.10000000003, 258354.90000000002, 276086.0, 293647.30000000005, 310049.9, 327611.2, 344353.4, 361095.60000000003, 377018.60000000003, 392941.69999999995, 408395.2, 423259.4, 438433.3, 453407.30000000005, 468511.20000000007]"
6,otimista,129428014,True,0.15060019493103027,84847.78348348873,18091.0,217092.0,190,410.65814042834825,1210.70596987779,6.278975026853462,78.59786469344816,-4.741458187683242,1.0,1.0,1.6129032258064515,4.907558927375653,276.44909784786955,657.9794965362113,3273.64399352881,2,9.676349731039975,False,True,3451.9298244011643,3283.9050719500565,3.1509555446075748,"[3504.5177157444514, 3273.64399352881, 3294.166150371303, 3578.296869253704, 11859.242626886726, 8579.969055647292, 10056.001673001214, 11726.613712439797, 13660.834313918289, 15789.634337481442, 16182.042923084504, 16894.876527700944, 17802.289554402047, 18847.465546214342, 20213.066557040016, 21778.17027460591, 23555.81901118518, 25490.05276677783, 27535.972452592858, 29766.47715742127, 32108.667792472057, 34692.2599035097, 37359.57794476973, 28292.42751318085, 31479.66506571654, 34779.69768842986, 38418.89475224122, 42337.50630831486, 46499.402305486554, 50940.71279492053, 55625.30772545255, 60771.97920214904, 66146.9616280813, 71955.97796836052, 78176.00731177768, 84847.78348348873]","[749.2, 1088.9, 1398.5, 1738.2, 1977.9000000000003, 2996.9, 3236.6000000000004, 3476.3, 3816.0000000000005, 4055.7000000000003, 4395.400000000001, 4805.0, 5044.7, 5214.5, 5624.1, 5893.800000000001, 6303.400000000001, 6713.0, 7052.6, 7462.200000000001, 7801.8, 8281.300000000001, 8620.900000000001, 9130.400000000001, 9709.8, 10149.4, 10798.7, 11478.0, 12127.300000000001, 12806.600000000002, 13455.9, 14375.000000000002, 15124.200000000003, 16043.2, 17032.2, 18091.0]"
7,otimista,129437987,True,0.07511711120605469,449464.46956387395,153657.50000000003,1843890.0000000005,1625,172.59448689083217,865.8279349721699,8.857589004787052,78.45324027395566,10.750618212735214,1.0588812561334642,1.0,2.847826086956522,2.2600496000423864,1795.6852898494749,385.06085996231025,4050.0882400746596,1,5.179445903871197,False,True,5201.12085045059,4264.50398587097,5.222993368321978,"[4050.0882400746596, 4478.91973166728, 5441.8545567116935, 6860.7126742409855, 8869.659886571162, 11578.10784058817, 14932.630650755154, 18862.746537779443, 23309.149009773486, 28394.029630402383, 32231.29436713682, 36981.35482460881, 42676.32828686563, 49363.940680411055, 57566.321100045956, 67252.12115040237, 70241.42412396515, 75202.4075518701, 90132.96993452524, 96402.515220055, 104383.83149584752, 115948.24514075098, 130466.05882975119, 121743.15519686704, 130818.20831559478, 143945.1433297844, 154875.04232579918, 171034.9332582428, 192268.45804518135, 225966.84592263793, 253838.29524054474, 286537.24508793233, 323666.3218094772, 365547.27889534814, 406814.1315841961, 449464.46956387395]","[988.9, 1468.3999999999999, 2147.7, 2727.1, 3476.3, 4365.400000000001, 5184.5, 6173.400000000001, 7332.200000000001, 8730.7, 10399.0, 12406.9, 14624.5, 17012.000000000004, 20148.7, 23625.0, 27680.7, 32245.9, 37530.3, 46530.8, 53823.100000000006, 62074.299999999996, 70015.9, 77548.0, 84910.20000000001, 91453.30000000002, 98375.90000000001, 105018.90000000001, 111462.1, 117595.6, 123699.1, 129832.70000000001, 135456.7, 141490.30000000002, 147454.00000000003, 153657.50000000003]"
8,otimista,129447960,True,0.0791466236114502,481026.3691170127,165717.40000000002,1988608.8000000003,1726,170.55415834481371,1148.678309577677,6.805632136000413,79.81709932435882,13.739551932550503,1.0,1.0,3.3225806451612905,2.1370825307130876,12063.159227925318,94.23315642027052,607.6063688702613,4,5.216093666369417,False,True,898.5783315942465,663.9453799973218,7.061011800245726,"[2722.434126849939, 1714.091680079087, 958.0096450842013, 607.6063688702613, 720.2843911243822, 1238.6411721594484, 2095.824295369548, 3373.8768421640652, 5100.996653492968, 7438.731854472612, 10394.00752447723, 14179.12708988603, 18898.368928842872, 24466.605328007372, 31519.128219512175, 39888.36318878652, 49957.47153429847, 53246.95366782399, 58733.50622023289, 66733.9488369982, 77514.4478959622, 85247.73370740142, 96581.87268029703, 100457.01639225472, 106119.6499226487, 117875.34854663172, 137241.34743897244, 155674.6667104464, 180968.64887101884, 209609.50332095881, 244533.14228215493, 285528.74686791515, 326800.59152674384, 370181.3265116685, 419033.49849028746, 481026.3691170127]","[749.2, 1088.9, 1398.5, 1908.0000000000002, 2487.4, 2996.9, 3646.2000000000003, 4495.3, 5484.3, 6743.0, 8141.5, 9879.7, 11917.6, 13995.400000000001, 16892.4, 19989.2, 23665.4, 27651.199999999997, 32386.200000000004, 37900.5, 44134.0, 51486.40000000001, 59657.8, 69427.70000000001, 79337.4, 88328.0, 97658.3, 106239.3, 114820.40000000001, 122752.1, 130614.00000000001, 138206.1, 145188.8, 152201.5, 159044.40000000002, 165717.40000000002]"
9,otimista,129457933,True,0.08477401733398438,102182.7359570211,35442.6,425311.19999999995,374,273.5539119330384,826.8187813484552,9.3821780886403,79.49272290138974,-2.131667793985576,1.0,1.0,2.0416666666666665,3.2153087704842003,348.6780664875878,468.47075723569094,3935.173475219141,1,4.231132255358853,False,True,4437.566730677794,4037.655671484664,3.3733334896092533,"[3935.173475219141, 4140.137867750187, 4536.709684986996, 5146.43989151511, 6081.646502061869, 7342.329516627272, 8872.85640719072, 10728.859701772813, 12833.155907767408, 15341.16496907293, 16174.650434397097, 17277.97977571931, 18573.65587456543, 19953.78488482405, 21670.47223710034, 23559.11244468756, 25761.03648099918, 28106.953372621734, 30766.154092968693, 33760.95509333234, 36973.1599224204, 40542.515996110684, 44530.434287816686, 36936.627325559, 41924.70253404338, 47342.094426563104, 53486.6068791162, 60200.848927117135, 67708.92600117107, 75868.83653784296, 84844.03307398132, 86219.06851217074, 88469.6553804318, 91760.4540621564, 96363.14993184814, 102182.7359570211]","[649.3000000000001, 989.0, 1228.7, 1498.4, 1908.0000000000002, 2317.6, 2657.2000000000003, 3066.8, 3376.4000000000005, 3885.9, 4295.5, 4635.1, 5044.7, 5354.3, 5933.700000000001, 6443.200000000001, 7092.5, 7602.000000000001, 8251.300000000001, 9000.5, 9649.800000000001, 10429.0, 11348.0, 12337.000000000002, 13565.7, 14724.500000000002, 16222.900000000001, 17691.3, 19429.5, 21127.7, 23005.7, 25083.500000000004, 27231.3, 29618.7, 32475.800000000003, 35442.6]"
10,otimista,129467906,True,0.07880234718322754,148219.79534540878,56360.70000000001,676328.4000000001,593,278.95692645454585,1118.5475388517686,6.960399381549731,79.33842798861093,6.910116859758642,1.0,1.0,1.7714285714285714,3.5144617634401216,540.4991472725367,487.44399167848326,3954.503399908103,1,3.76612296776807,False,True,4764.7006899574635,4098.73146096524,4.0897503518694664,"[3954.503399908103, 4242.959522022377, 4938.614412602492, 6017.10628822231, 7502.796932307967, 9321.440298599797, 11547.282433357466, 14024.869675824391, 16828.44807226024, 19908.133359831478, 21395.01741586856, 23085.550810542783, 24991.482973682847, 27026.56785902908, 29492.989221242384, 39967.88014512441, 38315.73773539961, 42466.18703153572, 47033.993649414624, 52134.32946636676, 57699.23448239214, 63809.91631198767, 78246.19813385932, 69028.91654455892, 78043.58398286221, 87682.14678801261, 89981.6479913095, 93267.13342382363, 97673.05831454886, 103233.19432562674, 110029.67490262496, 118263.72536844166, 127880.67333757378, 132842.28005789453, 139529.122326635, 148219.79534540878]","[989.0, 1398.5, 1908.0000000000002, 2387.5, 2897.0, 3306.5, 3816.0000000000005, 4125.6, 4535.200000000001, 4874.8, 5384.3, 5863.800000000001, 6373.300000000001, 6782.8, 7532.1, 8181.4000000000015, 10568.800000000001, 11517.900000000001, 12506.800000000001, 13665.6, 14824.400000000001, 16083.100000000002, 17381.7, 20688.2, 22626.2, 24364.3, 26681.9, 29069.4, 31656.700000000004, 34383.8, 37280.700000000004, 40517.3, 43853.8, 47739.799999999996, 51825.5, 56360.70000000001]"
11,otimista,129477879,True,0.07448768615722656,156720.2598788407,80885.0,970620.0,850,275.4044043820231,1076.1899465643419,7.197296783407305,78.47509626148415,-5.014190607616064,1.0,1.0,2.3333333333333335,3.3383245358608518,575.9177494951693,544.6690084406304,3897.0379049274384,1,2.515227417694155,False,True,4388.174992968541,3978.427148614769,4.3378858436121215,"[3897.0379049274384, 4059.8163923021, 4497.627859857354, 5256.92798548925, 6348.009166931156, 7760.579006449703, 9632.153994135188, 11962.73412998761, 14625.095321650042, 17746.461661479414, 19202.54846834464, 20966.64883783768, 30860.96037298681, 28836.47970711089, 32663.149676400313, 36885.85426412756, 41785.3137139084, 54976.017079778896, 56622.942280614945, 64313.11100158123, 72899.36041043096, 82379.24631959152, 84473.58931151012, 75797.5220275359, 80459.21731331813, 86371.48290565476, 94058.1323671736, 103384.96218796496, 108231.2891017349, 115078.61835186605, 124080.51791877212, 135064.42006565517, 147818.37579560708, 147278.68544745934, 150283.81219229015, 156720.2598788407]","[649.3000000000001, 989.0, 1328.6000000000001, 1738.2, 2147.7, 2557.3, 3136.7000000000003, 3716.1, 4125.6, 4705.0, 5284.400000000001, 5963.700000000001, 6782.8, 9510.0, 10698.800000000001, 11787.600000000002, 13186.1, 14584.7, 18061.0, 19869.100000000002, 21907.0, 24054.7, 26542.100000000002, 29339.100000000002, 32435.9, 35572.600000000006, 39388.6, 43374.4, 47839.700000000004, 52604.700000000004, 57719.299999999996, 62794.0, 67429.1, 72094.20000000001, 76559.5, 80885.0]"
12,otimista,129487852,True,0.07238411903381348,304959.38941854483,127195.6,1526347.2000000002,1344,192.47834288614285,838.9100523636964,9.391773243019301,80.28066462136741,8.955532045836692,1.0,1.0,2.5121951219512195,2.3462750085799655,1193.5807892439368,190.1851715456132,3950.1290694394606,1,4.049765568477453,False,True,4705.928865516992,4065.950586079465,4.617605134218112,"[3950.1290694394606, 4181.77210271947, 4880.647786449499, 6046.756120629548, 7737.301157240349, 10035.335826221446, 12915.01124961403, 16402.176305376906, 20338.190243050383, 24851.78542964316, 27921.489969116716, 31574.436791410582, 35910.92287844504, 40779.97530028054, 46688.78670736711, 53405.59709970474, 61283.23102378199, 70203.0525315796, 80391.7667089793, 83495.3051725301, 87960.84085217156, 102023.88029840669, 106027.73779808357, 105443.77046520115, 120849.13295422393, 127876.12664164629, 142286.42542752126, 151088.52086461027, 158970.52871028025, 171323.60900395282, 181513.70581568842, 197077.3440415256, 217708.164839665, 243572.2720699857, 271643.81685452885, 304959.38941854483]","[989.0, 1328.6000000000001, 1908.0000000000002, 2487.4, 3136.7000000000003, 3885.9, 4605.1, 5354.3, 6103.500000000001, 7192.4, 8421.1, 9749.7, 11248.100000000002, 12646.6, 14624.5, 16602.4, 19019.9, 21507.300000000003, 24304.3, 27441.0, 30677.600000000002, 34493.600000000006, 41006.600000000006, 45981.4, 51675.4, 59137.5, 66599.6, 74061.8, 81224.20000000001, 88106.90000000001, 94889.70000000001, 101532.70000000001, 107806.1, 114279.30000000002, 120722.5, 127195.6]"
13,otimista,129497825,True,0.09766697883605957,167057.3081438384,81325.6,975907.2000000001,844,268.9877473290087,1122.2832629481254,7.052208665868931,79.7661563211898,-1.3462693184093333,1.0,1.0,2.3703703703703702,3.12656931321433,618.98878393266,502.56616644939277,3980.271853157527,1,2.7043755615639697,False,True,4535.018785629892,4068.699956378914,4.65635409047049,"[3980.271853157527, 4157.128059600302, 4660.982360973088, 5434.4886699312265, 6541.817598115202, 8057.036799825117, 9956.600183809702, 12344.946019916157, 15117.636038297282, 18305.040854500174, 19927.91245952743, 21854.538691365873, 24142.305637360165, 26779.97486446575, 29957.915250263697, 33549.91617920692, 37753.26809973854, 42452.50492060728, 47774.31881650248, 53817.74962032015, 60560.18341940496, 75957.41267963563, 79952.06070297354, 69903.0785269857, 73065.45050495736, 85180.98631253083, 86619.5579621446, 94958.87822151848, 105103.50518948911, 110727.48930668636, 118464.98866804029, 128428.63980543203, 140752.25472644696, 156315.13605031092, 159496.58098678748, 167057.3081438384]","[679.3000000000001, 919.0, 1328.6000000000001, 1668.3000000000002, 2077.8, 2587.3, 3066.8, 3676.2000000000003, 4155.7, 4665.1, 5414.400000000001, 6163.6, 6982.700000000001, 7831.9000000000015, 8920.7, 9979.6, 11268.300000000001, 12527.0, 13925.5, 15523.900000000001, 17192.2, 19100.2, 23016.100000000002, 25533.500000000004, 28290.600000000002, 31117.7, 36392.2, 40138.3, 44254.100000000006, 48679.5, 53514.50000000001, 58689.1, 64203.399999999994, 70127.2, 75881.3, 81325.6]"
14,otimista,129507798,True,0.07944607734680176,173609.19122872877,69847.1,838165.2000000001,729,245.1225893591147,1036.2643297148159,7.779748777310383,81.1653637788696,6.342559620784082,1.0,1.0,2.24,3.005684109576773,646.2882967863699,366.17409661879424,4273.79281560245,1,3.979382312499906,False,False,5385.356416462516,4549.408076086859,4.497290589975361,"[4273.79281560245, 4825.023336571268, 5572.134109759599, 6653.390647758767, 8010.99157130802, 9645.030200223642, 11532.657140803245, 13834.893979524259, 16471.27658305611, 19522.269084729374, 20858.90355893071, 22436.135990717925, 24449.899952126816, 26550.500491860832, 29253.804753991568, 32310.17135925827, 35805.40168692169, 39872.42400364297, 44489.026368866595, 49684.95684203702, 55374.54736370978, 61839.346245548855, 69093.77900014557, 65346.3233328663, 82453.85847871029, 79486.38952690973, 83406.61449636915, 88627.841446533, 95421.21083683749, 103834.85623931841, 114106.91009897031, 126326.25404727347, 134296.90992292482, 144607.0901709189, 157484.84861551106, 173609.19122872877]","[749.2, 1088.9, 1328.6000000000001, 1738.2, 2077.8, 2417.5, 2727.1, 3236.6000000000004, 3646.2000000000003, 4155.7, 4735.0, 5314.400000000001, 6133.6, 6643.0, 7632.000000000001, 8551.000000000002, 9540.0, 10728.8, 11987.500000000002, 13316.1, 14574.800000000001, 16143.100000000002, 17881.3, 19959.2, 22236.800000000003, 26122.700000000004, 29119.600000000002, 32186.4, 35622.8, 39299.00000000001, 43384.7, 47780.100000000006, 52615.100000000006, 57859.6, 63583.600000000006, 69847.1]"
15,otimista,129517771,True,0.1312716007232666,1284660.3708773504,253785.00000000003,3045420.0000000005,2650,142.84019494286696,1191.239141681935,6.394669229056352,78.9488231438819,19.36044441060671,1.2355250245338567,1.0,3.608695652173913,1.7062841280481247,5275.66821198896,138.7798343704639,3680.1117957037936,1,13.493900841749118,False,True,4762.443556476948,3805.8009052204325,8.835688510174672,"[3680.1117957037936, 3931.4900147370718, 5039.4280703902405, 7003.925962663299, 9811.72815075726, 13669.403713724636, 18618.248707779745, 24491.078898029937, 31375.267287188894, 39768.32070916282, 47890.960717503476, 58168.57848035495, 62451.058411175865, 69470.3224740947, 80330.54719683077, 89098.81462273325, 103101.31534598941, 106646.20167771837, 119066.67574542873, 133457.6433962746, 156910.72434447418, 186289.4016537817, 224353.24437536695, 253576.0122387463, 299597.3244378964, 353253.94267445075, 415059.33176973107, 484477.09717018565, 561450.4452738067, 645386.1879250346, 736227.5315218614, 833631.3920489892, 937141.0982871039, 1046836.3735704435, 1162660.424297, 1284660.3708773504]","[1258.7, 1977.9000000000003, 3066.8, 4155.7, 5214.5, 6543.1, 8141.5, 10119.4, 12397.000000000002, 15463.800000000001, 19209.9, 23845.100000000002, 29359.300000000003, 35622.8, 43664.4, 53234.4, 64712.40000000001, 77688.8, 90325.6, 102512.9, 113990.90000000002, 125299.1, 136297.6, 147026.4, 157545.50000000003, 167215.40000000002, 177534.6, 187174.50000000003, 196744.50000000003, 205565.30000000005, 214316.2, 222627.5, 230359.40000000002, 238191.20000000004, 245953.10000000003, 253785.00000000003]"
16,otimista,129527744,True,0.16124796867370605,2379047.6426628,326157.2,3913886.4000000004,3428,115.23451861091748,1263.8098548724536,6.090354593106984,79.93008716325454,30.09493956047582,1.5888125613346418,1.0,4.718446601941747,1.3649364976071956,9835.615177761665,135.1431114472714,4660.605099179361,1,25.206046016350736,False,True,12541.123458913531,5253.501654565403,11.413405439818789,"[4660.605099179361, 5846.398209951447, 15484.24876395411, 14772.698541900892, 19719.01995687859, 25581.16978017635, 32805.15256478077, 41897.840913109096, 53426.3253173612, 59700.81168002471, 68097.12840941969, 81820.72639447336, 95867.0831873169, 101190.11402630637, 117607.9678873086, 138946.65614488538, 169439.45777483136, 211455.71277816646, 255767.51685474807, 318597.02996608743, 383621.7088637742, 458490.8191126845, 542819.4811346065, 624386.4666892367, 726921.6454512794, 837761.5349757608, 957160.1859489783, 1084748.7984317185, 1220290.0645446791, 1363472.5589751052, 1514026.1513977007, 1679657.4820038, 1844216.3337003049, 2015810.3058957595, 2194111.89363841, 2379047.6426628]","[1088.9, 1738.2, 2487.4, 6373.300000000001, 7871.700000000001, 9749.7, 12367.000000000002, 15983.2, 20788.100000000002, 27191.399999999998, 35472.7, 46171.4, 59837.0, 76869.20000000001, 93291.90000000001, 108865.5, 123919.70000000001, 138194.7, 151960.3, 165176.40000000002, 177613.30000000002, 189810.5, 201528.2, 212976.20000000004, 224084.5, 234373.7, 244972.50000000003, 255121.90000000002, 264971.5, 274441.6, 283572.0, 292532.60000000003, 300913.70000000007, 309634.60000000003, 317945.9, 326157.2]"
17,otimista,129537717,True,0.1950688362121582,262617.374538393,113761.0,1365132.0,1190,212.0455435194538,1264.9276950922022,6.000000000000001,79.51726587798741,15.373166604387428,1.0588812561334642,1.0,2.2549019607843137,2.956163550827712,1017.155727243304,226.13745963938294,4354.277088068431,1,3.6322145668096457,False,True,6424.179804814696,4817.841223647986,6.029923736477186,"[4354.277088068431, 5281.405359227541, 6805.104620010414, 8925.37487041705, 11637.605107825066, 14890.594916399756, 18563.90654387295, 22589.920579426995, 26940.677023061893, 31828.438740592697, 35256.90856893359, 39275.417539607835, 44075.360130354486, 49588.66775963063, 55928.334073505925, 63345.753772087206, 71949.73214226901, 81816.6920498664, 84586.67897524081, 89040.26984611165, 95302.16136783054, 103744.70210894178, 114479.44019325406, 109533.38702622586, 119250.45628282768, 131081.63122880706, 145815.951864164, 148126.0753519843, 154795.12782383052, 164479.75480196363, 178174.70525486034, 188010.33951131467, 201396.02189635613, 218300.6617980607, 238699.53940989528, 262617.374538393]","[1258.7, 1977.9000000000003, 2727.1, 3476.3, 4225.6, 4904.900000000001, 5654.1, 6473.200000000001, 7292.300000000001, 8381.2, 9609.9, 10968.5, 12636.8, 14375.000000000002, 16282.900000000001, 18600.5, 21257.7, 24184.7, 27421.300000000003, 31167.4, 35323.0, 40158.0, 45472.4, 51606.00000000001, 58039.30000000001, 63933.100000000006, 69826.90000000001, 75580.90000000001, 81065.2, 86239.8, 91284.5, 96049.5, 100514.8, 104940.20000000001, 109335.6, 113761.0]"
18,otimista,129547690,True,0.09772729873657227,464376.76430368004,156877.0,1882524.0,1630,196.19524154772714,1296.4139479585654,6.000000000000001,80.98808336859179,10.905311661427076,1.0,1.0,2.8205128205128207,2.2605927703800357,1857.8198512653335,153.03199636850846,4081.0103353882237,1,5.523451351803335,False,True,5155.455978711559,4287.366362605531,6.989505626223379,"[4081.0103353882237, 4493.722389822839, 5376.033841674465, 6669.337884048051, 8490.848130733695, 10862.248646311918, 13842.146237677769, 17563.73813861197, 21672.349212474437, 26411.165888065974, 29736.59903686215, 33880.783571014304, 38927.02804036862, 44906.35012329572, 52118.454281156526, 60677.3194906829, 70712.86110861608, 73978.54766089752, 79252.1785449442, 86793.27722275365, 96944.896705533, 103698.82900512595, 113832.76030193982, 115985.61751996967, 118216.75134879322, 127621.23558409841, 143179.36109736082, 157981.99866036364, 179488.30123243108, 207265.5971584607, 238138.06901776732, 274694.72921982897, 324442.1184306638, 371870.1784116481, 415585.62172418035, 464376.76430368004]","[919.0, 1328.6000000000001, 1908.0000000000002, 2417.5, 3066.8, 3746.1000000000004, 4495.3, 5414.400000000001, 6333.400000000001, 7562.100000000001, 8890.7, 10559.0, 12497.0, 14604.800000000003, 17162.1, 20089.100000000002, 23355.7, 27101.800000000003, 31427.300000000003, 36362.2, 42016.3, 48549.5, 55941.8, 64552.899999999994, 74053.0, 82903.8, 91854.5, 100365.70000000001, 108637.1, 116369.0, 123891.20000000001, 130903.90000000002, 137676.9, 144320.0, 150613.5, 156877.0]"
19,otimista,129557663,True,0.09044814109802246,188301.08344090113,62066.00000000001,744792.0000000001,640,247.0361330264938,656.1786712771528,12.341938182742908,80.40631971294083,1.4287104793864505,1.0,1.0,3.6666666666666665,2.778546833047161,707.5045143370883,416.2048566635336,4026.7924993466754,1,4.580005588722563,False,True,4530.164770192682,4110.648040864525,2.847969300593366,"[4026.7924993466754, 4194.503582382374, 4642.051832796118, 5424.72884825786, 6542.534628767598, 7940.177576655384, 9755.989876147822, 11989.971527244914, 22456.07029950763, 21267.556314463432, 31428.786436603932, 29667.708365490515, 33263.46604544417, 37238.12785065338, 41600.873585420995, 54147.93360873227, 54899.72460903532, 61373.93230968005, 68445.71529435547, 75964.11297650493, 83995.24794555272, 92640.87619576357, 102011.1589002508, 100221.38624037338, 102789.39421039604, 106102.38481318642, 110663.36539748154, 116323.61654983806, 123207.67304390686, 131267.87668685845, 140823.4362437408, 151874.00648820488, 157969.09181684538, 165984.23317893693, 176050.5083284143, 188301.08344090113]","[919.1000000000001, 1088.9, 1428.5000000000002, 1838.1000000000001, 2247.7000000000003, 2587.3, 3096.8, 3606.3000000000006, 4015.9000000000005, 6433.4, 6942.800000000001, 9600.1, 10109.5, 10818.900000000001, 11638.000000000002, 12387.2, 15314.2, 16403.100000000002, 17661.800000000003, 18820.600000000002, 20009.4, 21338.0, 22866.4, 24634.600000000002, 26542.600000000002, 28380.700000000004, 30798.2, 33315.6, 36032.9, 38790.0, 41956.7, 45323.3, 48759.700000000004, 52775.6, 57231.0, 62066.00000000001]"
20,otimista,129567636,True,0.07323265075683594,1700301.1286670305,282206.6,3386479.1999999997,2934,124.17921867709464,1115.4721519055954,7.105733616372799,79.71392410974232,30.54981166335501,1.2944062806673209,1.0,4.2631578947368425,1.5218071034789062,42545.02821667577,125.00202665049756,6153.246347622246,2,18.938760516459926,False,True,8152.956635841143,6633.0377042451355,9.330517850148206,"[10653.319307040158, 6153.246347622246, 7112.829060868025, 8499.66582749885, 10436.76420470688, 13144.24369328493, 16869.55023114651, 21795.268105634033, 28299.918499403866, 36929.30724779072, 48092.97870072191, 53977.146974167386, 63936.67156021852, 72109.51835679493, 86714.26463843609, 90530.74247391243, 104031.12959178857, 120162.55367342968, 146301.7364268934, 179119.1748254872, 221203.54893129756, 263689.5690095743, 315194.83867959614, 363637.541030142, 432745.00929516926, 509719.58424942207, 595221.8184721852, 688649.5421707233, 797551.655569276, 905974.3162075587, 1021581.6433570106, 1144179.6941110103, 1273278.4246722232, 1409038.3758112914, 1551379.2771428938, 1700301.1286670305]","[819.1, 3336.5, 3915.9, 4735.1, 5823.900000000001, 7322.400000000001, 9330.3, 11817.7, 15014.4, 19240.0, 24484.5, 31087.6, 39429.0, 49338.700000000004, 62245.20000000001, 76370.6, 89886.5, 102653.2, 115080.3, 127097.8, 138605.9, 150044.0, 161242.30000000002, 172340.80000000002, 183099.6, 192869.5, 203458.50000000003, 213298.2, 222968.2, 231918.90000000002, 240839.60000000003, 249520.59999999998, 257592.2, 265863.60000000003, 274035.10000000003, 282206.6]"
21,otimista,129577609,True,0.07723665237426758,1678365.582358232,270218.60000000003,3242623.2,2914,127.31759840631177,1174.9552828120407,6.315949951029072,79.39871132014854,24.10733112061065,1.6256517205422314,1.0,4.615384615384615,1.6308860433471215,6916.1065931593,120.36596830128923,3736.88187999197,1,18.09032551155794,False,True,5296.4946442523815,3961.192516770366,9.62055997058312,"[3736.88187999197, 4185.503153548762, 5666.8251411535875, 8260.938966300368, 12082.142542035988, 17300.998189870203, 23742.699519724076, 31666.56251772611, 41583.12773788961, 54187.38022820356, 59512.45528834393, 68980.68824330636, 77239.70252812267, 99368.54598865702, 102871.62695592994, 115703.15152764008, 130909.95925981029, 155464.90172192123, 186118.0417474161, 225442.7928988398, 267568.93923354044, 314133.0251336346, 368463.606729552, 418400.5037743047, 487701.8490709035, 563462.5271892428, 646450.4154794107, 743761.1559151983, 839986.0585945097, 942405.4847316019, 1050882.1962464573, 1165244.7492695057, 1285020.673029351, 1410522.2580504017, 1541644.8752156855, 1678365.582358232]","[1398.5, 2287.5, 3586.1000000000004, 4984.6, 6522.900000000001, 8400.900000000001, 10888.300000000001, 13994.900000000001, 18060.500000000004, 23484.699999999997, 30247.300000000003, 38848.0, 49736.3, 62912.100000000006, 77006.90000000001, 90112.80000000002, 102709.20000000001, 114446.50000000001, 125884.20000000001, 136772.4, 146971.5, 156940.7, 166700.2, 176259.90000000002, 185509.90000000002, 193631.2, 202711.40000000002, 210972.4, 219333.40000000002, 227115.00000000003, 234726.80000000002, 242128.9, 248921.5, 256123.80000000002, 263186.2, 270218.60000000003]"
22,otimista,129587582,True,0.0956423282623291,118396.32668794243,40828.0,489936.0,420,316.0159874478051,1195.5574029421152,6.523669103557619,79.21338521913275,-1.684799832787495,1.0,1.0,2.0833333333333335,3.611105101572221,416.2346945330935,505.1827300137854,3911.796597274229,1,4.46698137298503,False,True,4339.863127506851,3964.5278782219643,4.146066275439753,"[3911.796597274229, 4017.2591591696996, 4447.397783619234, 5145.567970657125, 6059.136587040374, 7297.381265977687, 8860.302007469065, 10615.888713581684, 12718.883946972484, 15150.56660964006, 15986.302299551524, 17226.091016706876, 18611.833691041487, 20162.423794652874, 22009.911425473856, 24165.71354819426, 26642.503296057086, 29416.29203578504, 32487.119767378128, 35934.36345552617, 39770.69623347216, 44126.87203059576, 48900.23838217284, 42106.80665492613, 47935.27144675414, 54229.05689096846, 61212.76031891304, 68865.907328555, 77341.16388451557, 86622.02695148459, 95902.85559342819, 93893.82032659695, 98223.32459801804, 103711.3943723127, 110394.15974741375, 118396.32668794243]","[679.3000000000001, 919.0, 1328.6000000000001, 1668.3000000000002, 1938.0000000000002, 2347.6, 2757.2, 2996.9, 3436.5000000000005, 3846.0000000000005, 4355.5, 4865.0, 5274.6, 5684.1, 6263.5, 6942.800000000001, 7692.1, 8441.300000000001, 9190.5, 10039.6, 10958.7, 12077.6, 13166.5, 14255.300000000003, 15583.900000000001, 16842.7, 18341.100000000002, 19939.5, 21777.600000000002, 23715.6, 25723.5, 29739.4, 32186.9, 34874.100000000006, 37731.200000000004, 40828.0]"
23,otimista,129597555,True,0.08390069007873535,122933.06588726706,21057.800000000003,252693.60000000003,222,473.7789249238315,849.5072360185778,9.269443556139075,76.96184734979904,-19.252879390180055,1.0,1.0,3.9375,4.505889432847835,435.1377745302794,930.1080316596131,3587.300030745833,2,12.695457002418612,False,True,3743.832385987165,3634.5043216359063,2.2189515893011897,"[3764.5403104742263, 3587.300030745833, 3681.70861252598, 3913.7010209116725, 4283.277255902911, 4790.4373174996945, 5626.4656504024, 14358.53311096358, 19005.33655478493, 16477.507712971048, 25270.186801581018, 21333.810399003778, 22951.17340622392, 24540.57641344406, 34022.49975662013, 38478.991122224674, 35773.29461900215, 38673.74194238517, 49345.08898362928, 47317.76815604632, 51030.656189971894, 54802.4674603004, 58750.04759213745, 50836.91537718559, 55254.3952601452, 59768.98341441072, 64643.4030763851, 69804.9192530791, 75218.38693748196, 80976.17054640183, 86957.94566303054, 93284.03670417627, 99971.70307963638, 107127.04982431389, 114785.62636202773, 122933.06588726706]","[579.4, 649.3000000000001, 989.0, 1158.8, 1328.6000000000001, 1498.4, 1908.0000000000002, 2147.7, 3306.5, 4535.200000000001, 4705.0, 5963.700000000001, 6033.6, 6033.6, 6273.400000000001, 7602.000000000001, 8930.6, 9100.400000000001, 9270.2, 10598.800000000001, 10938.5, 11178.2, 11517.900000000001, 11857.500000000002, 12436.900000000001, 12846.5, 13495.800000000001, 14175.099999999999, 14824.400000000001, 15573.6, 16222.900000000001, 16972.100000000002, 17791.2, 18780.200000000004, 19899.100000000002, 21057.800000000003]"
24,otimista,129607528,True,0.1275646686553955,466827.26188948326,151331.6,1815979.2000000002,1584,184.93452017930326,1155.4369045856763,6.789571072931447,80.55012124067125,12.526285459786012,1.0,1.0,2.9473684210526314,2.33170882963335,1868.0302578728472,124.98169906971027,4244.5502929385075,1,5.463249536504037,False,True,5700.4185620865355,4572.556490708889,6.554910489051056,"[4244.5502929385075, 4900.562688479271, 5967.03718662229, 7500.65883349043, 9501.427629083688, 12026.028619524928, 15099.110743262747, 18660.14502514667, 22689.81457378651, 27261.7734093573, 30633.674660409124, 34860.991342207766, 40055.196470019015, 46140.44615151713, 53702.35157664084, 62660.54576065592, 73374.2958522875, 77444.56495904709, 83890.45825544487, 93009.49802857457, 105114.85939630421, 114318.82267151258, 127505.43710552706, 138756.1683740265, 144868.14384346874, 155814.81602537894, 172976.0151608907, 188258.18103972755, 209390.0396569802, 235883.39491495566, 264600.2297829596, 298427.1761687463, 337035.10995428497, 380318.04921655555, 423068.3818890974, 466827.26188948326]","[819.1, 1328.6000000000001, 1838.1000000000001, 2417.5, 2996.9, 3646.2000000000003, 4325.5, 5144.6, 6133.6, 7292.300000000001, 8860.7, 10698.800000000001, 12806.600000000002, 14954.300000000003, 17851.300000000003, 21018.0, 24764.1, 28919.7, 33924.5, 39718.4, 46291.5, 53923.5, 62644.40000000001, 71055.6, 79197.1, 86549.40000000001, 94251.3, 101403.8, 108656.3, 115299.3, 121772.5, 128105.90000000001, 134029.7, 139823.6, 145747.5, 151331.6]"
25,otimista,129617501,True,0.13845586776733398,76297.09110912457,18770.800000000003,225249.60000000003,192,350.02147780750624,803.2583877587494,9.932406043103287,79.56287056883379,-10.536243552076083,1.0,1.0,2.0,3.64842812971259,240.82121295468565,585.2955586244316,3955.68111285247,1,8.572705958143242,False,True,4319.318051818164,4001.833924782576,2.79392934018245,"[3955.68111285247, 4047.9867367126817, 4409.761823519992, 4907.161421335043, 5540.185530157836, 6442.679101927727, 7536.627479839385, 8900.04532069814, 10532.932624503994, 12357.274734451616, 12397.035571280694, 12706.265871056872, 13340.795928914173, 14110.950497779215, 15150.277244896135, 16323.233454960153, 17765.403638979013, 19195.228629139638, 20854.473377381386, 22754.97209957797, 24667.08954865602, 26796.62675581519, 29167.4179369292, 19739.50309199805, 22568.712516155763, 25571.255914268317, 28966.548092477475, 32602.878755649217, 36697.88315085692, 41125.55446277464, 45931.97950672832, 51102.93784178635, 56582.6391728147, 62722.56369882611, 69226.76602694961, 76297.09110912457]","[579.4, 749.2, 1088.9, 1258.7, 1428.5000000000002, 1768.2, 2007.9, 2347.6, 2687.3, 2927.0, 3196.7, 3536.4, 3946.0, 4115.8, 4455.400000000001, 4795.1, 5304.6, 5544.3, 5953.900000000001, 6463.4, 6733.1, 7142.700000000001, 7652.200000000001, 8161.700000000001, 8741.1, 9250.6, 9999.8, 10679.1, 11598.2, 12477.300000000001, 13396.400000000001, 14315.4, 15164.5, 16423.3, 17512.1, 18770.800000000003]"
26,otimista,129627474,True,0.23172378540039062,1335359.2918107465,243344.10000000003,2920129.2,2559,140.0920204906663,1097.7672645737102,7.093295419810622,79.25026728533827,19.990721317796726,1.2355250245338567,1.0,5.127272727272727,1.7406822860883178,5486.9137158781095,100.658313248786,4238.727335689056,1,14.630508281066513,False,True,6017.642770965387,4590.198125209747,8.149540863372449,"[4238.727335689056, 4941.668914730437, 6376.300723043703, 8468.885032142058, 11219.421842025502, 14839.890191993823, 19135.694815388808, 24289.70216884077, 38201.00779801384, 42943.083383976504, 52397.276930838205, 63728.89742695552, 67569.91449074904, 79977.10763638097, 91460.68904131313, 108082.97862390405, 114705.10939833455, 129013.07453882572, 144023.8383310716, 167218.87393521285, 195247.9650011367, 231054.61558222337, 282238.54898078466, 312383.6062954644, 361843.01488195464, 417933.5838218968, 481151.7744119232, 551026.3727729749, 627532.1314874786, 710287.5856762752, 806991.4437877367, 901726.584735147, 1001889.9909276785, 1107571.411365231, 1218788.0878296716, 1335359.2918107465]","[988.9, 1568.3, 2487.4, 3306.5, 4125.6, 5214.5, 6543.1, 8281.300000000001, 10329.1, 17141.9, 21437.4, 26781.800000000003, 37350.7, 45831.8, 56940.100000000006, 68897.5, 80415.40000000001, 91383.9, 101812.90000000001, 112032.2, 121811.90000000001, 131521.7, 140961.7, 150431.8, 159562.2, 167843.5, 176734.10000000003, 185045.40000000002, 193326.7, 201128.5, 208790.5, 216082.80000000002, 222865.70000000004, 229748.40000000002, 236661.2, 243344.10000000003]"
27,otimista,129637447,True,0.20429277420043945,651837.4001051757,181839.90000000002,2182078.8000000003,1901,182.4172786868721,1194.1490661394262,6.511117275122159,79.78445544922675,12.820202973235757,1.1177625122669284,1.0,2.619047619047619,2.1570541530639558,2638.905833771565,232.61151116348415,4028.805310337954,1,7.5696689865939355,False,True,5152.958502349953,4250.157494626111,6.9242196285034945,"[4028.805310337954, 4471.509678914268, 5380.108110161848, 14521.64310707431, 12767.52059502703, 16621.965165063804, 20970.884841030325, 25880.293805063717, 31383.60391385243, 37809.82213899917, 43210.04975370961, 49711.70071017368, 57498.525812836844, 66633.65424826913, 69136.99426127892, 73638.45875181316, 80489.450036336, 89961.17287148282, 102619.70468863205, 112309.00326383185, 125880.9298613034, 127566.1687735465, 136818.32279014538, 140396.08796777597, 155420.14326317975, 177075.5686136855, 205580.96112977454, 237580.09268155275, 275777.0699913815, 319867.9371787267, 364486.0293152442, 411300.0454576097, 463461.09732375183, 521046.4810808278, 583865.5707049919, 651837.4001051757]","[989.0, 1498.4, 2077.8, 2727.1, 5214.5, 5963.700000000001, 6952.700000000001, 8141.5, 9470.1, 11278.2, 13386.0, 15803.5, 18600.5, 21667.300000000003, 25513.300000000003, 29908.7, 35013.4, 40807.3, 47650.2, 55352.100000000006, 64003.0, 73912.70000000001, 83312.8, 92543.20000000001, 101364.0, 109605.40000000001, 118116.5, 126188.1, 133890.0, 141212.30000000002, 148464.7, 155547.40000000002, 162190.40000000002, 168933.40000000002, 175436.6, 181839.90000000002]"
28,otimista,129647420,True,0.08109045028686523,241344.50813920083,108975.2,1307702.4,1148,220.1428579104796,839.7562476076447,9.450591352681702,79.97342133865519,3.008338753973394,1.0,1.0,3.0625,2.63539563480846,928.5187839133367,372.5650714226808,4048.003738986211,1,3.338422697342118,False,True,4866.4556086538905,4210.20467964747,4.044119557766788,"[4048.003738986211, 4372.405620308728, 5031.138938102278, 6103.578197884709, 7566.847274335211, 17442.762868797352, 15600.05633815907, 19369.691586675548, 23436.704451512676, 27911.442732323023, 30805.36093462444, 34217.984315038346, 38137.93125376178, 50478.42648965162, 51271.885118582, 58061.12908497668, 65570.57584580449, 82096.26278777646, 87277.04270159632, 90240.78140636701, 94383.8628270619, 99982.35706850399, 107091.2874793568, 103954.80416444337, 114673.6827230688, 120795.29737259605, 129603.90941645838, 140939.3605835164, 155317.29270321905, 156895.67797591374, 163638.04415095889, 174214.74533665978, 189529.75789619796, 201966.8995414185, 219200.0063976422, 241344.50813920083]","[819.1, 1158.8, 1568.3, 2077.8, 2557.3, 3066.8, 5214.5, 5793.900000000001, 6443.200000000001, 7262.299999999999, 8181.4000000000015, 9270.2, 10429.0, 11517.900000000001, 15064.100000000002, 16802.300000000003, 18540.4, 20648.3, 24943.7, 27401.100000000002, 30058.300000000003, 33155.100000000006, 36531.5, 40347.50000000001, 44503.100000000006, 48798.600000000006, 54212.899999999994, 59976.8, 66549.90000000001, 72953.20000000001, 79296.5, 85360.1, 91184.0, 97047.80000000002, 102941.59999999999, 108975.2]"
29,otimista,129657393,True,0.08146214485168457,2724550.75742189,372289.80000000005,4467477.600000001,3902,97.9195971389543,1206.221551407456,6.2869908263986085,79.13420608497188,32.50768659889005,1.5299313052011776,1.0,6.469135802469136,1.2274775189136775,11275.211489257872,56.001219292832815,4666.508488892448,1,27.36483875725932,False,True,7616.8729263887135,5325.232297175233,12.699180915203124,"[4666.508488892448, 5983.956105458018, 8161.178533365612, 11254.488362163785, 15221.782768757776, 20139.39111436691, 26453.452526664314, 34719.05947557418, 45573.677130632735, 51712.41277310622, 60599.735879301086, 69667.86396905342, 87625.56170664879, 96423.11847745192, 111615.06139983665, 137151.0621587224, 175596.04071224606, 217653.98529923905, 271658.91696281504, 337250.0085071005, 413889.9529835194, 501391.87436698505, 599540.9225716875, 696014.6407348607, 814598.1787706945, 942664.5642100982, 1080676.851155658, 1228261.6510253027, 1385250.0290503863, 1551109.694684474, 1725807.2939965995, 1909048.707652822, 2100511.4787903754, 2300303.214186216, 2508316.3070633872, 2724550.75742189]","[1328.6000000000001, 2147.7, 3236.6000000000004, 4395.400000000001, 5793.900000000001, 7701.900000000001, 10429.0, 14275.0, 19489.5, 26911.8, 36661.5, 49947.600000000006, 67898.80000000002, 85540.3, 103291.70000000001, 120154.00000000001, 136466.90000000002, 152170.5, 167264.6, 181909.30000000002, 195874.7, 209600.30000000002, 223056.2, 236102.5, 248879.10000000003, 260866.60000000003, 273433.4, 285530.70000000007, 297418.30000000005, 308626.5, 319794.8, 330593.5, 340982.6, 351511.60000000003, 361900.7, 372289.80000000005]"
30,otimista,129667366,True,0.08079719543457031,132522.2223383236,48608.6,583303.2,514,281.99010963222696,942.6099875243103,8.27664350036599,78.81459654286726,-1.8871293823125295,1.0,1.0,2.8636363636363638,3.331256658325918,475.0925930763483,480.9659702329683,4289.090536500809,1,3.673810774377324,False,True,5238.017573590045,4503.014331929278,3.6739829541563327,"[4289.090536500809, 4716.938127357747, 5411.7107223341445, 6244.2403716666695, 7399.953421670635, 8805.940319134692, 10478.852220718207, 12345.779573209833, 14488.221034413717, 24659.755029016666, 20800.26367976569, 22489.09412773814, 24447.06503073816, 26496.459334409617, 28980.71114746477, 31763.980469903625, 34846.26730172618, 38227.571642932424, 42037.061443285704, 46215.3658073788, 50737.28447395956, 55769.225654043476, 61343.74614073451, 55542.6829883888, 62379.614854810476, 69733.0830821954, 78047.72972901916, 87119.75479528175, 88561.67507408715, 91028.23717300282, 102311.44567566451, 102505.67939385993, 109243.38288833798, 117593.8384788264, 127419.93359258419, 132522.2223383236]","[649.3000000000001, 819.1, 1158.8, 1328.6000000000001, 1738.2, 2047.8000000000002, 2387.5, 2627.2, 2966.8, 3376.4000000000005, 5454.2, 5933.700000000001, 6513.1, 6922.700000000001, 7671.900000000001, 8421.1, 9170.300000000001, 9919.5, 10838.600000000002, 11757.600000000002, 12646.6, 13735.5, 14964.2, 16362.7, 17861.1, 19259.6, 21167.600000000002, 23075.6, 25123.4, 27441.0, 29998.300000000003, 34563.5, 37530.3, 41036.600000000006, 44652.8, 48608.6]"
31,otimista,129677339,True,0.06917190551757812,466065.2351765683,147324.6,1767895.2000000002,1554,186.66543453025707,916.5522351731623,8.741271452656894,81.47247008460857,10.014621927776071,1.0588812561334642,1.0,2.7291666666666665,2.283890825162184,1864.8551465690352,174.11252925842663,3702.5990009626953,1,5.74205977432444,False,True,4312.093635716088,3762.714496270968,5.181802462743098,"[3702.5990009626953, 3822.8299915792413, 4475.181517095038, 5796.407611955441, 7731.9489466966415, 10339.54979394134, 13619.210153689535, 17789.878765368132, 22580.41939074488, 27917.121756456312, 32127.768636374698, 37234.16328072698, 43280.36466711741, 58049.88049441645, 62482.67376675672, 73367.76203306553, 77612.30582824214, 83654.2684025135, 91872.14601815614, 102533.00536980547, 109387.56185502035, 119297.82114604043, 132818.66106243723, 137611.71697972852, 143380.35094270582, 154589.25747331098, 170673.7420496021, 184526.1987043211, 203797.592437468, 228174.75645357044, 257636.4242634285, 296976.28129328985, 333153.8529175825, 374193.7976530449, 420202.7596370175, 466065.2351765683]","[988.9, 1498.4, 2147.7, 2966.9, 3716.1, 4535.200000000001, 5354.3, 6443.200000000001, 7602.000000000001, 8830.6, 10498.9, 12406.9, 14484.7, 16462.6, 21816.9, 24983.600000000002, 28799.6, 32855.3, 37490.4, 42734.9, 48498.799999999996, 55041.9, 62643.9, 70275.8, 77568.1, 84211.20000000001, 91503.5, 98116.5, 104729.5, 110963.0, 117166.40000000002, 123200.0, 129023.90000000001, 134957.6, 141021.2, 147324.6]"
32,otimista,129687312,True,0.2459416389465332,1095702.8120302465,230700.09999999998,2768401.1999999997,2399,135.17448276363731,1269.6124234780582,6.000000000000001,79.40410653553562,22.134632975613208,1.1177625122669284,1.0,4.523809523809524,1.76891899888046,27430.07030075616,60.27612144195205,1830.0596280897264,3,12.040593355117988,False,True,2095.67019123265,1908.7336641754046,9.634002154855775,"[2892.5018806614194, 2131.757688223172, 1830.0596280897264, 1987.4077002610827, 2593.6160593780987, 3675.10594598593, 5307.088097203365, 7612.9518055141825, 10862.531608332412, 15392.872169677177, 21427.478177218265, 29351.614071367185, 39629.75441914053, 44195.78477193198, 52494.09109764385, 65266.94277756763, 77177.55884873398, 94362.60863322925, 102503.17759363941, 118810.25873988768, 136147.2623052527, 161945.86699725068, 192771.71817576536, 219405.50954831296, 260216.1766801817, 304428.23580465023, 355851.21929325385, 413980.973974162, 478654.8386575932, 549564.9023378476, 626560.0358883203, 709319.1748742993, 797636.166432313, 891522.542625538, 990896.9728590832, 1095702.8120302465]","[819.1, 1258.7, 1838.1000000000001, 2417.5, 3066.8, 3985.8, 5144.6, 6573.1, 8481.1, 11068.500000000002, 14265.2, 18251.0, 23225.8, 29249.600000000002, 36981.5, 46511.6, 58329.3, 70926.2, 83043.6, 94721.5, 105650.09999999999, 116309.0, 126418.5, 136258.3, 145688.5, 154369.40000000002, 163460.0, 171901.2, 180142.6, 188004.50000000003, 195666.5, 202918.90000000002, 209931.70000000004, 216944.40000000002, 223857.2, 230700.09999999998]"
33,otimista,129697285,True,0.07342052459716797,1836189.2003357206,299959.5,3599514.0,3105,123.18633038775937,1278.0123298442184,6.047699756220907,79.83525440342837,25.567901574025534,1.1766437684003925,1.0,4.527272727272727,1.435903520328122,7573.7050013988355,83.10176884697393,4468.658895263146,1,19.526850710040172,False,True,6606.714499718055,4935.253964804277,10.90286320081488,"[4468.658895263146, 5401.849034345406, 7008.336321508938, 9217.362743421581, 12271.82248635593, 16027.20328964751, 20430.51319582079, 25828.27516668445, 32443.97000375456, 40766.25645069979, 49068.29077099533, 67787.53576581102, 70575.96492495218, 82153.38522157352, 92898.798688498, 110353.8053718808, 120306.80098984702, 133635.3215875963, 158752.3435232208, 192068.71595099012, 236025.90517144994, 281617.5275693567, 337271.68606750795, 390710.3688840436, 465666.434390388, 549455.7232851756, 642413.6250745798, 744008.3666371837, 854007.926939999, 972041.7958812648, 1097829.451543387, 1231117.1325868084, 1371651.077671972, 1519417.9065098595, 1674221.235485227, 1836189.2003357206]","[919.0, 1498.4, 2347.6, 3096.8, 4155.7, 5344.5, 6743.0, 8681.0, 11168.400000000001, 14534.900000000001, 18690.600000000002, 24035.1, 34654.100000000006, 43435.0, 54803.2, 68858.70000000001, 84552.4, 99696.80000000002, 114401.50000000001, 128387.10000000002, 141663.30000000002, 154699.80000000002, 167256.80000000002, 179474.2, 191351.90000000002, 202380.50000000003, 213818.6, 224607.5, 235086.60000000003, 245126.30000000002, 254796.2, 264156.5, 273207.2, 282227.80000000005, 291008.7, 299959.5]"
34,otimista,129707258,True,0.19341707229614258,1837679.0654219622,293589.80000000005,3523077.6000000006,3102,118.64798025841702,1248.4182370771703,6.000000000000001,79.14424472972622,26.320995756765825,1.2944062806673209,1.0,4.890625,1.478043196244792,7579.912772591507,80.94199595829578,4414.377602707277,1,19.072391927734547,False,True,6670.712144507128,4919.480872115868,10.851118817274331,"[4414.377602707277, 5424.5841415244595, 7086.088145501351, 9580.65343021773, 12864.204553603862, 16872.200169142397, 21804.606001530323, 27898.802613367498, 35473.783498694094, 45159.75669572975, 55338.61657219405, 60276.50100030679, 69508.45532790755, 77350.29123233585, 92184.73208919086, 98016.2302939517, 107670.84185240888, 129248.12829940266, 159234.48754328338, 200035.09864794114, 242119.84639073606, 294023.35802464804, 355232.0314580274, 413369.9509727346, 492136.9925063391, 578837.7921516114, 673710.5792531811, 776197.6762773289, 886149.0047635644, 1003038.603391808, 1126672.3182594995, 1256730.7011775493, 1392963.1307143476, 1535344.855554484, 1683637.646353329, 1837679.0654219622]","[1158.8, 1908.0000000000002, 2727.1, 3786.0000000000005, 4774.900000000001, 6033.6, 7841.700000000001, 10229.2, 13295.900000000001, 17521.5, 22805.9, 29588.700000000004, 38449.4, 49287.90000000001, 63602.8, 80375.0, 96258.20000000001, 111322.30000000002, 125737.1, 139402.7, 152149.2, 164556.1, 176313.7, 187591.8, 198500.3, 208519.7, 218848.80000000005, 228458.60000000003, 237898.7, 246659.40000000002, 255180.40000000002, 263291.80000000005, 271093.6, 278865.4, 286327.5, 293589.80000000005]"
35,otimista,129717231,True,0.1570892333984375,491632.1207727387,155407.10000000003,1864885.2000000004,1629,189.57976211678726,1249.3859995272544,6.099824471621782,79.26587694833529,11.320032633073748,1.0,1.0,2.9210526315789473,2.3763498881285394,1971.383836553078,332.71099511876645,4315.981458334656,1,5.444425337715491,False,True,5928.8996470228185,4677.598370060577,6.840054450848589,"[4315.981458334656, 5039.215281786497, 6225.461102101593, 7817.959287533872, 9794.477334199819, 12369.759145104676, 15464.812584618854, 18996.459456137178, 22979.240022511243, 27627.69488148258, 30862.74366479726, 42579.89482242089, 43809.87543697585, 51149.95396960067, 60052.67308428328, 70539.04588264873, 74380.24082229815, 80296.52130372732, 88649.12005579653, 99904.56070848921, 107751.78238653115, 119399.85225465706, 134717.77164260554, 126945.69848413013, 136463.00211661696, 151998.9602398212, 165924.24788912147, 185562.0843665253, 210641.47060578625, 237813.4203420381, 270042.9059789134, 314654.63620213885, 356108.209242902, 396711.0638885546, 438194.208003467, 491632.1207727387]","[819.1, 1328.6000000000001, 1908.0000000000002, 2417.5, 2896.9, 3646.2000000000003, 4295.5, 5144.6, 6133.6, 7462.200000000001, 8860.7, 10598.900000000001, 15433.800000000001, 17991.100000000002, 21227.7, 24834.0, 28959.600000000002, 33624.700000000004, 39009.1, 45342.50000000001, 52295.100000000006, 60536.5, 69257.40000000001, 77638.6, 85640.2, 93172.3, 100734.40000000001, 107886.90000000001, 114699.7, 121073.0, 127406.40000000002, 133330.2, 138954.30000000002, 144538.5, 150022.7, 155407.10000000003]"
36,otimista,129727204,True,0.19117259979248047,3271607.916411803,416849.9,5002198.800000001,4301,95.2013226040882,1249.4984838643254,6.215002213286173,79.97402465188878,35.596366075624296,1.647693817468106,1.0,6.320388349514563,1.1205915914965117,13554.616318382514,71.5932307823121,4272.3994381605135,1,33.09359142146497,False,True,7190.429102568303,4847.5215649986385,13.76243496693567,"[4272.3994381605135, 5422.6436918367635, 7779.690906145483, 11345.062969475395, 16232.687683692318, 22412.96630833458, 30411.19727333258, 40925.553919484315, 54815.29898961952, 64991.39089136015, 79456.57768566805, 95810.1557744901, 104891.78624126704, 120271.91826506333, 147951.53760541035, 190213.4612179631, 237916.21406921608, 299244.61199157365, 373787.3545659451, 461157.212893102, 560727.4819170601, 672385.1330179849, 795776.1405308971, 918707.650450377, 1065099.8373908394, 1221881.4926429598, 1389953.5215421165, 1568744.9728980479, 1758120.2674594459, 1957690.6554386935, 2167377.832338594, 2386930.148511227, 2615778.1736547207, 2854138.8332943562, 3058714.514047672, 3271607.916411803]","[1498.4, 2587.3, 4085.8, 5584.200000000001, 7422.3, 9939.7, 13446.100000000002, 18311.1, 24914.200000000004, 34134.700000000004, 46522.00000000001, 62994.90000000001, 83004.3, 101685.0, 120675.4, 138776.7, 156468.5, 173381.0, 189784.10000000003, 205707.7, 220852.1, 235856.60000000003, 250421.59999999998, 264746.80000000005, 278972.10000000003, 291868.80000000005, 305884.30000000005, 319190.60000000003, 332327.0, 344984.0, 357541.0, 369788.4, 381326.5, 393134.3, 404942.10000000003, 416849.9]"
37,otimista,129737177,True,0.14438796043395996,821292.881328902,193960.40000000002,2327524.8000000003,1996,172.5387528402164,1055.3733777629677,7.5914590558959745,79.38180648988192,13.210279200559317,1.1766437684003925,1.0,3.5074626865671643,2.083500969022744,3344.970338870425,181.36297287675384,3265.9954418952116,2,9.365699338793135,False,True,3783.2959611788588,3299.5156049468346,6.4283741114973285,"[3333.0357679984577, 3265.9954418952116, 3933.3826922389926, 5470.932976436861, 7878.878081347149, 11428.225348067317, 16039.684969177019, 21516.095125346, 27862.23222126737, 35372.49857345427, 49924.332747609355, 54686.15379855818, 57998.09631035234, 63188.67206495663, 71378.71095533122, 82560.3891562241, 90964.71129576807, 103496.84200209586, 119985.40653514137, 126229.82050701493, 138167.3607340527, 156738.98402769736, 174022.37225999308, 193242.5914718812, 219980.26745352327, 252369.36374166136, 291121.2219684505, 335828.8725485279, 377569.8897556367, 424803.51686754246, 477394.0204268382, 542859.0258244785, 605316.4379758502, 672588.023531842, 744640.8773604757, 821292.881328902]","[1258.7, 2007.9, 2927.0, 4015.9000000000005, 5104.7, 6533.299999999999, 7861.9000000000015, 9360.3, 11198.400000000001, 13576.0, 16433.100000000002, 22766.5, 27252.0, 31847.200000000004, 37901.00000000001, 44674.0, 52635.8, 61786.4, 71316.6, 80127.5, 88628.8, 96930.30000000002, 104892.10000000002, 112684.0, 120476.00000000001, 127548.80000000002, 135510.60000000003, 142962.90000000002, 150275.4, 157148.3, 163851.40000000002, 170314.80000000002, 176198.7, 182222.50000000003, 188206.40000000002, 193960.40000000002]"
38,otimista,129747150,True,0.15098857879638672,1306121.8764427379,249625.7,2995508.4000000004,2643,128.45521862822133,1068.945558920131,7.331525937853163,80.82591763609321,23.283163043003633,1.1766437684003925,1.0,3.938775510204082,1.5978813561738938,5365.091151844741,84.13105050879754,4502.454635201105,1,14.574911186291267,False,True,6597.049748086401,4988.403541248423,8.631064990198832,"[4502.454635201105, 5474.3524472957415, 6971.282181683288, 9074.79249390365, 11840.193243694355, 15188.378748702082, 19145.810607496875, 23770.05608075554, 29238.95219903296, 36023.239540161936, 42291.641281036005, 50394.01808934746, 60808.531197023374, 65350.3787625548, 73548.38259570162, 86137.77892358648, 97771.32510180154, 116201.01961387522, 126249.44394453004, 137985.61402513445, 159726.16828537747, 188163.20708812168, 225828.29325647355, 255194.30150527757, 301877.78757385694, 356852.4466542569, 420199.82740201737, 491289.6752148268, 570010.0944875483, 655867.687133148, 748612.4211455494, 847912.7158631366, 953471.1772308759, 1065116.7621269077, 1182712.6140359542, 1306121.8764427379]","[988.9, 1568.3, 2217.6000000000004, 2966.9, 3786.0000000000005, 4605.1, 5763.900000000001, 7162.4, 8900.500000000002, 11387.900000000001, 14454.7, 18240.7, 22975.7, 28569.7, 35862.0, 44902.40000000001, 56150.5, 70125.70000000001, 83931.1, 96847.4, 109224.3, 121221.6, 132639.5, 143787.7, 154696.2, 164955.30000000002, 175314.4, 184894.20000000004, 194334.30000000002, 203164.90000000002, 211685.90000000002, 219797.3, 227539.1, 235071.10000000003, 242433.30000000002, 249625.7]"
39,otimista,129757123,True,0.1188805103302002,2231645.390630647,310721.9,3728662.8000000003,3281,113.06675554366194,1261.4248047089593,6.000000000000001,79.20910628588682,29.142198551379774,1.8243375858684985,1.0,6.009090909090909,1.4562509788352809,55828.634765766175,89.2109243791462,2439.2464914968186,3,23.280379832745275,False,True,2904.4040622797415,2443.5180076053,11.385198128583097,"[3056.608908468395, 2447.789523713782, 2439.2464914968186, 10789.712582496873, 9138.87281335079, 13428.99042434796, 19530.060767925504, 28050.23393290642, 31577.929239218203, 39782.874804790095, 54153.491655425474, 69561.26787794405, 73668.70914931654, 87820.19073405817, 105498.5960158161, 133825.85725770547, 169349.30649143533, 209310.64630335115, 255229.8050779007, 310225.35046244576, 373754.3794578875, 445830.76232643984, 533898.6655471604, 610117.680285769, 706155.1795758591, 809330.1597416627, 928163.0935528574, 1046384.2741766638, 1171823.670999414, 1303995.746375448, 1442923.8702745573, 1588341.341050981, 1739857.226644504, 1897643.6231154418, 2061537.9341110562, 2231645.390630647]","[989.0, 1398.5, 2147.7, 2797.0, 7911.600000000001, 10399.0, 13905.300000000001, 18680.2, 25463.1, 34703.3, 47040.3, 62543.9, 77408.2, 91343.50000000001, 105318.70000000001, 118644.70000000001, 131391.2, 143588.40000000002, 155415.90000000002, 166763.90000000002, 177432.6, 188131.40000000002, 198320.59999999998, 208310.0, 218089.7, 227020.30000000002, 236800.0, 245830.40000000002, 254860.90000000002, 263282.0, 271733.1, 279844.50000000006, 287476.5, 295318.2, 302950.10000000003, 310721.9]"
40,otimista,129767096,True,0.09272980690002441,3372750.438271551,434800.1,5217601.199999999,4599,90.00043407691373,1244.7803837172241,6.050679665007388,79.662030305636,35.59393517502832,1.7065750736015701,1.0,6.247422680412371,1.0751303947714,13976.043492798126,62.42893441716266,4438.679133991144,1,33.15167672051288,False,True,7523.2585919368175,5095.618747486644,14.473014953791385,"[4438.679133991144, 5752.558360982144, 8113.492002255041, 11602.824914213297, 16244.805263006572, 21982.395053123633, 29521.76112687379, 39323.434935041456, 52237.150069594034, 61030.71642933816, 73379.52748968659, 86703.83616756945, 92813.9359148447, 104548.9407174182, 132936.753896572, 174306.2973841281, 222332.6478704851, 285056.6868683561, 362119.1485943426, 452949.0593426848, 556989.0085484572, 674027.2882892983, 803728.3595311192, 933976.9880597319, 1088349.7580304134, 1254060.357160798, 1431698.5196626598, 1620740.7253288582, 1821120.7601547595, 2032218.6302250493, 2254034.335539728, 2486207.043604461, 2728238.5276723527, 2934479.6619789097, 3149310.175317663, 3372750.438271551]","[1398.5, 2487.4, 3786.0000000000005, 5184.5, 6922.700000000001, 9140.300000000001, 12476.800000000001, 16942.100000000002, 23015.600000000002, 31466.7, 42544.9, 57239.40000000001, 76668.80000000002, 97117.20000000001, 117775.3, 137614.40000000002, 156804.1, 175034.80000000002, 192826.0, 209907.90000000002, 226300.60000000003, 242423.5, 258136.90000000002, 273710.5, 288744.5, 302819.70000000007, 317614.0, 331759.0, 345834.20000000007, 359130.1, 372426.0, 385272.4000000001, 397509.5, 410016.30000000005, 422393.20000000007, 434800.1]"
41,otimista,129777069,True,0.07352519035339355,88954.16940630857,36801.3,441615.60000000003,387,224.1821497849651,813.2019022692505,9.641073853458941,80.36992702120315,5.368767805303757,1.0,1.0,2.142857142857143,2.777022296673564,2261.3542351577144,359.73572803101547,-637.9391310877086,4,3.613797631707397,False,True,-354.5632491853884,-574.2279080084178,4.050205588874137,"[2627.2118860160726, 1312.117425176323, 268.48458638901684, -637.9391310877086, -510.516684929127, -302.57877060414216, -37.94720313497987, 307.19983250058544, 3.349632841642915, 325.28480973884575, 486.79900658710517, 881.1021415254297, 1560.2360198267784, 2307.0315201805706, 3440.005070185742, 4778.623016698117, 6353.801980286411, 8162.625340381906, 10261.746750128783, 12781.280525291126, 15483.19235010485, 18584.65134588053, 22041.5593276404, 14032.862449270495, 18576.028017059172, 23504.705345286795, 29256.74674172544, 35777.521327685696, 43002.06572373627, 51064.67243061903, 60168.84307038643, 70238.34791675134, 72799.00400228925, 76677.74503778771, 82026.92629844333, 88954.16940630857]","[579.4, 649.3000000000001, 989.0, 1158.8, 1228.7, 1328.6000000000001, 1398.5, 1498.4, 1908.0000000000002, 2077.8, 2487.4, 2797.0, 3306.5, 3646.2000000000003, 4295.5, 4874.900000000001, 5454.2, 6033.6, 6682.900000000001, 7532.1, 8181.4000000000015, 9000.5, 9849.6, 10938.5, 12167.2, 13256.0, 14824.400000000001, 16562.600000000002, 18300.7, 20208.7, 22456.4, 24773.9, 27161.399999999998, 29988.4, 33225.0, 36801.3]"
42,otimista,129787042,True,0.0725243091583252,148838.8903390873,26422.0,317064.0,280,379.83252055613474,1275.4895214760325,6.0191935856882175,78.96918765323129,11.128796238867215,1.0,1.0,1.7894736842105263,4.411121382911371,543.0787097461971,362.11828548717614,4105.8920969916,1,5.857500732496642,False,True,8759.602365637349,4325.288587494257,3.3881113072535065,"[4105.8920969916, 4544.685077996913, 13096.416361982356, 10164.574794850827, 12355.377716567717, 14685.847362414073, 17208.551168144677, 19870.92169800475, 30506.56380671548, 28775.37978843871, 30546.556162314504, 32472.06036409764, 34413.35129001024, 36560.649431913465, 38769.707965969246, 41080.52689217759, 43651.08609048293, 46301.41934896393, 49159.81349145864, 52133.70108221229, 55327.368945062924, 58758.79074803364, 62376.28710304118, 61972.89542905193, 61458.36933291422, 66488.37084491969, 71874.12730111452, 85417.04294430322, 86910.584557496, 94190.08089511399, 102040.87183710163, 110417.25166339873, 119303.26037400529, 128780.59102502766, 138809.28361646587, 148838.8903390873]","[819.1, 1228.7, 1568.3, 3136.7000000000003, 3376.4000000000005, 3546.2, 3786.0000000000005, 3955.8000000000006, 4125.6, 5863.800000000001, 6103.500000000001, 6413.200000000001, 6583.0, 6922.700000000001, 7162.4, 7402.1, 7841.700000000001, 8151.3, 8560.900000000001, 8900.500000000002, 9340.1, 9849.6, 10329.1, 10738.6, 13056.2, 13635.6, 14354.8, 15104.000000000002, 17661.3, 18650.2, 19839.0, 21067.7, 22296.4, 23625.0, 24953.600000000002, 26422.0]"
43,otimista,129797015,True,0.07373905181884766,581307.5469220999,182498.0,2189976.0,1920,163.44066668060523,943.4304863876667,8.349483029502368,79.38987273714298,14.755517089519657,1.1177625122669284,1.0,2.660377358490566,1.9986821499271938,14570.188673052497,266.2210141770083,1709.2036868966284,2,6.6037865856535145,False,True,4020.7863860047937,2199.8702387963713,6.075699044572896,"[2690.5367906961137, 1709.2036868966284, 8811.212765374821, 4464.202917774353, 5569.983882872362, 6991.818741073408, 8810.47973977385, 11038.707586167759, 13826.980138363182, 17406.50750186452, 21696.396313356432, 27118.26299624909, 33554.65656043765, 41084.103323827876, 50317.53266442036, 52610.274299304336, 56964.716899286315, 63491.217206555375, 72615.64626512851, 84861.53486739448, 94039.11508334326, 107263.57960269855, 108483.90893493831, 105537.75858526985, 121188.43630629679, 136308.9836647138, 158799.13198832184, 188329.4702421259, 221575.15725011218, 261341.18729519146, 302239.1855996602, 345886.43137591984, 395646.23437657394, 451574.6251418248, 513481.1678135644, 581307.5469220999]","[749.2, 1158.8, 1498.4, 3885.9, 4395.400000000001, 5044.7, 5863.800000000001, 6782.8, 7941.600000000001, 9510.0, 11178.2, 13425.9, 15813.300000000001, 18370.600000000002, 21777.1, 25423.200000000004, 29818.600000000002, 34723.40000000001, 40417.4, 47160.399999999994, 54722.4, 63553.100000000006, 73672.40000000001, 83452.1, 93062.0, 101952.7, 111153.0, 119943.8, 128324.90000000001, 136466.40000000002, 144507.90000000002, 152309.7, 159941.7, 167643.6, 175105.7, 182498.0]"
44,otimista,129806988,True,0.07288718223571777,1294748.0008115433,244658.2,2935898.4000000004,2618,145.97924470894222,1144.5635234993472,6.60457616161825,79.11020261041013,18.702216638883137,1.437956204379562,1.0,3.1797752808988764,1.758075879090964,5317.700003381429,182.5643357231321,3958.4868284782387,1,14.21827725301657,False,True,5384.033181879488,4225.649875722973,8.29760605919334,"[3958.4868284782387, 4492.812922967707, 5681.106601516749, 7523.367864125365, 17960.129555033138, 17864.445604875018, 23680.573044848996, 30515.041715002553, 38452.333137334834, 47965.33839855308, 57351.92068139994, 60387.23925188664, 66095.83833016944, 74756.91388885805, 80982.88941411994, 91704.6912714404, 107878.32405490235, 114723.99885121302, 130131.07392912713, 147198.27353186577, 173137.27411278302, 204733.43763446523, 244659.35925686487, 275279.33633200533, 322132.347421156, 376142.71016227035, 437615.9365746997, 506134.59893249423, 581540.4425995572, 663315.8708072298, 751437.288542745, 845600.8859788224, 953228.746095007, 1058879.1277494659, 1177859.1124607022, 1294748.0008115433]","[1158.8, 1878.0000000000002, 2697.1, 3516.2000000000003, 4575.1, 8261.100000000002, 9999.300000000001, 12147.0, 14604.300000000001, 17810.9, 21766.7, 26441.700000000004, 32135.600000000002, 38688.600000000006, 46979.7, 56769.2, 68506.6, 80993.3, 93100.30000000002, 104767.8, 115885.90000000002, 126734.3, 137173.2, 147202.40000000002, 156892.0, 165862.50000000003, 175212.4, 184043.00000000003, 192673.8, 200655.2, 208606.7, 216178.6, 223341.0, 230573.2, 237565.7, 244658.2]"
45,otimista,129816961,True,0.07116866111755371,1305659.9549127803,252231.7,3026780.4000000004,2683,132.7840356882001,1131.4437252199193,6.741718029450923,79.68608306395251,22.124934665120104,1.3128258602711158,1.0,4.1911764705882355,1.7025330681133843,5363.166478803251,95.73965777347743,4241.508635878224,1,14.686933551218196,False,True,6165.696843798004,4622.089525302901,8.83304927680758,"[4241.508635878224, 5002.670414727578, 6553.372320154813, 8972.989847063063, 12238.277722036277, 16493.07480643184, 21575.938430692706, 27790.470692060557, 35346.38511477473, 44658.83528478051, 54066.34006143925, 57553.94262015805, 64274.57229570838, 74575.46883339991, 83571.58518638536, 105385.58916783257, 107410.30515958735, 117076.4038881201, 127720.59591045666, 146858.35373479367, 173947.84816933074, 206091.57453321345, 246074.71583973523, 276508.0230431667, 323145.30369743385, 376832.4701677622, 438359.11480531644, 507183.3451937095, 583384.5368278443, 666500.1727862371, 756530.2530688876, 853339.3361839927, 956544.2174803845, 1066336.4676713534, 1182636.7744865832, 1305659.9549127803]","[1228.7, 1878.0000000000002, 2866.9, 3955.8000000000006, 5014.6, 6413.200000000001, 8151.3, 10438.9, 13265.900000000001, 16882.0, 21317.3, 26771.5, 33554.3, 41435.9, 51804.8, 63532.40000000001, 74920.3, 85868.6, 96677.1, 107315.80000000002, 117275.20000000001, 127364.5, 137184.0, 146903.7, 156553.40000000002, 165384.0, 175203.6, 184343.80000000002, 193584.0, 202244.80000000002, 210905.6, 219396.59999999998, 227408.1, 235659.30000000002, 243810.60000000003, 252231.7]"
46,otimista,129826934,True,0.0706796646118164,438475.37406325433,160704.9,1928458.7999999998,1651,189.83837513619576,1230.4253203117494,6.223406642617784,77.85858029123162,10.235512202693037,1.0,1.0,2.861111111111111,2.332009219952954,1749.897391930226,118.86647727096494,4442.518385964956,1,4.9695354973109955,False,True,5993.356441276148,4800.698339315162,6.7717099269521,"[4442.518385964956, 5158.878292665368, 6271.515824146409, 7758.412764815425, 9720.806818245264, 12193.881041230805, 15199.653649364704, 18530.86329065061, 22275.728693517587, 26515.695274655915, 29429.755242155938, 33075.61062877293, 37449.58557880962, 50365.337552333796, 52803.89340314665, 61749.8388198059, 63790.43481102718, 67500.7046819533, 73197.30267342986, 81282.36487417808, 91796.43713411584, 98866.11343041685, 109312.29079704973, 111668.34524394345, 115285.4562590782, 124375.76545730562, 140232.894871381, 154831.52009211635, 175765.6020320038, 202638.68788138306, 232292.34066429373, 267590.1416203681, 308135.81812482554, 348720.60688123887, 391031.25297044264, 438475.37406325433]","[919.1000000000001, 1258.7, 1768.2, 2247.7000000000003, 2857.1000000000004, 3506.4, 4185.7, 4934.900000000001, 5854.0, 6942.800000000001, 8371.4, 10039.7, 11807.800000000001, 13845.800000000001, 18950.500000000004, 22217.2, 25923.400000000005, 29939.200000000004, 34534.5, 39939.0, 45792.9, 52595.9, 60387.90000000001, 69368.70000000001, 78449.40000000001, 86850.8, 95491.90000000001, 103653.5, 111755.20000000001, 119337.4, 126719.80000000002, 133932.4, 140635.5, 147468.5, 154141.6, 160704.9]"
47,otimista,129836907,True,0.06912660598754883,653909.8436277735,181869.40000000002,2182432.8000000003,1906,184.17740173733276,1251.686639632572,6.109658041379078,79.96557814380834,11.066869289172038,1.1766437684003925,1.0,3.0847457627118646,2.2029294210910337,2647.5410151157225,228.47316973562434,3362.648180858398,2,7.541000955357306,False,True,3783.75964155767,3391.9415533659057,7.248003608666128,"[3421.234925873414, 3362.648180858398, 3904.6012134524217, 5103.677038199008, 7171.360477538168, 10220.817560556947, 14333.409735752812, 19395.791140342393, 25193.19704013865, 32023.736243674983, 37869.357794581956, 45100.95591832917, 53819.20255554213, 63958.6164995738, 67745.30766076225, 73750.53026457706, 82286.44107408375, 93624.27685234784, 101752.24497211148, 113463.42509343511, 129185.6022933154, 134575.66212389176, 145975.19565908224, 144646.48451040074, 162102.50721480633, 185710.13347163753, 212972.3712076132, 246418.81101906692, 285992.8708914551, 325897.1830762558, 367885.1655589255, 415180.93341338215, 467411.0778626537, 524680.9428467287, 586803.8239771212, 653909.8436277735]","[1088.9, 1738.2, 2487.4, 3306.5, 4395.400000000001, 5624.1, 6952.700000000001, 8381.2, 10019.5, 12127.300000000001, 14444.8, 17341.8, 20648.3, 24084.8, 28480.1, 33454.9, 39109.0, 45442.4, 52634.8, 60706.3, 69766.90000000001, 78997.2, 87887.90000000001, 96538.8, 105019.90000000001, 112721.9, 121033.09999999999, 128765.0, 136427.0, 143479.6, 150462.30000000002, 157105.4, 163268.90000000002, 169572.30000000002, 175635.90000000002, 181869.40000000002]"
48,otimista,129846880,True,0.06871247291564941,219347.9593369636,109395.7,1312748.4,1143,210.4214944818841,833.3360391139399,9.451751842523572,80.06630279129998,4.254067703800395,1.0,1.0,2.4210526315789473,2.545788176481713,836.8664972373484,364.23200120804916,3719.8194866287804,2,3.0549210951196697,False,True,4064.9530766082025,3722.263684144853,4.274682178356964,"[3724.707881660925, 3719.8194866287804, 4178.3681415906285, 5019.67716883701, 6405.099923786844, 8310.63805321947, 10760.28991035555, 13810.733819683881, 17437.971427983808, 21581.556938915033, 24175.021547635984, 27299.76025634492, 30968.5297427513, 35084.69168236633, 40040.27437534346, 45674.20989381377, 52168.49156446432, 59507.91606500457, 67765.8800444121, 77311.9143003232, 79279.43803949813, 82649.90370635247, 87470.18295206211, 82047.19285535287, 90604.57211299811, 100946.55907821847, 107613.70617549075, 116814.93712812186, 128939.7935916842, 144433.6709693924, 148518.09758133878, 157975.0417476156, 171402.4197736478, 182329.8973371448, 198303.7444071765, 219347.9593369636]","[919.0, 1258.7, 1838.1000000000001, 2317.6, 2996.9, 3646.2000000000003, 4325.5, 5074.7, 5793.900000000001, 6643.0, 7632.000000000001, 8790.800000000001, 10049.5, 11238.300000000001, 12876.5, 14544.800000000001, 16452.800000000003, 18460.700000000004, 20608.4, 23295.7, 25783.0, 28779.9, 32086.4, 35932.4, 40327.8, 44753.200000000004, 50407.3, 56401.1, 63044.100000000006, 70296.5, 77279.20000000001, 83992.20000000001, 90325.6, 96758.90000000001, 103062.3, 109395.7]"
49,otimista,129856853,True,0.0701298713684082,789190.1289119029,192668.59999999998,2312023.1999999997,2014,161.2058348159086,977.1467865939853,8.315540159506869,81.50247293932901,15.224775076784283,1.1766437684003925,1.0,4.148936170212766,1.9445882861829793,3211.208870466262,133.17908262577637,4239.416862526606,1,9.221232034106643,False,True,5669.390819384447,4528.464349094392,6.344894181513488,"[4239.416862526606, 4817.511835662178, 5953.350480625204, 7622.118988574361, 10043.882920728134, 13138.61072187989, 16992.826514926128, 29184.565932527712, 30767.9999694254, 38339.37286675603, 45080.93882770197, 53206.53596287219, 63107.71559187421, 66235.17562814645, 71769.22013785742, 79964.06434804121, 91238.56222628108, 99641.53310420821, 112287.05051663621, 129399.06223998964, 135569.77450385576, 147879.91330222276, 167069.37906786025, 173371.87060359775, 198298.3509034234, 229235.8655491444, 263822.1827677949, 304614.7840847179, 351533.63794470683, 399151.1347983712, 449304.47980677226, 505524.076907434, 567474.6443419674, 635436.2461223962, 709406.4908965004, 789190.1289119029]","[989.0, 1398.5, 2077.8, 2727.1, 3646.2000000000003, 4465.3, 5484.3, 6543.1, 11038.400000000001, 13216.2, 15703.600000000002, 18600.5, 22176.800000000003, 26022.800000000003, 30827.7, 36411.9, 42885.100000000006, 50377.299999999996, 59198.100000000006, 68937.90000000001, 77928.5, 86749.30000000002, 95130.5, 103371.90000000001, 111443.5, 118765.79999999999, 126867.4, 134429.5, 141891.60000000003, 149214.0, 156566.30000000002, 163958.6, 170941.30000000002, 178263.6, 185586.00000000003, 192668.59999999998]"
