sim,scenario,seed,success,time_elapsed,caixa_final,mrr_final,arr_final,usuarios_final,cac_medio,ltv_medio,churn_medio,margem_bruta_media,ebitda_margin_media,nrr,grr,cohort_m6_retention,payback_meses_medio,roi_total_pct,burn_rate_medio,caixa_minimo,mes_caixa_minimo,runway_final,quebrou,runway_critico,var95_caixa,cvar95_caixa,ltv_cac,caixa_series,mrr_series
0,pessimista,1065992829,True,0.06882262229919434,32140.160085183154,11328.400000000001,135940.80000000002,116,197.56682946967558,508.39233962055084,15.318809697864156,77.52212163278449,-17.182896521749317,1.0,1.0,4.0,3.262538933642298,841.0040021295787,766.7528244974973,-3103.034404737854,24,5.385206933953189,True,True,-1510.3736784396924,-2307.241705769214,2.222481430414408,"[2865.598029273872, 1732.1960585477436, 655.9124761281134, -341.1416597272322, -662.6361334357773, -984.1306071443224, -1248.5066925463698, -1383.4207562693095, -1511.4490068005744, -1510.0152356527317, 6542.855680049971, 1361.5193020728266, 1660.0123706599672, 1918.5454392471077, 2313.42634270503, 2754.6240227759486, 3219.1311494111515, 3830.2586860319593, 4481.81405752355, 5201.797263885924, 6040.440880233902, 6862.393943146165, 7780.734840929211, -3103.034404737854, 7541.023637600053, 3644.234386258113, 5420.740804657735, 7247.987633042963, 9252.010131169758, 11443.12087415294, 13815.430920250295, 16341.715024395715, 26885.098294775104, 24755.340494651922, 28354.571444207202, 32140.160085183154]","[509.5, 509.5, 579.4, 679.3000000000001, 679.3000000000001, 679.3000000000001, 749.2, 919.1000000000001, 919.0, 1088.9, 1258.7, 2757.2, 2857.1000000000004, 2857.1000000000004, 3026.9000000000005, 3166.7000000000003, 3266.6000000000004, 3506.4, 3676.2000000000003, 3846.0000000000005, 4085.8, 4185.7, 4355.5, 4695.2, 4525.3, 6023.8, 6363.4, 6603.200000000001, 6942.800000000001, 7352.400000000001, 7792.0, 8201.5, 8541.2, 10279.400000000001, 10818.900000000001, 11328.400000000001]"
1,pessimista,1066002802,True,0.07717561721801758,40373.0009325555,10628.800000000001,127545.6,112,414.51051879316424,1099.9062422866907,7.104318596710041,80.28169986751055,-14.607297312129548,1.0,1.0,1.7692307692307692,4.494199903089174,91.13750388564793,575.1862456110641,4605.045629141112,1,7.290745948267867,False,True,5826.899145480959,4936.743034505289,3.1580619699294274,"[4605.045629141112, 5268.440439869467, 6013.052047351457, 6815.01283642069, 7827.9581468093365, 8955.601820372467, 10164.462290689233, 11430.671942593242, 12835.44757283813, 14427.340109236036, 14157.79862397482, 14026.823117054484, 14164.181313040803, 14440.105487367999, 14838.469801541878, 15279.480094056635, 15791.13636491227, 16373.438614108783, 17074.937769458316, 17876.43208473597, 18850.38010292028, 19884.36328103271, 21090.800162051797, 10357.272202999002, 11804.996200627964, 13385.21390116358, 15212.583667780338, 17182.634572666095, 19395.785158799383, 21730.81862942657, 24366.260962888533, 27104.424434619494, 30085.68758759799, 33327.39960341126, 36744.25130047206, 40373.0009325555]","[579.4, 649.3000000000001, 749.2, 819.1, 1088.9, 1228.7, 1328.6000000000001, 1398.5, 1568.3, 1808.1000000000001, 1977.9000000000003, 2147.7, 2487.4, 2657.2000000000003, 2897.0, 3066.8, 3236.6000000000004, 3406.4, 3646.2000000000003, 3885.9, 4225.6, 4465.3, 4805.0, 5044.7, 5384.3, 5724.0, 6203.5, 6613.0, 7122.5, 7532.1, 8111.500000000002, 8521.0, 9030.5, 9609.9, 10119.4, 10628.800000000001]"
2,pessimista,1066012775,True,0.08200907707214355,144610.34899295395,71894.4,862732.7999999999,756,240.99125169355906,908.9214511192497,8.647748348319105,79.11119395274257,0.5590751740019102,1.0,1.0,2.25,2.8591494340229695,525.4597874706415,203.03724443571386,4542.815581777893,1,2.370607660223207,False,True,5937.541343920065,4883.49082608374,4.112131259343693,"[4542.815581777893, 5224.166070389586, 6175.333101763557, 7264.035039971328, 8546.787692919637, 10099.356888630226, 11845.976799081353, 13918.929060201497, 16266.95113498924, 18899.11304407766, 19774.78640276216, 20829.50792002242, 22024.015058857018, 23462.073647287692, 25297.734400054986, 27486.37985416031, 29948.747472602256, 40462.91072808291, 39469.26332102284, 44121.9111829873, 49254.77355995739, 55045.90116667366, 61531.69563906458, 64480.542819664624, 68562.73295165664, 70185.71630575317, 73177.69341036238, 77414.7226103924, 83221.43610945824, 90630.84386828152, 99830.63899155016, 110973.81053891286, 125504.6617967393, 131827.8322934718, 144772.01918466092, 144610.34899295395]","[649.3000000000001, 819.1, 1158.8, 1328.6000000000001, 1568.3, 1908.0000000000002, 2147.7, 2557.3, 2896.9, 3306.5, 3816.0000000000005, 4295.5, 4705.0, 5214.5, 5963.700000000001, 6782.9, 7532.1, 8351.2, 11487.900000000001, 12606.7, 13765.500000000002, 15164.000000000002, 16732.4, 18470.5, 22865.9, 25113.6, 27940.600000000002, 30907.500000000004, 34343.90000000001, 38060.0, 42145.700000000004, 46611.0, 51485.799999999996, 58778.200000000004, 65181.50000000001, 71894.4]"
3,pessimista,1066022748,True,0.08578896522521973,9580.00218426469,4525.400000000001,54304.8,46,434.0659389728883,428.73246915843407,18.29472455569453,76.84606551591101,-55.131305315099446,0.8,0.8,1.0833333333333333,5.157776960444122,-37.16665756556384,1327.7895406086566,-721.321051355997,24,3.345639661412489,False,True,318.22597581569886,-245.9924573348767,1.1577088406910407,"[4459.167893812043, 12711.345289016142, 8593.025254556775, 9594.59609656113, 10596.166938565486, 11597.737780569842, 12599.308622574197, 13600.879464578553, 14602.450306582909, 15604.021148587264, 14605.59199059162, 13664.186020400946, 12779.803238015244, 19687.429957021603, 14026.34440202482, 13683.364567831431, 13340.384733638042, 12997.404899444653, 12654.425065251264, 12311.445231057874, 11968.465396864485, 11625.485562671096, 11411.930884138039, -721.321051355997, 229.33613668624366, 367.0614820762771, 347.8559221921839, 8200.962606739175, 3066.8602050879954, 3565.1178034368168, 4063.375401785638, 4561.6330001344595, 5059.890598483281, 13350.15769822416, 8584.167363414257, 9580.00218426469]","[509.5, 509.5, 1188.8, 1188.8, 1188.8, 1188.8, 1188.8, 1188.8, 1188.8, 1188.8, 1188.8, 1258.7, 1328.6000000000001, 1328.6000000000001, 2177.8, 2007.9, 2007.9, 2007.9, 2007.9, 2007.9, 2007.9, 2007.9, 2177.8, 2277.7, 2277.7, 2277.7, 2417.5, 2517.4, 3436.5000000000005, 3436.5000000000005, 3436.5000000000005, 3436.5000000000005, 3436.5000000000005, 3436.5000000000005, 4355.5, 4525.400000000001]"
4,pessimista,1066032721,True,0.06976604461669922,22396.093298269283,6812.9,81754.79999999999,71,351.1389185617647,594.1953028366738,12.950382947449135,78.20497786721714,-43.191955769215916,1.0,1.0,2.0,4.082392676711374,16.233722076122007,898.4513552467056,4888.848913183441,1,5.874114594735967,False,True,5846.297024733651,5333.773369775162,2.0022533363367545,"[4888.848913183441, 5778.6978263668825, 6725.826453846841, 7730.234795623316, 8734.643137399791, 9739.051479176267, 10743.459820952743, 11747.868162729219, 12831.28008455615, 14050.975300730053, 13458.181714135178, 13001.671421887277, 12681.444423986346, 20139.435362992757, 14735.67338109085, 14953.63111348546, 15200.908560176587, 15499.22958691817, 15887.822096594458, 16265.734320567262, 16558.406830243548, 16936.319054216354, 17365.274858239613, 5868.830090855907, 6525.70038645736, 7131.93039635533, 7925.487280650728, 8798.675362177348, 9769.506452347458, 10723.461122568022, 19603.184926927148, 15477.698463345017, 16973.971714059408, 18629.796162005016, 20404.987484348054, 22396.093298269283]","[509.5, 509.5, 579.4, 649.3000000000001, 649.3000000000001, 649.3000000000001, 649.3000000000001, 649.3000000000001, 749.2, 919.0, 1158.8, 1328.6000000000001, 1498.4, 1498.4, 2587.3, 2657.2000000000003, 2727.1, 2827.0, 2996.9, 3066.8, 2996.9, 3066.8, 3166.7000000000003, 3306.5, 3576.3, 3646.2000000000003, 3915.9, 4155.7, 4395.400000000001, 4495.3, 4735.1, 5823.900000000001, 5893.800000000001, 6133.6, 6403.300000000001, 6812.9]"
5,pessimista,1066042694,True,0.07052755355834961,62230.72856045214,8890.7,106688.40000000001,93,314.19095587339694,560.4591649009748,14.20273741673583,78.68173659736833,-15.78613021977301,1.0,1.0,1.5,3.7738074841710483,182.21136900188387,941.5479069654248,4887.439143650787,1,6.466663538162665,False,True,6485.137786659958,5331.65871547618,1.9337495256693615,"[4887.439143650787, 5775.878287301573, 6721.557619779419, 15750.31624481508, 12016.021403477767, 21830.259858856254, 18510.625584250927, 20738.19112081854, 22936.476468559096, 25162.72181629965, 25388.967164040205, 25615.21251178076, 25841.457859521313, 33930.13069696271, 29261.073194799174, 30114.321499650592, 30927.60980450201, 31880.89431506324, 32766.21882562447, 33651.5433361857, 34536.86784674693, 35479.43254613521, 36475.743052538455, 25489.333747768756, 34500.80354672982, 30592.917199070987, 32444.533052963976, 34380.92070971394, 36405.61455113297, 38531.66478708886, 40839.68701472879, 43290.811443920546, 45745.001868954314, 48385.748877352, 51237.748066260785, 62230.72856045214]","[509.5, 509.5, 579.4, 749.2, 1738.2, 1738.2, 2727.1, 2657.2000000000003, 2587.3, 2587.3, 2587.3, 2587.3, 2587.3, 2487.4, 3885.9, 3985.8, 3985.8, 4155.7, 4155.7, 4155.7, 4155.7, 4225.6, 4325.5, 4395.400000000001, 4495.3, 5793.900000000001, 6133.6, 6403.300000000001, 6643.0, 6882.799999999999, 7222.4, 7562.100000000001, 7731.900000000001, 8041.6, 8451.1, 8890.7]"
6,pessimista,1066052667,True,0.08280563354492188,-5562.647275501974,1738.2,20858.4,18,63.60935073773402,408.0402294120673,19.571272490062153,79.14456237162263,-61.41325728597282,0.8,0.8,1.0,11.471849140393013,-101.56618188754945,767.9751918359342,-16072.972397528774,26,0.0,True,True,-15959.013892483208,-16022.723731314236,0.5755404674339701,"[2907.529993259066, 1816.0599865181318, 804.3940266819645, -207.27193315420277, -656.8922637822252, -1106.5125944102476, -1556.13292503827, -2005.7532556662925, -2455.373586294315, -2904.993916922337, -3354.6142475503593, -3804.2345781783815, -4253.854908806404, -4703.475239434426, -5095.906678651084, 2388.486679137176, -3825.3250907075044, -3943.7706532919, -3925.8224231365807, -3907.8741929812613, -4026.319755565657, -4008.3715254103377, -3990.4232952550183, -15972.475065099698, -15954.526834944378, -16072.972397528774, -8121.010478957171, -8045.873357390487, -7890.932188919037, -7735.991020447586, -7523.860960564772, -7231.9268537771895, -6939.992746989607, -6590.869748790661, -6105.352957851999, -5562.647275501974]","[409.6, 409.6, 509.5, 509.5, 509.5, 509.5, 509.5, 509.5, 509.5, 509.5, 509.5, 509.5, 509.5, 509.5, 579.4, 579.4, 1088.9, 919.0, 1088.9, 1088.9, 919.0, 1088.9, 1088.9, 1088.9, 1088.9, 919.0, 1158.8, 1158.8, 1258.7, 1258.7, 1328.6000000000001, 1428.5000000000002, 1428.5000000000002, 1498.4, 1668.3000000000002, 1738.2]"
7,pessimista,1066062640,True,0.09515023231506348,134976.65739911748,60747.2,728966.3999999999,628,225.93051966024473,601.2868517198049,12.81815453538305,77.12115819220361,2.3496520179111937,1.0,1.0,2.5,2.652889175593532,3411.916434977936,448.57741248188967,459.9691287680255,4,3.2194092356662494,False,True,1853.4460394549676,831.2271856925569,2.9164427200294156,"[2995.0694970806217, 2070.4329717342607, 1202.4852426170883, 459.9691287680255, 7593.6295405798965, 2727.0872912344794, 10990.250363779185, 7312.97749844502, 8986.807818410358, 10894.195301248217, 12995.179946958599, 15346.45055177069, 17999.341093257506, 20834.597593846032, 24084.851623567665, 27676.82836376623, 31723.959429709837, 36214.97361762768, 41132.46208605384, 46591.34529172235, 52408.74277789918, 58960.20657134975, 66013.11385303513, 61948.172989598665, 70748.13193618637, 71799.91435292034, 73897.99694593908, 77078.14896820579, 81390.94435205676, 86973.22869033311, 93966.44234929545, 102428.86574044106, 112444.77200025982, 117902.11672516578, 125307.15948557307, 134976.65739911748]","[579.4, 679.3000000000001, 749.2, 919.1000000000001, 1088.9, 3096.8, 3336.5, 5754.000000000001, 6163.6, 6673.1, 7182.6, 7762.000000000002, 8441.300000000001, 9020.7, 9839.800000000001, 10688.900000000001, 11707.9, 12796.800000000001, 13885.600000000002, 15144.400000000001, 16233.2, 17731.700000000004, 19130.2, 20968.300000000003, 23006.2, 25014.200000000004, 27361.700000000004, 29949.1, 32706.2, 35733.100000000006, 39069.600000000006, 42645.9, 46452.0, 50777.50000000001, 55472.700000000004, 60747.2]"
8,pessimista,1066072613,True,0.07143354415893555,154689.71703552932,53145.3,637743.6000000001,547,280.5076670908819,1266.2851161648289,6.210400660497122,80.23850320981666,5.649188027914503,1.0,1.0,3.4705882352941178,3.3902815594380407,567.4571543147055,371.2182455287357,4901.2861111273705,1,4.0827120189178014,False,True,6685.817998104084,5381.412114448255,4.834670585716134,"[4901.2861111273705, 5861.53811776914, 6960.577958215732, 8250.921986102096, 9760.875786083707, 11462.13377350509, 13302.179594731295, 15414.351541687694, 25473.286887107428, 23228.87758283902, 24731.010071910456, 26430.302416031307, 28447.536553492, 30795.26883792748, 33589.73664502203, 36815.576328410585, 40473.09347274863, 44522.02249338069, 49158.82330966363, 54245.863836045406, 59830.00011530204, 66015.16393846234, 72959.59553574209, 68537.96840624472, 76918.51688467163, 86044.13701379884, 96325.99656312371, 99079.19157542229, 103011.3318227898, 107991.68126245023, 114246.40012461938, 121806.35624310205, 130719.56140892707, 141282.04368611504, 147108.5728467612, 154689.71703552932]","[679.3000000000001, 749.2, 919.0, 1158.8, 1428.5000000000002, 1668.3000000000002, 1838.1000000000001, 2177.8, 2417.5, 4425.400000000001, 5104.7, 5684.1, 6363.4, 7112.700000000001, 8031.700000000001, 9020.7, 10039.6, 11028.6, 12247.400000000001, 13406.2, 14595.000000000002, 15923.600000000002, 17522.0, 19090.300000000003, 20858.5, 22656.7, 24974.300000000003, 27321.9, 29939.200000000004, 32526.500000000004, 35383.600000000006, 38410.5, 41577.2, 45183.5, 49059.5, 53145.3]"
9,pessimista,1066082586,True,0.06821393966674805,29725.515271341086,8770.6,105247.20000000001,94,376.7738862826632,1230.7773464113573,6.205632907742629,81.75629545449948,-28.066390008534714,1.0,1.0,2.125,4.217313297967361,46.7729802972545,587.0337574394961,4885.395565508252,1,6.543533394658657,False,True,6183.667372339377,5328.593348262378,3.7403424867674793,"[4885.395565508252, 5771.791131016504, 6658.1866965247555, 7625.844234324692, 8651.357944843492, 9758.133627653977, 10922.765483183326, 12145.25351143154, 13449.003511971438, 14947.630904301399, 14585.376441641909, 14362.240123992968, 14196.95997906289, 14021.855978144038, 14041.629369015247, 14104.600904897005, 14296.626758508175, 14587.650003909408, 15003.133366612876, 15507.711047045757, 16111.2861192687, 16758.059336502192, 17476.03069874623, 6320.959452780335, 7324.798697262715, 8480.937305826843, 9837.288377130933, 11305.978812516769, 12893.619738350882, 14772.678173277292, 16839.788317723178, 18993.334752190163, 21345.036723457757, 23926.847330184177, 26732.155446002893, 29725.515271341086]","[479.5, 479.5, 479.5, 579.4, 649.3000000000001, 749.2, 819.1, 889.0000000000001, 988.9, 1228.7, 1398.5, 1568.3, 1638.2, 1638.2, 1878.0000000000002, 2047.8000000000002, 2287.5, 2527.3, 2797.0, 3036.7000000000003, 3276.5, 3446.3, 3616.1000000000004, 3855.9, 4165.5, 4505.2, 4914.700000000001, 5254.4, 5564.0, 6073.5, 6553.0, 6892.6, 7302.200000000001, 7781.6, 8291.100000000002, 8770.6]"
10,pessimista,1066092559,True,0.06957507133483887,-12404.584259704516,1738.2,20858.4,18,338.41859416422216,391.94931481584035,19.814955398849573,79.64973004783761,-151.03152499259338,0.8,0.8,1.25,13.356292665796639,-128.7691010821021,1075.7480390278183,-14726.929405001461,26,0.0,True,True,-14654.85430078386,-14695.289844412397,0.35712511708148686,"[4267.9347732084125, 4536.869546416825, 4805.804319625237, 5074.73909283365, 5343.673866042062, 5612.608639250475, 5962.944338704934, 6313.280038159393, 6663.615737613853, 7013.951437068312, 5364.287136522771, 3714.6228359772304, 2064.9585354316896, 415.29423488614884, -1177.4847721632163, -1518.9599180779746, -1779.0341377466864, -2039.1083574153981, -2242.2972835879345, -2317.304382152024, -2392.3114807161137, -2457.2141871464282, -2522.1168935767428, -14587.019600007057, -14651.922306437371, -14726.929405001461, -14663.65028382333, -14600.371162645199, -14480.206747970891, -14360.042333296584, -14158.476992376229, -13900.0263579597, -13641.57572354317, -13326.239795630465, -12929.502941471714, -12404.584259704516]","[409.6, 409.6, 409.6, 409.6, 409.6, 409.6, 509.5, 509.5, 509.5, 509.5, 509.5, 509.5, 509.5, 509.5, 579.4, 649.3000000000001, 749.2, 749.2, 819.1, 989.0, 989.0, 988.9, 988.9, 988.9, 988.9, 989.0, 1158.8, 1158.8, 1228.7, 1228.7, 1328.6000000000001, 1398.5, 1398.5, 1468.3999999999999, 1568.3, 1738.2]"
11,pessimista,1066102532,True,0.06845235824584961,-915.6308465028446,2797.0,33564.0,30,413.16040855824605,575.2936606255187,13.339415476003133,79.92165547365815,-89.97302638776254,1.0,1.0,1.0,10.41721698523465,-80.89846186042854,1026.7369904637505,-11961.944870854346,24,-0.9243176303000264,True,True,-11037.553382498907,-11697.833017038505,0.7101526977539028,"[4420.179442931995, 4841.3588858639905, 5262.538328795986, 5683.717771727981, 6161.256192808282, 6695.15359203689, 7229.050991265497, 7762.948390494104, 8296.845789722713, 8830.743188951321, 7364.640588179928, 5898.537987408536, 4568.894970772054, 3239.2519541355723, 2043.0720269581889, 849.8885944566184, -209.8317485858538, -87.99029868309447, 113.95175720626969, -471.64931985375404, -133.24767982947867, 205.1539601947967, -300.3465108786221, -11961.944870854346, -11433.721163222666, -10905.497455590987, -10240.814163824396, -9519.7718939095, -8742.370645846297, -7884.868791796489, -6971.007959598374, -5923.6840379411615, -4796.259510297344, -3612.47600450522, -2292.2329145781855, -915.6308465028446]","[509.5, 509.5, 509.5, 509.5, 579.4, 649.3000000000001, 649.3000000000001, 649.3000000000001, 649.3000000000001, 649.3000000000001, 649.3000000000001, 649.3000000000001, 819.1, 819.1, 989.0, 988.9, 1158.8, 1228.7, 1328.6000000000001, 1398.5, 1498.4, 1498.4, 1498.4, 1498.4, 1738.2, 1738.2, 1908.0000000000002, 1977.9000000000003, 2047.8000000000002, 2147.7, 2217.6000000000004, 2387.5, 2487.4, 2557.3, 2727.1, 2797.0]"
12,pessimista,1066112505,True,0.06915903091430664,61567.78013435811,19599.300000000003,235191.60000000003,207,210.2507937016224,756.3488347971294,10.323465825971542,80.60011689785287,4.743230898868881,1.0,1.0,2.090909090909091,2.921708466474581,1576.6945033589527,381.6196147514889,-67.54625283300857,8,6.801252679668059,False,True,16.164809283410847,-53.04187168129573,3.7634788881895718,"[3183.3442757667, 2367.6885515333997, 1608.9112654953574, 931.341430564244, 444.0680169040867, -38.5374905295829, 34.39890922107543, -67.54625283300857, 143.4760362198365, 150.88265277012533, 357.8831416982996, 467.1379581239173, 808.895085122678, 1124.898101423625, 1701.3634282977155, 2390.1605337761785, 3328.378388023041, 4403.178552843046, 5723.7284793431245, 7173.528622642833, 8787.911076515684, 10704.921730263864, 12723.222600811674, 3125.3991223417415, 5779.202281942398, 8639.753641418383, 11929.97752826714, 15654.862500280782, 19718.418437862456, 24164.346447697342, 29123.36032531412, 34579.790602681554, 40424.42982869272, 46783.11336068103, 53882.75716479789, 61567.78013435811]","[579.4, 579.4, 649.3000000000001, 749.2, 989.0, 988.9, 1158.8, 1228.7, 1328.6000000000001, 1568.3, 1908.0000000000002, 2147.7, 2557.3, 2727.1, 3136.7000000000003, 3476.3, 3955.8000000000006, 4365.400000000001, 4874.900000000001, 5284.400000000001, 5694.0, 6273.400000000001, 6682.900000000001, 7362.200000000001, 8011.500000000001, 8590.900000000001, 9410.0, 10359.1, 11248.100000000002, 12167.2, 13256.0, 14414.8, 15473.700000000003, 16632.4, 18130.9, 19599.300000000003]"
13,pessimista,1066122478,True,0.08069419860839844,83209.95355057927,18420.800000000003,221049.60000000003,192,324.5976326819127,504.52280004339605,15.28003917534487,76.75485427140099,-24.364506608297262,1.0,1.0,2.1538461538461537,3.282003799166956,269.624806460747,943.3294268248256,4407.443800472183,1,5.703296609749511,False,True,5181.851929733996,4611.665700708275,1.9375355410654431,"[4407.443800472183, 4815.887600944367, 5303.840039330539, 5848.791548100438, 6530.250765168052, 7479.029526821112, 8621.315067155614, 10030.920152075563, 11577.032945293227, 13310.95664518235, 13238.387123752913, 13302.325310621192, 13633.583042074919, 14015.462366707074, 22438.86330679397, 18146.89023914078, 19421.06395016903, 20678.866299111272, 22084.519554724968, 23530.76051863638, 32842.055389704816, 29505.896253033166, 39532.35009390227, 24752.578090743555, 27680.725632170284, 30609.50088189473, 33931.18245488607, 37316.6290120031, 41015.06189238701, 44806.0533877401, 56690.497405219394, 55900.15512325631, 60687.54825788865, 73710.39205541465, 82015.01209856929, 83209.95355057927]","[579.4, 579.4, 679.3000000000001, 749.2, 919.0, 1258.7, 1498.4, 1838.1000000000001, 2007.9, 2247.7000000000003, 2487.4, 2657.2000000000003, 2996.9, 3066.8, 3336.5, 4904.900000000001, 5144.6, 5244.5, 5484.3, 5654.1, 5754.000000000001, 7322.400000000001, 7492.200000000001, 8890.7, 9230.400000000001, 9400.2, 9979.6, 10349.2, 10928.600000000002, 11338.2, 11847.7, 13585.900000000001, 13925.5, 14574.800000000001, 16512.800000000003, 18420.800000000003]"
14,pessimista,1066132451,True,0.0670616626739502,3309.363055697614,1158.8,13905.599999999999,12,648.2266666666667,649.6301023905247,12.238459584261472,78.04665453625171,-166.16828701828013,1.0,1.0,1.0,31.954669658236117,-63.294320601259955,1416.2074036268402,-13922.315813289173,24,0.5591650176769857,True,True,-6425.560049109892,-10298.50230604768,0.2730680736551807,"[4595.419995546179, 13103.810338098798, 8509.555983867436, 9164.25866738325, 9818.961350899064, 10473.664034414878, 11128.366717930692, 11783.069401446506, 12437.77208496232, 13092.474768478134, 11747.177451993948, 10401.880135509762, 9056.582819025576, 7711.28550254139, 6365.988186057204, 5020.690869573018, 3675.393553088832, 2330.096236604646, 984.79892012046, -360.498396363726, -750.9527505950873, -1141.4071048264486, -1531.86145905781, -13922.315813289173, -6342.517132544461, -6674.688798806187, 985.2510848556785, -5235.337623607044, -5156.246332069767, -5077.15504053249, -4998.063748995212, -4918.972457457935, -4839.881165920658, -4760.78987438338, -4681.698582846103, 3309.363055697614]","[509.5, 509.5, 579.4, 579.4, 579.4, 579.4, 579.4, 579.4, 579.4, 579.4, 579.4, 579.4, 579.4, 579.4, 579.4, 579.4, 579.4, 579.4, 579.4, 579.4, 579.4, 579.4, 579.4, 579.4, 649.3000000000001, 649.3000000000001, 749.2, 1158.8, 1158.8, 1158.8, 1158.8, 1158.8, 1158.8, 1158.8, 1158.8, 1158.8]"
15,pessimista,1066142424,True,0.08220744132995605,23456.048593020176,6822.700000000001,81872.40000000001,73,322.52048175105335,571.5889028327393,13.614290608080795,80.84119332796922,-25.547102043728014,1.0,1.0,1.9090909090909092,3.623847207242702,20.650202470917385,712.7639124626697,4516.3300730742685,1,6.341734181412548,False,True,5628.4137859195125,4804.003321785183,2.109548605042727,"[4516.3300730742685, 5091.676570496097, 5807.326191060651, 6580.992235972764, 7487.95854689913, 16250.047565810686, 12550.559498895194, 14210.05499275427, 15869.550486613347, 17587.062404819982, 17304.57432302662, 17022.086241233257, 16797.614583787454, 16573.14292634165, 16488.97439203857, 16538.10612374974, 16645.254279808476, 16834.689134662374, 17082.14041386383, 17397.574831085887, 17731.065672655503, 18176.899637367842, 18746.130292441994, 7359.744070658871, 8045.740972018471, 8721.834297725632, 9701.58743693733, 10657.803699291753, 11819.703350803153, 13044.042549804835, 14504.121562311055, 15998.68012230756, 17537.66180544679, 19340.343302090558, 21310.804612238862, 23456.048593020176]","[509.5, 579.4, 749.2, 819.1, 989.0, 988.9, 1908.0000000000002, 1908.0000000000002, 1908.0000000000002, 1977.9000000000003, 1977.9000000000003, 1977.9000000000003, 2047.8000000000002, 2047.8000000000002, 2217.6000000000004, 2387.5, 2457.4, 2557.3, 2627.2, 2727.1, 2797.0, 2966.8, 3206.6000000000004, 3376.4000000000005, 3546.2, 3616.1000000000004, 4025.7000000000003, 4195.5, 4535.200000000001, 4774.900000000001, 5184.5, 5424.2, 5594.0, 6003.6, 6413.200000000001, 6822.700000000001]"
16,pessimista,1066152397,True,0.09505224227905273,249047.35208711578,121682.40000000002,1460188.8000000003,1276,213.43561979286736,1177.034861645136,6.469595629040713,78.44648668120787,9.676800039422261,1.0,1.0,2.923076923076923,2.8117170804379916,6263.683802177894,354.4227844124782,3009.423189069345,1,3.2707983652198163,False,True,4621.627442314006,3700.5459360646046,5.978180657553353,"[3009.423189069345, 9846.62568502819, 4391.668683059864, 4698.280362065387, 5241.522692538921, 6096.204708693571, 7285.908381023501, 8907.560197129424, 11019.937833277923, 13727.234840788653, 17047.190643543392, 21089.80998152766, 26009.67876622394, 31401.215380377336, 38133.7391564297, 45839.61009438103, 54735.21665232621, 56396.76102363838, 59479.97873013133, 64124.6139356724, 70147.59093448916, 78081.96060092856, 87963.85336357966, 81650.16693762943, 89809.99649165242, 100084.88434938205, 113791.39817099477, 115178.83808685085, 121749.760155962, 132095.12433940783, 147245.6174780283, 159460.50578999514, 175965.22637145547, 196921.74196239488, 222247.590793322, 249047.35208711578]","[579.4, 749.2, 2147.7, 2557.3, 3066.8, 3716.1, 4465.3, 5384.3, 6473.200000000001, 7771.8, 9200.300000000001, 10838.600000000002, 12776.6, 14344.900000000001, 16832.300000000003, 19319.7, 22076.800000000003, 25073.700000000004, 28380.199999999997, 32026.4, 35602.600000000006, 39828.200000000004, 44423.4, 49568.00000000001, 55292.00000000001, 60846.1, 67998.70000000001, 74741.6, 81284.70000000001, 87448.30000000002, 93511.90000000001, 99475.70000000001, 104890.0, 110514.1, 116028.3, 121682.40000000002]"
17,pessimista,1066162370,True,0.07383155822753906,202784.28906465037,104840.80000000002,1258089.6,1092,213.36967737760085,1214.5720924646507,6.31278053761295,79.50276390593882,9.429503738167526,1.0,1.0,2.814814814814815,2.8103010452026957,767.8512044360432,292.75573206669435,4639.104694973652,1,2.814993840095132,False,True,6412.09450786661,5091.603730788032,5.933559868216905,"[4639.104694973652, 5544.102766602412, 6701.42508828801, 8123.640786628715, 9821.16126024227, 11921.227498147357, 14481.175431554182, 17331.754448627256, 20467.791092412277, 24021.958275761677, 25961.260531267922, 28452.686177777647, 31410.76661390859, 34825.13044104301, 39121.26394868845, 43990.48155382043, 49749.676633094045, 56332.874244317776, 63825.15764852978, 72435.54022238516, 82131.43894752616, 84660.14260660206, 88622.13544966972, 82261.76783502645, 89770.76500174779, 98934.34642461773, 110601.99555605308, 118281.73710991335, 128706.63330691628, 142035.46991135343, 142903.2787856452, 149023.8111471423, 159021.7622205718, 173974.15148071782, 185988.03607614117, 202784.28906465037]","[749.2, 1088.9, 1398.5, 1738.2, 2077.8, 2587.3, 3166.7000000000003, 3746.1000000000004, 4395.400000000001, 5244.5, 6163.6, 7322.400000000001, 8481.1, 9639.900000000001, 11338.2, 12906.5, 14814.500000000002, 16822.5, 18970.2, 21457.6, 24074.9, 27071.800000000003, 30378.3, 34154.4, 38410.0, 42635.600000000006, 47910.100000000006, 53634.100000000006, 59967.5, 66810.4, 73793.1, 80396.20000000001, 86659.7, 92893.2, 98817.0, 104840.80000000002]"
18,pessimista,1066172343,True,0.08859968185424805,46176.877412930764,13266.400000000001,159196.80000000002,136,297.6690172092065,648.0096008818356,12.177305621982137,79.30335769570704,-12.300350783380065,1.0,1.0,2.1818181818181817,3.180822080014307,115.32032255387819,555.940802282164,4685.932924200084,1,3.833781117367077,False,True,6071.0390379968,5069.414061498055,2.560521560475756,"[4685.932924200084, 5452.895198796027, 6277.086984397058, 7231.6014622188595, 8193.052109220836, 9284.825448443586, 10513.857649067282, 12010.471403312697, 13644.344018959058, 15415.475496006367, 15374.159176279536, 15470.10171795365, 15679.400122856383, 15878.008038764203, 16259.007997288652, 16669.34681721405, 17206.254009545482, 17834.833405102774, 18504.75166206101, 19244.008780420198, 20125.697941396014, 21224.278166998636, 22353.506765007292, 11604.143574812757, 13151.740799640886, 14683.090227694873, 16450.26688955584, 18458.483966439475, 20667.741458345776, 23078.039365274744, 25616.284506010692, 28583.122264995167, 31712.309950007395, 35151.836911443235, 46815.54228117367, 46176.877412930764]","[579.4, 679.3000000000001, 749.2, 919.1000000000001, 919.0, 1088.9, 1258.7, 1598.4000000000003, 1768.2, 1938.0000000000002, 2177.8, 2347.6, 2517.4, 2587.3, 2857.1000000000004, 3026.9000000000005, 3266.6000000000004, 3506.4, 3676.2000000000003, 3846.0000000000005, 4115.8, 4525.400000000001, 4765.1, 5034.8, 5544.3, 5784.1, 6193.6, 6703.1, 7212.600000000001, 7722.1, 8131.6, 8880.900000000001, 9460.300000000001, 10139.600000000002, 10888.800000000001, 13266.400000000001]"
19,pessimista,1066182316,True,0.07028365135192871,30147.532559457846,9310.1,111721.20000000001,99,319.46701087001054,609.0826396313732,12.561412951141895,79.91305011896083,-19.818613887234868,1.0,1.0,1.9166666666666667,3.3962104560196305,48.531385664407686,611.3655654947272,4540.632440576575,1,6.23672694203584,False,True,5648.271021458451,4839.676615423905,2.3245127929484997,"[4540.632440576575, 5138.720790271234, 5818.121098520856, 6553.977315888563, 7420.011111017272, 8423.812773819029, 9565.382304293831, 10819.863653004802, 12155.656960270737, 13678.083754415758, 13338.278416233827, 13136.240945724941, 12990.65938433414, 12975.255400704342, 13097.61928474759, 13357.751036463886, 13774.213056707873, 14232.522944624907, 14760.680700214987, 15333.830274041236, 16062.54938418345, 16821.116361998713, 17624.675158050144, 6640.259399535624, 7714.187417812234, 8830.003303761892, 10202.300544263682, 11686.293520111565, 13358.847850511585, 15191.963535463738, 17136.774955761983, 19270.147730612363, 21571.67214992692, 24171.56579146666, 27058.324564349663, 30147.532559457846]","[579.4, 649.3000000000001, 749.2, 819.1, 989.0, 1158.8, 1328.6000000000001, 1468.3999999999999, 1568.3, 1808.1000000000001, 1977.9000000000003, 2147.7, 2217.6000000000004, 2387.5, 2557.3, 2727.1, 2966.9, 3136.7000000000003, 3306.5, 3446.3, 3716.1, 3885.9, 4025.7000000000003, 4365.400000000001, 4605.1, 4774.900000000001, 5184.5, 5524.099999999999, 5933.700000000001, 6343.3, 6682.900000000001, 7092.5, 7502.0, 8081.400000000001, 8730.7, 9310.1]"
20,pessimista,1066192289,True,0.07790923118591309,11391.095180871653,5274.6,63295.200000000004,54,311.9130530018294,506.05428304168606,15.466965636885893,76.4826249596227,-42.03479676657845,1.0,1.0,3.5,4.568597158685725,322.2773795217912,870.5425177604884,-1241.7339190026578,7,3.6227484223396327,False,True,-545.709704130174,-1042.8698576105196,1.6951165786882905,"[2958.4106259833334, 1917.8212519666668, 934.6358506584191, -48.54955064982846, -446.27767343410494, -844.0057962183814, -1241.7339190026578, 6211.837025240231, 126.13465573235953, -166.90067266848985, 7830.456024850805, 2074.223381327758, 2018.3107378047116, 1904.994121573246, 1877.0414780501994, 1821.128834527153, 9743.547465000374, 12141.79184875, 7018.206891457286, 7513.428058103889, 7864.173045072972, 8229.324155981372, 8634.435266889774, 4890.8454448253415, 48.28839203993175, 1440.705256224738, 2244.914327378646, 3062.677274593236, 3955.2881672246644, 4791.979059856093, 5767.587801256623, 6756.790418717834, 7706.033036179046, 8839.711833317779, 10016.388479225614, 11391.095180871653]","[509.5, 509.5, 579.4, 579.4, 579.4, 579.4, 579.4, 579.4, 1258.7, 1258.7, 1258.7, 2007.9, 2007.9, 1938.0000000000002, 2007.9, 2007.9, 2177.8, 2857.1000000000004, 3606.3000000000006, 3506.4, 3266.6000000000004, 3166.7000000000003, 3166.7000000000003, 3166.7000000000003, 4115.8, 3846.0000000000005, 4015.9000000000005, 4115.8, 4255.6, 4255.6, 4425.400000000001, 4525.3, 4525.3, 4765.1, 4934.900000000001, 5274.6]"
21,pessimista,1066202262,True,0.09828996658325195,124054.75657717942,36471.5,437658.0,385,334.29221806261353,1177.329321696545,6.581429426302579,79.5985542867791,-4.417736158009604,1.0,1.0,2.25,3.7084267421868597,439.8114857382476,370.6582128428777,4567.755273554599,1,5.055629779789774,False,True,5768.3420842358055,4880.968159748611,4.119960644292111,"[4567.755273554599, 5194.1810459426215, 5959.7290970002, 6864.399426727336, 8041.264882342179, 9357.252616626578, 10921.654195795976, 12682.848552468355, 14716.23803502844, 17027.87207492764, 17485.691522165907, 18177.496594125307, 19116.77907064197, 20182.12717187976, 21610.293675341665, 23196.107014812238, 25104.818756506924, 27280.46890042572, 37541.40951260478, 43267.45945967705, 49819.59767426048, 49570.3756499912, 55278.63765266716, 49501.31546212449, 56123.04672997848, 63259.23380461384, 71171.90252437239, 79607.9798284153, 88810.16906279413, 98630.92916012688, 100812.78474746783, 103724.03454381425, 107400.45983016888, 112026.8533840347, 117483.55392440896, 124054.75657717942]","[579.4, 649.3000000000001, 819.1, 988.9, 1328.6000000000001, 1498.4, 1808.1000000000001, 2047.8000000000002, 2387.5, 2727.1, 2966.8, 3376.4000000000005, 3885.9, 4295.5, 4944.8, 5454.2, 6103.500000000001, 6752.800000000001, 7432.1, 9579.900000000001, 11657.7, 13905.300000000001, 14964.2, 16123.0, 17181.800000000003, 18340.600000000002, 19869.0, 21267.5, 22905.800000000003, 24474.100000000002, 26312.200000000004, 28120.300000000003, 29958.4, 32036.200000000004, 34084.0, 36471.5]"
22,pessimista,1066212235,True,0.07322263717651367,134.25401315515956,1838.1000000000001,22057.2,19,408.7634013911781,346.85306329912333,22.364642734651216,76.78233031961992,-134.29262273558123,0.8,0.8,1.1428571428571428,8.00036444072143,-76.5239416118535,1495.4354264355566,-10197.203916515693,24,0.09162553149013507,True,True,-9889.392008844678,-10097.145240620379,0.7616532694218586,"[4470.455974478369, 4941.911948956738, 5413.3679234351075, 13730.022009702781, 9305.148185983913, 9970.943771850696, 10580.214747100701, 11132.961111733928, 11685.707476367155, 12294.97845161716, 10960.774037483943, 9707.860013505584, 16356.66871193331, 10229.146063723938, 9380.858604638297, 8532.571145552656, 7684.283686467015, 6835.996227381374, 5987.7087682957335, 5139.421309210093, 4291.133850124452, 3442.8463910388105, 2594.558931953169, -10197.203916515693, -9997.086564725065, -9853.493823551215, -9709.901082377364, -9566.308341203514, -1577.5174882403571, -1433.9247470665068, -1290.3320058926565, 6698.4588470705, 799.7227637538472, 412.5864801777027, 25.45019660155822, 134.25401315515956]","[409.6, 409.6, 409.6, 409.6, 749.2, 649.3000000000001, 579.4, 509.5, 509.5, 579.4, 649.3000000000001, 749.2, 819.1, 1328.6000000000001, 1258.7, 1258.7, 1258.7, 1258.7, 1258.7, 1258.7, 1258.7, 1258.7, 1258.7, 1328.6000000000001, 1328.6000000000001, 1258.7, 1258.7, 1258.7, 1258.7, 1258.7, 1258.7, 1258.7, 1838.1000000000001, 1838.1000000000001, 1838.1000000000001, 1838.1000000000001]"
23,pessimista,1066222208,True,0.07426786422729492,13018.411302861065,3985.8,47829.600000000006,42,439.03312144274634,853.6349703626206,9.498347518990968,81.68515782368773,-43.50032513807782,1.0,1.0,1.6666666666666667,5.020309996431834,-22.839952904745534,766.8320181273946,-3430.6269080044494,24,1.7484320896118088,True,True,-1393.521177502698,-2836.113860609513,2.181330339737901,"[4555.816814078497, 5112.633628156995, 5727.703689409526, 6424.721049356176, 7179.991656476861, 7993.51551077158, 8888.986663760417, 9923.009865069344, 11015.286313552306, 12189.510060729386, 11421.9870550805, 10712.71729660565, 10085.394836824917, 9596.624425364274, 9248.054559771785, 8957.737941353329, 8807.621868803028, 8657.505796252724, 8507.389723702421, 8357.273651152118, 8207.157578601815, 8253.846801545636, 8382.483323183576, -3430.6269080044494, -2241.6008132145766, -1110.8279655987385, 78.19812919113429, 766.156060992058, 1093.2463756721854, 1498.1450646503008, 1836.7322511764792, 2313.9114860227473, 2863.3312667371683, 3543.2848404937768, 4406.111008438627, 13018.411302861065]","[509.5, 509.5, 579.4, 679.3000000000001, 749.2, 819.1, 919.0, 1088.9, 1158.8, 1258.7, 1328.6000000000001, 1398.5, 1498.4, 1668.3000000000002, 1838.1000000000001, 1908.0000000000002, 2077.8, 2077.8, 2077.8, 2077.8, 2077.8, 2317.6, 2417.5, 2487.4, 2487.4, 2417.5, 2487.4, 2487.4, 2657.2000000000003, 2827.1000000000004, 2827.0, 2996.9, 3166.7000000000003, 3406.4, 3746.1000000000004, 3985.8]"
24,pessimista,1066232181,True,0.07741212844848633,174840.51850420225,84953.6,1019443.2000000001,864,234.59105766849663,1123.7737319063137,7.132853210177584,79.62338337104339,7.847190243826152,1.0,1.0,2.5714285714285716,2.857961945731499,651.4188271008428,183.2213924485617,4798.1962052127255,1,2.806280274734512,False,True,6496.219938098049,5226.318749907055,5.273556204089661,"[4798.1962052127255, 5654.441294601384, 6776.812819263605, 8175.292703658959, 9839.899023327876, 11770.631778270357, 13977.47289294597, 16411.52791686505, 19085.923555924255, 22017.748694299524, 23202.999743505556, 24743.774471894216, 26584.152879465502, 28795.158337450484, 31531.893909891653, 34708.46152124858, 38581.045682335265, 42966.65943343534, 48102.380325646445, 53866.31387191344, 60398.57232764331, 67954.37101228557, 76531.88051722148, 74165.2786108029, 76773.84927940102, 80542.7691517848, 86135.27831865156, 93448.77433109892, 102674.55609706166, 113992.94086044887, 121320.27094360601, 131130.00525446786, 143722.39723120397, 160208.41129469403, 164991.84775212654, 174840.51850420225]","[679.3000000000001, 749.2, 1088.9, 1428.5000000000002, 1768.2, 2107.9, 2447.5, 2857.1000000000004, 3366.6, 3946.0, 4555.4, 5304.6, 6053.800000000001, 6903.000000000001, 7991.9, 9080.7, 10509.300000000001, 11867.900000000001, 13496.300000000001, 15094.600000000002, 16862.800000000003, 19040.600000000002, 21418.2, 23935.600000000002, 27062.500000000004, 30089.4, 33895.50000000001, 37971.4, 42426.9, 47291.9, 52796.3, 58680.3, 65133.8, 71936.80000000002, 78600.1, 84953.6]"
25,pessimista,1066242154,True,0.06955599784851074,71861.52302432554,14814.500000000002,177774.00000000003,155,367.2331053244341,817.0373413494318,9.650760973574828,78.79155840283767,-7.10333060550456,1.0,1.0,2.2777777777777777,4.030134831231455,222.33967926802302,712.8866822694703,4522.418243211936,1,10.090183012426376,False,True,8588.763609381322,4824.295804766367,2.639327409265182,"[4522.418243211936, 5126.173366320799, 13596.209873266023, 9742.960357068163, 11194.81982148212, 12646.679285896076, 14178.87563020696, 15769.343322518733, 17498.419242728323, 19414.49931774329, 27299.26318838758, 22547.220187686202, 23322.008534985715, 24197.569689089712, 25202.05041909242, 26377.992183797425, 27614.93352440114, 28894.603092902675, 30244.960889302023, 31794.739720403675, 33405.51812740404, 35246.028917107586, 37199.91616260677, 27343.575790809155, 29729.344681611656, 32108.193148312865, 34855.38222561508, 37776.76056551742, 40958.55951602077, 44431.090425126014, 48210.52435662523, 52309.06712662328, 56572.15050722234, 61335.035533124705, 66391.3807455268, 71861.52302432554]","[579.4, 679.3000000000001, 819.1, 1668.3000000000002, 1738.2, 1738.2, 1838.1000000000001, 1908.0000000000002, 2077.8, 2317.6, 2587.3, 3915.9, 3985.8, 4155.7, 4395.400000000001, 4735.1, 4974.8, 5144.6, 5314.400000000001, 5654.1, 5893.800000000001, 6303.400000000001, 6643.0, 7052.6, 7562.100000000001, 7801.8, 8381.2, 8890.7, 9470.1, 10119.4, 10828.7, 11577.900000000001, 12157.300000000001, 13076.4, 13895.5, 14814.500000000002]"
26,pessimista,1066252127,True,0.07416677474975586,125013.96892671159,36462.100000000006,437545.20000000007,379,336.66015057326126,1004.8458031940796,8.054318284266879,79.68339826988644,-4.679445130645456,1.0,1.0,2.888888888888889,3.578262623006545,443.80820386129835,665.2620634081319,4424.786470602056,1,4.1599083831223,False,True,5455.387020981507,4679.1632251241235,3.510212177978859,"[4424.786470602056, 4933.539979646191, 5629.3360347599455, 6523.983567276082, 7642.507396156525, 9006.01599058674, 10593.400881381263, 12367.828318245407, 14283.16501303178, 24389.38430096709, 20174.457615241652, 21506.109445360675, 23087.815298951697, 24759.53966838718, 26706.34288025659, 28918.20715404008, 31425.1147092178, 34166.188145271524, 37190.30486271948, 40506.52968052359, 44077.83777972194, 48153.32134430799, 60404.83305632951, 48387.16044633042, 54294.26774067933, 60458.55239330663, 67419.77064716446, 75029.32060936216, 83341.97824967455, 92388.98167521096, 102221.19050596976, 104319.70956091287, 107172.5388400403, 110978.52982075443, 123798.76769568597, 125013.96892671159]","[579.4, 679.3000000000001, 919.1000000000001, 1158.8, 1428.5000000000002, 1738.2, 2007.9, 2247.7000000000003, 2417.5, 2827.1000000000004, 4665.2, 5004.8, 5484.3, 5823.900000000001, 6333.400000000001, 6912.799999999999, 7562.100000000001, 8171.5, 8820.800000000001, 9500.1, 10149.4, 11098.500000000002, 11947.6, 14335.100000000002, 15424.0, 16273.100000000002, 17671.600000000002, 19170.100000000002, 20768.4, 22466.7, 24274.800000000003, 26112.899999999998, 27951.0, 30028.8, 32476.300000000003, 36462.100000000006]"
27,pessimista,1066262100,True,0.07172632217407227,19338.89971086427,7762.000000000002,93144.00000000003,80,354.2252554562335,501.35555033333884,15.690082271220318,81.02996022881646,-36.20686459365051,1.0,1.0,1.9166666666666667,3.425786125147236,3.495415461934463,764.9151530844198,-908.1447069139667,24,4.663871972484024,False,True,1835.8455244485979,179.4768038072125,1.8669664505089705,"[4159.92561853929, 4320.851237078579, 4563.303447402452, 4863.251692597058, 5302.222564446979, 5932.263816820012, 6701.327695848361, 7609.414201532026, 8708.571087738801, 9889.25456573016, 9208.960670376835, 8719.737155546622, 8369.536267371725, 8019.335379196827, 7808.157117677245, 7736.00148281298, 7854.916228471826, 8112.8536007859875, 8452.317564884732, 8849.277563854208, 9246.237562823684, 9776.77190744554, 10364.80228693813, -908.1447069139667, 1267.0983145283917, 2025.4279277553333, 3131.386583031434, 4318.1422106152295, 5647.063091509657, 7112.74094471178, 8778.080086095268, 10552.21619978645, 12386.990975003679, 14537.505349183917, 16814.312730542588, 19338.89971086427]","[579.4, 579.4, 679.3000000000001, 749.2, 919.0, 1158.8, 1328.6000000000001, 1498.4, 1738.2, 1838.1000000000001, 2007.9, 2247.7000000000003, 2417.5, 2417.5, 2587.3, 2757.1, 2996.9, 3166.7000000000003, 3266.6000000000004, 3336.5, 3336.5, 3506.4, 3576.3, 3746.1000000000004, 3746.1000000000004, 3846.0000000000005, 4325.5, 4665.2, 5004.8, 5344.5, 5754.000000000001, 6093.700000000001, 6333.400000000001, 6842.9, 7252.500000000001, 7762.000000000002]"
28,pessimista,1066272073,True,0.07634162902832031,46878.876109073484,11967.300000000001,143607.6,127,314.53550710424616,683.6780563037894,11.355844763245145,80.2718606523852,-20.539436775796762,1.0,1.0,1.8461538461538463,3.6092862536643215,118.24531712113955,691.7812474666921,4435.995378018331,1,8.028348220539343,False,True,5403.912858112094,4682.94711847134,2.5011532136508943,"[4435.995378018331, 4929.898858924348, 5561.91752450801, 6250.844292979356, 7077.886246128349, 8096.767457327694, 9253.763853204684, 10548.87543375932, 11978.918169476623, 13547.07608987157, 13229.05021604189, 13049.139526889852, 13142.275177578129, 13292.31893115409, 13715.409024570363, 14204.020449163909, 14876.64326421047, 15641.564316209657, 16493.588655774176, 17444.756282904025, 18491.883168084227, 19581.205237942075, 20740.722492477566, 10162.274189741054, 11696.216256359832, 21031.549223777747, 17656.733090823494, 19998.747327224533, 22591.784109241256, 25322.975333985974, 28223.465030973668, 31452.52333426928, 34848.98316208285, 38566.62072018975, 42549.51600858997, 46878.876109073484]","[509.5, 579.4, 749.2, 819.1, 988.9, 1228.7, 1398.5, 1568.3, 1738.2, 1908.0000000000002, 2047.8000000000002, 2217.6000000000004, 2557.3, 2627.2, 2966.9, 3136.7000000000003, 3446.3, 3716.1, 3955.8000000000006, 4195.5, 4435.3, 4605.1, 4774.900000000001, 5184.5, 5524.099999999999, 5763.900000000001, 7162.4, 7502.0, 7981.500000000001, 8391.1, 8800.6, 9410.0, 9919.5, 10568.800000000001, 11218.099999999999, 11967.300000000001]"
29,pessimista,1066282046,True,0.07314348220825195,6019.586343870636,4565.200000000001,54782.40000000001,48,209.90587314244252,765.343151305994,10.231848999403208,79.10809773913718,-18.657492482532927,1.0,1.0,2.7142857142857144,4.514219795483024,187.98965859676588,635.9940361390662,-10071.227606950893,24,2.1136962248989857,True,True,-7392.203894883769,-9305.792260646002,2.5542641730872266,"[3195.6488160600134, 2392.2976321200267, 1588.94644818004, 785.5952642400534, 39.006275151929685, -476.5472055649443, -736.7448699058943, -940.1803393949814, -1143.6158088840684, 6483.492521321011, 762.8079380294967, 634.5233547379826, 563.0009662983316, 463.5185778586806, 420.7983842708927, 431.20069353964186, 531.1490504903775, 619.8996022929755, 761.772656952111, 920.4479064631096, 1132.2456588306454, 1360.8456060500448, 1618.2477481213068, -10071.227606950893, -8540.356914341108, -7009.486221731322, -5421.853334269674, -3753.1379439514876, -2027.6603587814388, -245.42057875952742, 1617.9017041189213, 2386.0147323877563, 3131.772150360317, 4032.198118871401, 4962.548785090887, 6019.586343870636]","[509.5, 509.5, 509.5, 509.5, 579.4, 649.3000000000001, 749.2, 819.1, 819.1, 819.1, 1838.1000000000001, 1838.1000000000001, 1908.0000000000002, 1908.0000000000002, 1977.9000000000003, 2077.8, 2247.7000000000003, 2317.6, 2417.5, 2487.4, 2587.3, 2657.2000000000003, 2727.1, 2827.0, 2996.9, 2996.9, 3066.8, 3166.7000000000003, 3236.6000000000004, 3306.5, 3406.4, 3746.1000000000004, 3885.9, 4155.7, 4325.5, 4565.200000000001]"
30,pessimista,1066292019,True,0.07578420639038086,229354.62842516988,104937.59999999999,1259251.2,1124,208.8136342696877,933.7133948659139,8.401991874413884,80.1856432228194,6.172266351010268,1.0,1.0,2.7857142857142856,2.6986774222458805,878.5609517715411,339.47465234157545,4522.309976906383,1,3.233529296442323,False,True,6030.032635207778,4882.196216624108,4.783799410651916,"[4522.309976906383, 5242.082456341833, 6292.68269482976, 7622.189410636859, 9339.533149365916, 11470.148621937555, 14071.045092221257, 17060.572108761662, 20317.669386883612, 23981.79016524669, 26042.023707720382, 28630.209981748718, 31703.051522416732, 35150.95653076991, 39385.295300945756, 44169.298569074796, 49727.3888376861, 56098.05136330308, 71090.42364582197, 82628.65089446148, 79667.15795388265, 91131.0769561576, 91639.4807417164, 87040.35304863259, 96249.3563468793, 107089.65063645653, 113995.44192013444, 123221.59398217546, 135196.9517950817, 149985.71110004187, 152701.35715357933, 160549.4007243806, 172201.80475696773, 196667.24130418582, 210597.46463011188, 229354.62842516988]","[649.3000000000001, 889.0000000000001, 1298.6000000000001, 1638.2, 2117.7, 2627.2, 3206.6000000000004, 3855.9, 4505.2, 5324.3, 6213.300000000001, 7302.200000000001, 8430.900000000001, 9449.900000000001, 10918.300000000001, 12316.800000000001, 13955.0, 15763.100000000002, 17641.100000000002, 21696.8, 25932.2, 28759.2, 33673.9, 37190.1, 41145.9, 45101.700000000004, 50116.3, 55440.600000000006, 61444.2, 67857.3, 74440.3, 80753.5, 86787.1, 92930.5, 99004.0, 104937.59999999999]"
31,pessimista,1066301992,True,0.07865428924560547,79495.3594619587,34253.8,411045.60000000003,362,201.39567206426477,796.3920736136278,9.78257054530721,79.61059193049026,2.0814058405242393,1.0,1.0,1.9230769230769231,2.8058390107428446,2024.8839865489674,383.0791473149876,-132.31565167451504,6,3.3976033676253725,False,True,71.37448008029719,-32.113974083922585,4.1245136784316445,"[3022.3905602391615, 2102.333027767465, 1318.93756764928, 726.279788620327, 136.09830814479608, -132.31565167451504, 72.4700722715063, 68.08770350666987, 129.8354998062025, 269.0528844841094, 327.76424880467016, 561.4434592788318, 932.5668144600161, 1358.5878507304328, 2018.5649389970151, 2922.2519457707094, 4006.09061327629, 5362.191106578124, 6896.517816940493, 8691.146353099117, 10718.076715053996, 20826.576802949374, 19097.356160459974, 11172.425520049172, 15647.948366166509, 20493.849090076266, 26065.527445221185, 32276.777298112218, 39203.17876188106, 46866.48570303868, 55386.91845171379, 64774.10256470947, 66644.33837215445, 69584.88529736272, 73808.70574281656, 79495.3594619587]","[509.5, 579.4, 749.2, 989.0, 988.9, 1228.7, 1328.6000000000001, 1398.5, 1498.4, 1808.1000000000001, 2047.8000000000002, 2387.5, 2727.1, 2966.9, 3376.4000000000005, 3885.9, 4365.400000000001, 4944.8, 5454.2, 6033.6, 6613.0, 7332.200000000001, 10059.300000000001, 11178.2, 12237.1, 13226.0, 14624.5, 16123.0, 17761.2, 19499.4, 21437.4, 23485.200000000004, 25732.800000000003, 28190.2, 31017.2, 34253.8]"
32,pessimista,1066311965,True,0.0816655158996582,29981.386381750344,8950.800000000001,107409.6,92,297.8622457943827,564.7077235452323,14.005188934798628,80.43754664037444,-15.839353865657756,1.0,1.0,2.0,3.0736177082435843,47.83910992395978,573.4656777619956,4673.96468218897,1,6.520288944156715,False,True,6040.80814296704,5052.351332134736,2.2931973292479997,"[4673.96468218897, 5430.737982080503, 6244.164863262553, 7189.641363189081, 8141.530443364212, 9225.46914228382, 10366.061422493947, 11645.115901697154, 13138.028617347401, 14769.403531990729, 14539.240645627136, 14497.78095929854, 14594.783471963023, 14740.06248175021, 15127.893309274956, 15461.652754502264, 15812.10578102009, 16216.407425240477, 16637.402650751384, 17087.091457552808, 17590.628882056793, 18242.909506595774, 19019.5409478304, 7876.995589100019, 8833.646010653238, 9832.878631199537, 11116.511687185955, 12419.420523455974, 13953.614758754069, 15676.289429492283, 17474.89346180461, 19558.63151084758, 21765.734958918623, 24299.781041422866, 26923.645103203788, 29981.386381750344]","[579.4, 679.3000000000001, 749.2, 919.1000000000001, 919.0, 1088.9, 1158.8, 1328.6000000000001, 1598.4000000000003, 1768.2, 1938.0000000000002, 2177.8, 2347.6, 2417.5, 2757.2, 2857.1000000000004, 2927.0, 3026.9000000000005, 3096.8, 3166.7000000000003, 3266.6000000000004, 3506.4, 3776.1, 4015.9000000000005, 4255.6, 4425.400000000001, 4865.0, 5104.7, 5514.3, 5953.900000000001, 6263.5, 6773.0, 7182.6, 7792.0, 8201.5, 8950.800000000001]"
33,pessimista,1066321938,True,0.07659506797790527,54721.75870446363,14414.8,172977.59999999998,152,287.3047800864232,747.6706765759255,10.444901708410152,79.57949234237498,-14.032670149072242,1.0,1.0,1.8181818181818181,3.420725732751956,150.92399460193172,615.934299057126,4754.281082682713,1,7.870204308443843,False,True,6276.2562707458455,5160.135617907174,2.8696922546295833,"[4754.281082682713, 5565.990153131635, 6513.011643283915, 7516.461121202405, 8657.450524410582, 9877.324359555907, 11153.62618246744, 12565.240425082331, 14033.282655463432, 15636.637305547889, 15433.959868688245, 15310.166863765748, 15321.686278546607, 15488.937288397054, 15752.008705717066, 16192.052468030122, 16631.528650046537, 17194.825239532518, 17935.094174011545, 18731.223515960137, 19566.785277612085, 20663.707372023287, 21867.414305841205, 11264.561572418375, 12906.033603691947, 22266.54598400514, 19385.59708760568, 22121.652955902624, 25174.92956442839, 28433.07892541676, 32002.945470804894, 35844.569200592785, 39935.493670609496, 44504.143238081866, 49440.370397423554, 54721.75870446363]","[509.5, 579.4, 749.2, 819.1, 989.0, 1088.9, 1158.8, 1328.6000000000001, 1398.5, 1568.3, 1808.1000000000001, 1908.0000000000002, 2077.8, 2317.6, 2557.3, 2897.0, 3066.8, 3306.5, 3646.2000000000003, 3885.9, 4055.7000000000003, 4465.3, 4804.900000000001, 5214.5, 5724.0, 5963.700000000001, 7941.600000000001, 8451.1, 9100.400000000001, 9679.8, 10359.1, 11038.400000000001, 11687.7, 12606.800000000001, 13525.800000000001, 14414.8]"
34,pessimista,1066331911,True,0.07267618179321289,4072.600588316543,4085.8,49029.600000000006,42,296.60187009781436,426.1873208765744,18.33040290541804,80.10740767698684,-62.74588138522851,0.8,0.8,2.125,3.9395674467705435,-60.114164215347756,914.91970671499,-8937.109441739634,24,1.6096312205446202,True,True,-6753.911672347583,-8301.163922638048,1.413201651925466,"[4199.7192810147735, 4400.438562029547, 4682.566698657925, 5021.510231904299, 5441.862620764277, 5919.030406242251, 6534.422443951826, 7337.226610633192, 8221.439632928163, 9162.46805184113, 8184.9053263677015, 7394.754729866065, 6661.419529982424, 5928.0843300987835, 5332.973382446743, 4819.271290408307, 4492.981327341663, 4166.691364275019, 3921.8102568219792, 3676.9291493689398, 3432.0480419159003, 3243.9823310808565, 3112.7320168638084, -8937.109441739634, -7665.2184035364635, -6450.142761951289, -5047.654991394322, -3563.75836522375, -2023.0463424351824, -482.33431964661486, 1058.3777031419527, 1415.5814813555057, 1829.6006561870545, 2380.0811834388223, 3131.462695275987, 4072.600588316543]","[409.6, 409.6, 509.5, 579.4, 679.3000000000001, 749.2, 919.0, 1158.8, 1258.7, 1328.6000000000001, 1428.5000000000002, 1668.3000000000002, 1738.2, 1738.2, 1908.0000000000002, 2007.9, 2247.7000000000003, 2247.7000000000003, 2347.6, 2347.6, 2347.6, 2417.5, 2487.4, 2587.3, 2657.2000000000003, 2587.3, 2827.1000000000004, 2927.0, 2996.9, 2996.9, 2996.9, 3096.8, 3166.7000000000003, 3336.5, 3676.2000000000003, 4085.8]"
35,pessimista,1066341884,True,0.06868577003479004,43999.288546911055,16852.0,202224.0,180,181.6489843566376,889.6112244385117,8.68723835448456,79.7103640803942,-1.4486191853912322,1.0,1.0,1.6666666666666667,3.0055780214869183,1137.4822136727764,409.23152710500364,-3230.1847613713417,24,5.693479763202695,True,True,-402.23150904919675,-1839.1252973283026,4.352996045760102,"[3147.1656981567567, 2295.3313963135133, 1524.6757164867513, 810.889703525099, 178.28231257992798, -304.6524375040982, -381.58829407093344, -448.0658332852636, -386.9534009705078, -268.9713017906422, -69.81058059429506, 186.21980746716167, 217.6181512753194, 361.566133477673, 521.8706934432087, 811.9735138194212, 1217.9839568074442, 1822.662327071254, 2458.4186530817647, 3345.111861519434, 4307.752692568913, 5607.109739775771, 7054.084381123526, -3230.1847613713417, 696.4447181502728, 2682.1904138292643, 5010.471659395854, 7649.677410001412, 10644.677332511048, 13991.820382076134, 17782.387575074383, 21970.877228858306, 26603.7406929405, 31791.026256202564, 37545.99254066097, 43999.288546911055]","[479.5, 479.5, 579.4, 649.3000000000001, 749.2, 819.1, 989.0, 988.9, 1158.8, 1228.7, 1328.6000000000001, 1398.5, 1638.2, 1878.0000000000002, 2217.6000000000004, 2557.3, 2866.9, 3276.5, 3516.2000000000003, 3955.8000000000006, 4265.4, 4844.8, 5324.3, 5903.700000000001, 6003.6, 6583.0, 7302.200000000001, 8051.400000000001, 8870.5, 9719.6, 10708.6, 11697.5, 12756.4, 13985.1, 15313.7, 16852.0]"
36,pessimista,1066351857,True,0.06966018676757812,135810.054333171,52116.00000000001,625392.0000000001,540,242.1892733578125,629.2079446064262,12.286634666154777,76.26223384984577,5.2214021802844615,1.0,1.0,3.5833333333333335,2.9688777512408686,3432.751358329276,467.9506144390681,2987.963421689925,1,3.551118371388378,False,True,4032.038664980099,3502.2951124885685,2.7921017531295824,"[2987.963421689925, 9699.31512778227, 4074.5662023199893, 4037.175952211061, 4016.6268032872126, 4175.9861081212, 4419.866290678701, 12554.92431258154, 8474.324901158108, 9884.076145862673, 19180.45632923161, 16497.928634217187, 19305.511371869194, 22281.643441002547, 25646.725719340764, 29270.114679867038, 33252.7249526493, 37579.244109989784, 42344.70435612469, 55165.34287240531, 63718.102672428504, 65849.98502673478, 73798.20449589554, 70409.83438533207, 79664.3657943634, 80863.4754194343, 83155.1458974474, 86179.42855118329, 90134.0007313487, 95011.17111516302, 100963.38058034974, 108008.35132927904, 116083.55336381699, 125431.07270815758, 129851.69354731165, 135810.054333171]","[679.3000000000001, 679.3000000000001, 1908.0000000000002, 2007.9, 2077.8, 2347.6, 2587.3, 2927.0, 5004.8, 5414.400000000001, 5823.900000000001, 8241.400000000001, 8820.800000000001, 9330.3, 10079.5, 10788.8, 11608.000000000002, 12457.100000000002, 13446.100000000002, 14365.100000000002, 17022.3, 20019.2, 21307.9, 22806.4, 24374.700000000004, 25733.300000000003, 27811.200000000004, 29789.100000000002, 31966.800000000003, 34244.5, 36761.9, 39419.100000000006, 42076.4, 45033.3, 48439.8, 52116.00000000001]"
37,pessimista,1066361830,True,0.07380199432373047,-5799.0335981063445,1808.1000000000001,21697.2,19,326.097299657235,470.89623872303036,16.00867688376068,79.05171234176196,-70.01423351238944,1.0,1.0,2.0,6.0013219766850305,-101.24597332544307,962.1069640095625,-10635.850704344255,24,0.0,True,True,-10010.8749527246,-10445.279716028825,1.0081949913582975,"[4641.565012485524, 5284.1300249710475, 5982.725314102378, 6681.320603233709, 7379.91589236504, 8078.511181496371, 8833.13674727351, 9666.721663075823, 10556.336855523943, 11577.508741305839, 10602.113560424941, 9758.27507287782, 8914.436585330697, 8070.598097783575, 7361.749236907434, 6652.9003760312935, 5944.051515155153, 5235.202654279012, 4526.353793402871, 3817.50493252673, 3108.656071650589, 2455.8374874202555, 1881.9782532150966, -10635.850704344255, -10254.708727713392, -9929.597027728336, -9548.455051097473, -9167.31307446661, -8786.171097835748, -8405.029121204885, -8023.8871445740215, -7642.745167943158, -7261.603191312294, -6880.461214681431, -6367.762544716791, -5799.0335981063445]","[509.5, 509.5, 579.4, 579.4, 579.4, 579.4, 649.3000000000001, 749.2, 819.1, 989.0, 988.9, 1158.8, 1158.8, 1158.8, 1328.6000000000001, 1328.6000000000001, 1328.6000000000001, 1328.6000000000001, 1328.6000000000001, 1328.6000000000001, 1328.6000000000001, 1398.5, 1498.4, 1568.3, 1568.3, 1498.4, 1568.3, 1568.3, 1568.3, 1568.3, 1568.3, 1568.3, 1568.3, 1568.3, 1738.2, 1808.1000000000001]"
38,pessimista,1066371803,True,0.07175970077514648,134524.27548800875,56630.9,679570.8,591,288.10762640440794,1084.8012176595776,7.232158584323717,79.06350708594222,-2.367978178486406,1.0,1.0,2.5294117647058822,3.156042648109848,483.43448120003654,368.06491215348535,4578.720611440231,1,3.3993028821014635,False,True,5816.207302906259,4907.882183728336,4.548775337302506,"[4578.720611440231, 5237.043756016442, 6009.261818536199, 6993.837092710415, 8170.909817964157, 9617.28721384413, 11334.76459393961, 13378.494103633093, 15614.721064406102, 18136.401665042642, 18899.096928413164, 19919.794313489445, 21170.533820271485, 22517.5607702408, 24298.13983402363, 26376.39101161997, 28807.466448412317, 31586.816532154153, 34893.18340033573, 38553.83983341035, 42707.24812508891, 47472.25065228674, 52821.91487397561, 46862.035468674, 61503.21116921406, 64167.903795938226, 73301.02530513114, 75045.82529325485, 85812.13463852397, 85186.9126123605, 91405.29625310552, 99032.7004787026, 108247.21757497037, 119346.41951528621, 125907.69882489383, 134524.27548800875]","[579.4, 679.3000000000001, 819.1, 1088.9, 1328.6000000000001, 1668.3000000000002, 2007.9, 2417.5, 2657.2000000000003, 3066.8, 3576.3, 4155.7, 4735.1, 5144.6, 5893.800000000001, 6643.0, 7462.200000000001, 8311.300000000001, 9400.2, 10389.1, 11508.000000000002, 12836.6, 14235.100000000002, 15803.5, 17641.600000000002, 20808.300000000003, 22986.000000000004, 25473.4, 28300.5, 32695.9, 35962.5, 39368.9, 43075.100000000006, 47300.7, 51796.0, 56630.9]"
39,pessimista,1066381776,True,0.06943893432617188,1214.4661598819566,1328.6000000000001,15943.2,14,43.470277777777774,492.76575821766215,16.012377664333414,78.1843005494648,-58.42437856070549,1.0,1.0,1.2,13.433172733583463,67.86165399704882,772.1560581033154,-15999.351679887977,24,0.20487022870694405,True,True,-15873.387764324933,-15963.361989727107,0.4670942666814812,"[2945.767850998012, 1892.5357019960238, 839.3035529940357, -213.92859600795236, -665.5712772547803, -1117.2139585016082, -1568.856639748436, -2020.499320995264, -2472.142002242092, -2923.78468348892, -3375.427364735748, -3769.4376745748787, -4163.447984414009, -4615.090665660837, -5009.100975499967, -5345.4789139314, -5681.856852362833, 1828.4920381815882, -4359.248581496673, -4287.269201174934, -4215.289820853195, -4143.310440531456, -4071.331060209717, -15999.351679887977, -15927.372299566237, -15855.392919244498, -15725.78116751506, -15596.169415785624, -15466.557664056187, -15336.94591232675, -7360.607331621459, -7230.995579892022, -7101.383828162585, -6971.772076433148, -6842.160324703711, 1214.4661598819566]","[509.5, 509.5, 509.5, 509.5, 509.5, 509.5, 509.5, 509.5, 509.5, 509.5, 509.5, 579.4, 579.4, 509.5, 579.4, 649.3000000000001, 649.3000000000001, 649.3000000000001, 1158.8, 1158.8, 1158.8, 1158.8, 1158.8, 1158.8, 1158.8, 1158.8, 1228.7, 1228.7, 1228.7, 1228.7, 1228.7, 1228.7, 1228.7, 1228.7, 1228.7, 1328.6000000000001]"
40,pessimista,1066391749,True,0.06862640380859375,134403.5110050762,29498.6,353983.19999999995,314,406.48148616865046,1165.7556579921325,6.56261590955018,76.59821529968801,-6.468719835773683,1.0,1.0,2.473684210526316,4.588957674439048,482.93129585448406,939.9676642834226,7918.245380835161,2,6.173977942079485,False,True,9737.27795449283,8425.750822352733,3.257317618605855,"[12080.407348594317, 7918.245380835161, 8933.256263870304, 10005.28518470034, 11215.060187407258, 12614.142042480837, 14150.969979431296, 15825.543998258636, 17746.442907247532, 27611.775543546668, 22868.315917407646, 23960.429225512165, 32833.13626092693, 28944.69584061584, 31001.614436425178, 40903.49557411652, 38171.033375753796, 41311.760199798584, 52342.46760352027, 50734.581677474984, 54964.17476755012, 59483.82491154057, 64265.57210944634, 57390.144405349405, 62874.599837044676, 68553.23232265525, 74901.74284050669, 81716.33139059896, 88945.4372024423, 96587.8930024445, 104736.38683468754, 120944.62948595104, 132456.25938712445, 128799.06378922307, 131258.46229915234, 134403.5110050762]","[579.4, 1158.8, 1328.6000000000001, 1398.5, 1568.3, 1808.1000000000001, 1977.9000000000003, 2147.7, 2457.4, 2797.0, 4025.7000000000003, 4435.3, 4774.900000000001, 6073.5, 6652.900000000001, 7162.4, 8700.7, 9310.1, 9889.5, 11457.8, 12037.2, 12686.500000000002, 13335.8, 14085.0, 14904.100000000002, 15553.400000000001, 16712.2, 17871.0, 18959.800000000003, 20018.7, 21177.5, 22236.3, 24384.000000000004, 26701.6, 28000.2, 29498.6]"
41,pessimista,1066401722,True,0.0716557502746582,8213.26385522179,3306.5,39678.0,35,464.99022258063906,451.0490637789216,17.172327896188026,77.28286684335684,-50.9430067718898,1.0,1.0,1.3571428571428572,5.257296321439663,-42.861400603242515,1112.1632205179105,4333.125542732235,29,3.4889941206616513,False,True,4364.896811449172,4341.434421009377,1.3197499790479303,"[4800.788105146552, 5602.576210293104, 14213.661113552866, 17748.43142398388, 13615.448301518929, 15076.092601173405, 16479.889243083537, 17802.28568900156, 19067.83447717524, 20251.983069356815, 27245.428459651597, 21462.510704725086, 21248.66783367024, 20847.559987061166, 20446.452140452093, 20045.34429384302, 19644.236447233947, 19243.128600624874, 18842.0207540158, 18440.912907406728, 18039.805060797655, 17638.69721418858, 17237.58936757951, 4966.898838780315, 4753.055967725467, 4539.213096670619, 4463.618079352223, 4369.947982170056, 4333.125542732235, 4349.74329928652, 4383.24871358515, 4519.211445693659, 12477.91117190748, 7246.21029451602, 7743.717074868906, 8213.26385522179]","[509.5, 509.5, 509.5, 989.0, 1398.5, 1328.6000000000001, 1258.7, 1158.8, 1088.9, 989.0, 989.0, 1838.1000000000001, 1738.2, 1498.4, 1498.4, 1498.4, 1498.4, 1498.4, 1498.4, 1498.4, 1498.4, 1498.4, 1498.4, 1668.3000000000002, 1738.2, 1738.2, 1908.0000000000002, 1908.0000000000002, 1977.9000000000003, 2077.8, 2147.7, 2317.6, 2417.5, 3236.6000000000004, 3306.5, 3306.5]"
42,pessimista,1066411695,True,0.07427811622619629,84897.18756285266,18780.7,225368.40000000002,193,335.85329656754305,732.0286395720491,10.796568279139462,78.96665050171296,-8.63033727171089,1.0,1.0,2.933333333333333,3.4973261784527083,276.65494817855273,643.7716423138575,4418.491464670398,1,9.617131293081018,False,True,5433.191199628511,4668.2153201867695,2.6360083444300217,"[4418.491464670398, 4917.939175703142, 5604.941874270301, 6298.2940763185015, 7179.201265901118, 8276.99507053498, 9642.300109065603, 11144.535516285127, 12834.325911039066, 22428.739998590376, 17797.658074685132, 18721.120641795344, 19685.633577594457, 20662.182759755917, 21866.283175814136, 23258.988948095674, 24761.71545775501, 26396.113201311106, 28219.11630109052, 30152.140138247734, 32143.22846642041, 34442.87839717874, 36943.16993052274, 27564.14682009005, 30482.69943456958, 33443.35278642691, 36997.093097093224, 40781.539501360654, 44967.59036962734, 49450.97195034065, 54415.55673622529, 59650.843862073394, 65201.81120384917, 71290.99587312283, 77810.47786989436, 84897.18756285266]","[579.4, 679.3000000000001, 919.1000000000001, 919.0, 1158.8, 1428.5000000000002, 1768.2, 1938.0000000000002, 2177.8, 2417.5, 4015.9000000000005, 4255.6, 4425.400000000001, 4525.3, 4865.0, 5274.6, 5614.200000000001, 5953.900000000001, 6363.5, 6703.1, 6942.800000000001, 7452.3, 7961.800000000001, 8371.4, 8950.800000000001, 9290.400000000001, 10209.5, 10958.7, 11837.800000000001, 12657.0, 13676.000000000002, 14525.1, 15344.2, 16433.100000000002, 17522.0, 18780.7]"
43,pessimista,1066421668,True,0.08471083641052246,3792.977724217835,3885.9,46630.8,41,440.17907217918156,490.5131390913782,15.561126904039297,78.03370559984211,-85.71162958198374,1.0,1.0,2.1666666666666665,5.8968421034521725,-61.279259482425694,1238.2914902544978,-8828.93164523781,24,1.5289214300272338,True,True,-5680.760180301399,-8403.909461747668,1.260780500865086,"[4492.365145559535, 4985.730291119071, 5479.095436678606, 6028.80043415879, 6578.505431638974, 7128.210429119158, 7677.915426599342, 15934.6114757821, 11625.403610504267, 12505.663495891606, 11515.1983197295, 10581.072995488043, 9646.947671246586, 8712.822347005129, 7859.464688836276, 7062.446882588071, 6321.768928260515, 5661.858640005564, 5131.223290201167, 4656.92779231742, 4182.632294433673, 3789.1044626225303, 3451.916482732036, -8828.93164523781, -7978.887278257525, 578.1481404253336, -4914.717814316024, -3548.5037690573804, -2053.0147853481817, -557.525801638983, 945.7957616129124, 1391.6722633153638, 1825.9286169384638, 2369.3324885548163, 2981.9238781644212, 3792.977724217835]","[509.5, 509.5, 509.5, 579.4, 579.4, 579.4, 579.4, 579.4, 989.0, 988.9, 1158.8, 1228.7, 1228.7, 1228.7, 1328.6000000000001, 1398.5, 1468.3999999999999, 1568.3, 1738.2, 1808.1000000000001, 1808.1000000000001, 1908.0000000000002, 1977.9000000000003, 2047.8000000000002, 2147.7, 2147.7, 2797.0, 2797.0, 2966.9, 2966.9, 2966.8, 3136.7000000000003, 3206.6000000000004, 3376.4000000000005, 3546.2, 3885.9]"
44,pessimista,1066431641,True,0.07977151870727539,148938.17683817816,78417.8,941013.6000000001,822,213.1182867497027,840.0210589635544,9.201992099596332,78.45025746878278,4.904972566566317,1.0,1.0,2.5454545454545454,2.8489768163001927,543.4924034924089,242.86290947188667,4716.425919818829,1,2.3789990891584467,False,True,6407.728245686591,5143.077773291201,4.171771866249795,"[4716.425919818829, 5569.729626763572, 6687.061118660931, 7996.840204279874, 9627.216881447104, 11472.77932627049, 13638.939362642164, 16074.084045312378, 18666.02631953088, 21550.60397242358, 22739.204984520726, 24248.439162417984, 26155.758330007488, 28243.220856801432, 30843.764143117078, 41661.244807758594, 40818.44333851522, 45764.56858768074, 51295.39036185082, 57488.36048491758, 64215.938765650004, 71940.76895006119, 80575.20103597784, 78115.57261929482, 80218.6835044345, 83345.18349799259, 88082.20393970376, 94302.78463399036, 102031.87298334297, 111571.93513787977, 116666.24811110941, 123965.9574751104, 133531.29101483533, 145769.87987878788, 144856.46569745586, 148938.17683817816]","[649.3000000000001, 819.1, 1158.8, 1398.5, 1808.1000000000001, 2077.8, 2487.4, 2896.9, 3306.5, 3885.9, 4565.200000000001, 5314.400000000001, 6203.5, 6882.799999999999, 7871.700000000001, 8960.6, 12167.2, 13525.800000000001, 14954.300000000003, 16522.7, 17991.100000000002, 19999.000000000004, 22176.800000000003, 24424.4, 26911.8, 29469.100000000002, 32805.600000000006, 36381.9, 40097.9, 44283.6, 48918.700000000004, 54063.3, 59547.600000000006, 65711.1, 72084.40000000001, 78417.8]"
45,pessimista,1066441614,True,0.06931591033935547,151452.88848549474,60096.899999999994,721162.7999999999,631,285.13015210655,1026.7725605875876,7.716025791308145,79.68085680860436,-0.6732888211960995,1.0,1.0,2.380952380952381,3.1522018113432293,553.9703686895613,452.90658890970013,4443.950993919696,1,3.450800243525192,False,True,5525.266444937031,4694.891688129461,4.354513286000309,"[4443.950993919696, 4945.832382339226, 5718.411132469633, 6767.247103514031, 8011.142079515256, 9582.664811727193, 11481.81530014984, 13789.791760740358, 16374.025442244867, 19152.052252708098, 20231.995429839033, 21545.934973637675, 23099.430743307134, 24886.9628796443, 27236.11913885988, 29931.688985657158, 33053.04295533285, 36520.81051259024, 40495.5604086832, 44909.33264361175, 49743.419255121655, 55223.62721042397, 69220.70330087132, 59434.25079997227, 67941.7942254905, 77124.64496696902, 79130.34018007517, 82119.82932951227, 86443.18031228789, 99811.43884916123, 102084.94928423429, 111308.50395672808, 121945.56708293104, 128075.64299176511, 143874.71819298912, 151452.88848549474]","[579.4, 649.3000000000001, 989.0, 1328.6000000000001, 1568.3, 1977.9000000000003, 2387.5, 2897.0, 3236.6000000000004, 3646.2000000000003, 4225.6, 4805.0, 5384.3, 5963.700000000001, 6952.700000000001, 7871.700000000001, 8860.7, 9779.7, 10868.6, 11957.500000000002, 13016.300000000001, 14344.900000000001, 15843.400000000001, 19149.9, 21157.800000000003, 22995.9, 25553.2, 28040.500000000004, 30937.500000000004, 33864.4, 38739.3, 42345.600000000006, 45891.8, 50047.5, 54372.9, 60096.899999999994]"
46,pessimista,1066451587,True,0.07347440719604492,69532.31469448478,22775.800000000003,273309.60000000003,242,226.4535110725468,867.4647524551735,8.770001924480306,77.67820525996243,1.3045888509362078,1.0,1.0,2.090909090909091,3.3622491608767624,1775.8078673621199,433.8570084906773,-345.5127636400581,6,6.582387488346424,False,True,-273.1395083106363,-324.0631518146307,3.9440259881751856,"[3044.9332235343422, 2090.8664470686845, 1193.3691100214405, 374.193841656057, -263.3148310844473, -345.5127636400581, -302.61353998920333, -124.82280823807412, 109.53736293146846, 59.239042201285315, 296.49731709598143, 393.95860819122515, 593.8159343297624, 883.0068372504342, 1437.4452833146734, 2069.86674557946, 2939.575750987814, 4012.364928803182, 5254.481649762117, 6631.150826340014, 8238.900175324925, 10094.299136135262, 12100.859991982974, 2548.7770552809943, 5255.355238504717, 15705.864823396309, 14034.906538804147, 18317.445409180982, 22954.226347002204, 28020.02443979242, 33518.38666870889, 39540.69756069462, 46087.56655516804, 53231.10835007446, 60975.93238483227, 69532.31469448478]","[579.4, 579.4, 649.3000000000001, 749.2, 989.0, 988.9, 1158.8, 1328.6000000000001, 1398.5, 1568.3, 1808.1000000000001, 2147.7, 2457.4, 2727.1, 3206.6000000000004, 3546.2, 4025.7000000000003, 4535.200000000001, 5014.700000000001, 5424.2, 5933.700000000001, 6513.1, 6992.5, 7811.700000000001, 8560.900000000001, 9140.300000000001, 11318.0, 12376.900000000001, 13365.800000000001, 14424.7, 15513.500000000002, 16742.2, 18040.8, 19469.300000000003, 20967.7, 22775.800000000003]"
47,pessimista,1066461560,True,0.071258544921875,14010.128768541543,4395.400000000001,52744.8,46,407.0435357193812,529.0717216345405,14.794037019930705,78.96882886735739,-40.920972188730175,1.0,1.0,1.2142857142857142,4.580681430150202,-18.707796797743573,962.2862213943421,4394.074560350825,1,5.248465128266257,False,True,5127.026793719437,4591.611840526237,1.643269097164622,"[4394.074560350825, 4789.14912070165, 13000.334698927027, 16420.011464410614, 12312.038752920529, 13374.47906088039, 14436.919368840252, 15499.359676800113, 16561.799984759975, 17681.615868045134, 16884.36923206256, 16144.498171405281, 15536.302539533754, 14985.482482987522, 14574.975482498854, 14247.405962742454, 13977.212018311351, 13838.693502665998, 13783.112467752911, 13784.907008165123, 21602.81256645189, 16293.926778965624, 16725.320991479362, 5239.652684725366, 5771.399953296667, 6275.187221867968, 6919.287546496834, 7627.143299911449, 8324.41462865136, 8993.725957391272, 9745.974766863452, 10515.639151660927, 11257.343536458404, 12081.985401988148, 12924.042842843188, 14010.128768541543]","[509.5, 509.5, 509.5, 819.1, 1328.6000000000001, 1328.6000000000001, 1328.6000000000001, 1328.6000000000001, 1328.6000000000001, 1398.5, 1498.4, 1568.3, 1738.2, 1808.1000000000001, 1977.9000000000003, 2077.8, 2147.7, 2317.6, 2417.5, 2487.4, 2487.4, 3136.7000000000003, 3136.7000000000003, 3236.6000000000004, 3306.5, 3306.5, 3476.3, 3646.2000000000003, 3716.1, 3716.1, 3816.0000000000005, 3885.9, 3885.9, 3985.8, 4055.7000000000003, 4395.400000000001]"
48,pessimista,1066471533,True,0.06915831565856934,4096.07296012141,3885.9,46630.8,41,342.2895486139873,487.86068469059023,15.263037650128261,78.20567450121813,-46.56664749473494,1.0,1.0,2.0,3.9342045079940746,-60.016362666160795,764.9276964722426,-3035.057056663727,24,1.6299420990667022,True,True,-1101.7438586588403,-2465.6444220835106,1.7032983395441577,"[4584.876673912118, 5170.753347824237, 5756.630021736355, 6342.506695648473, 6984.467450161204, 7705.936235375097, 8483.489101189602, 9396.63407830588, 10490.382102133124, 11663.638156661527, 10892.978291790543, 10178.402507520172, 9667.853720061314, 9213.389013203068, 8894.516417646597, 8631.727902690738, 8448.447418436039, 8321.251014781954, 8318.57357723822, 8371.980220295098, 8504.894894053137, 8676.884243814182, 8820.913593575227, -3035.057056663727, -1896.231787503294, -836.9145490440224, 222.40268941524937, 606.7950120238875, 858.2923924860938, 1222.4728196592648, 1501.8063920238574, 1905.6989304988022, 2297.715549574359, 2741.280199351077, 3336.5610410301806, 4096.07296012141]","[579.4, 579.4, 579.4, 579.4, 649.3000000000001, 749.2, 819.1, 988.9, 1228.7, 1328.6000000000001, 1398.5, 1468.3999999999999, 1738.2, 1808.1000000000001, 1977.9000000000003, 2047.8000000000002, 2147.7, 2217.6000000000004, 2387.5, 2457.4, 2557.3, 2627.2, 2627.2, 2627.2, 2557.3, 2457.4, 2457.4, 2557.3, 2727.1, 2966.9, 2966.8, 3136.7000000000003, 3206.6000000000004, 3306.5, 3546.2, 3885.9]"
49,pessimista,1066481506,True,0.07001519203186035,2740.1448066716102,3236.6000000000004,38839.200000000004,34,247.82330853304896,480.82381226187255,15.785841290076736,78.97545582086435,-50.59532033991654,1.0,1.0,1.875,3.7428260085850646,-65.66606330553498,799.0905058121309,-4767.25820923671,24,1.2089273845043973,True,True,-3340.5951743392716,-4347.560036921921,1.7264451563556875,"[4631.844212009924, 5264.688424019849, 5897.532636029773, 6530.3768480396975, 7275.969241927816, 8101.675519424567, 8983.755887860414, 9993.168317793381, 11011.736660776956, 12214.01115619675, 11496.399535225175, 10835.162005192697, 10254.03835876885, 9672.914712345004, 9275.497218357374, 8934.453815308842, 8673.524295868941, 8412.594776429041, 8151.665256989141, 7890.735737549241, 7629.806218109341, 7425.250789608537, 7300.809244716365, -4767.25820923671, -3927.8618646071327, -3144.8396109166515, -2305.443266287074, -1338.7148601603765, -315.61236309458195, 787.6040175798446, 1032.3483728019999, 1321.920909902349, 1555.5734470026982, 1869.339867711679, 2270.47834991778, 2740.1448066716102]","[509.5, 509.5, 509.5, 509.5, 649.3000000000001, 749.2, 819.1, 989.0, 988.9, 1228.7, 1328.6000000000001, 1398.5, 1498.4, 1498.4, 1738.2, 1808.1000000000001, 1908.0000000000002, 1908.0000000000002, 1908.0000000000002, 1908.0000000000002, 1908.0000000000002, 1977.9000000000003, 2077.8, 2147.7, 2147.7, 2077.8, 2147.7, 2317.6, 2387.5, 2487.4, 2657.2000000000003, 2797.0, 2797.0, 2896.9, 3066.8, 3236.6000000000004]"
0,base,1643410738,True,0.07235503196716309,30711.21819731026,9040.4,108484.79999999999,96,259.8553668009994,441.8764400039668,16.984945979696022,79.34719072892611,-16.21684763485746,1.0,1.0,1.9333333333333333,2.938839748053323,50.88007582212607,636.3671196215344,4259.96739313931,1,6.454023922725359,False,True,4996.410445394148,4430.678844801954,1.990717460814957,"[4259.96739313931, 4601.390296464599, 5128.083828370664, 5791.524478710321, 6511.25673729759, 7367.73611431845, 8417.254218020515, 9652.042950303356, 11023.578801019788, 12531.861770169813, 12225.415367900614, 12112.007692312618, 12135.347135158214, 12287.665598336975, 12633.022788196939, 13115.127096490494, 13733.97852321764, 14429.458050834213, 15193.724696884377, 15946.362951182153, 16671.04120547993, 17452.01106802532, 18285.476440756687, 7264.252442068831, 8420.60268024816, 9626.383547008263, 11066.030258883162, 12663.89471777243, 14371.41341352888, 16265.109856299698, 18244.296633999333, 20365.369550465723, 22624.056703799295, 25125.213212394847, 27812.87907625238, 30711.21819731026]","[649.3000000000001, 749.2, 989.0, 1158.8, 1228.7, 1398.5, 1638.2, 1878.0000000000002, 2047.8000000000002, 2217.6000000000004, 2457.4, 2697.1, 2866.9, 3036.8, 3276.5, 3446.3, 3616.1000000000004, 3786.0000000000005, 3955.8000000000006, 4025.7000000000003, 4025.7000000000003, 4095.6000000000004, 4195.5, 4435.3, 4774.900000000001, 5014.700000000001, 5424.2, 5833.800000000001, 6173.400000000001, 6583.0, 6892.6, 7232.299999999999, 7571.9, 8051.400000000001, 8530.900000000001, 9040.4]"
1,base,1643420711,True,0.07142424583435059,82527.38985579301,18989.9,227878.80000000002,201,364.7653399346268,831.0058548290178,9.258420252737702,77.91454212160357,-13.349796957703004,1.0,1.0,3.0,3.940255307471138,266.78079106580424,716.5999905667179,4370.849047074609,1,9.216450436529826,False,True,5221.920067881867,4584.843699262088,2.727359964556356,"[4370.849047074609, 4798.838351449567, 5362.947306692634, 6056.105479597624, 6885.383303370723, 7850.780778011932, 8952.297903521248, 10295.144761293186, 19419.90463244837, 16520.387725845496, 17206.700294204893, 17989.352770732745, 18812.244898128705, 19623.357282825014, 20671.67853605136, 21776.379697446162, 23106.509984671342, 24408.91992276463, 25964.7189866883, 27628.91735234819, 29422.444586538113, 31457.541203858764, 33573.07712291563, 23930.222425103228, 26552.996503989314, 29216.24988461162, 39903.0256617479, 38352.652844468146, 42472.72906118723, 47055.68292313483, 51920.685469949385, 57236.78591929281, 62863.11531080353, 68992.56199841088, 75472.25702175328, 82527.38985579301]","[579.4, 649.3000000000001, 819.1, 989.0, 1158.8, 1328.6000000000001, 1498.4, 1808.1000000000001, 1977.9000000000003, 3476.3, 3716.1, 3955.8000000000006, 4125.6, 4195.5, 4535.200000000001, 4774.900000000001, 5184.5, 5354.3, 5763.900000000001, 6103.500000000001, 6443.200000000001, 6922.700000000001, 7262.299999999999, 7741.8, 8321.2, 8660.800000000001, 9310.1, 11417.900000000001, 12067.2, 12986.3, 13805.4, 14794.400000000001, 15683.400000000001, 16772.300000000003, 17761.2, 18989.9]"
2,base,1643430684,True,0.07628774642944336,314945.0301578102,135340.2,1624082.4000000001,1398,162.16772182908255,775.727470049834,10.169019348282053,78.9879280748403,10.379525566015925,1.0,1.0,2.9545454545454546,2.1161189268615326,7911.125753945255,209.3233035245732,1264.419801813413,5,4.0378393801377115,False,True,1370.298929197143,1315.1279292576587,4.948742650609361,"[3051.3889385378297, 2289.2170089740307, 1721.3164107285052, 1371.7865533622225, 1264.419801813413, 1365.8360567019042, 1735.22218436801, 2304.6181848117303, 3130.748031952166, 4323.1990831884905, 5942.766496499971, 7930.322471306513, 18425.3161020426, 18114.50597945817, 23629.607547404095, 30067.068753718584, 37741.84786219838, 46689.30781314263, 48777.40966338911, 52513.348718175184, 58281.710598696794, 66397.02414411158, 77221.58233301464, 72732.33372690102, 83881.12145480604, 98713.54392778453, 102231.24981451822, 111897.8495198921, 126338.24832910782, 138621.40573432602, 156189.04423871008, 178813.96490196083, 206157.91702463967, 235236.16881688766, 276793.1526997816, 314945.0301578102]","[679.3000000000001, 919.1000000000001, 1158.8, 1428.5000000000002, 1738.2, 2077.8, 2587.3, 3096.8, 3676.2000000000003, 4425.400000000001, 5344.5, 6263.5, 7522.200000000001, 12017.6, 14055.500000000002, 16233.2, 18890.5, 21817.4, 25353.800000000003, 29199.8, 33695.2, 38899.8, 44923.600000000006, 51866.4, 59928.100000000006, 68609.1, 77050.40000000001, 84772.40000000001, 92154.80000000002, 99067.70000000001, 105700.80000000002, 112064.3, 117988.1, 123942.0, 129726.0, 135340.2]"
3,base,1643440657,True,0.07226228713989258,353942.14607721975,142770.80000000002,1713249.6,1492,229.98872452302223,1252.4876062509848,6.000000000000001,77.28570003101682,3.4430444846327046,1.0,1.0,2.3076923076923075,2.480959468675856,8886.053651930493,243.70092418520073,237.33625540370394,4,4.550312581800518,False,True,1522.6045184986592,548.0269949959643,6.113740173664164,"[2843.163406119291, 1743.9001131354707, 858.7177345882247, 237.33625540370394, 7592.211420991099, 3121.100182985747, 4087.896446136898, 5268.874032288244, 6830.266718061929, 8739.54112032558, 11176.004837545035, 21770.390054114294, 21230.931766048714, 26554.357907635123, 32808.26218833403, 40053.85170073832, 48465.86066018146, 58194.43047189912, 60817.97433947887, 65123.78026995015, 71385.93007711227, 79872.93836978846, 90858.54026267491, 93807.33542624828, 101739.48607657383, 116540.44977414848, 120790.36700977135, 130349.13637820675, 146052.95698009196, 167756.2654802627, 187495.80284430346, 212811.4695320739, 240410.43482236762, 273186.40642936155, 311082.8120521588, 353942.14607721975]","[579.4, 649.3000000000001, 919.0, 1258.7, 1398.5, 3746.1000000000004, 4225.6, 4735.0, 5484.3, 6303.400000000001, 7392.3, 8551.000000000002, 12367.000000000002, 14135.2, 16213.0, 18530.6, 21187.800000000003, 24214.7, 27521.2, 31337.200000000004, 35762.6, 40837.3, 46591.3, 52964.600000000006, 61885.3, 70296.5, 78807.70000000001, 86949.20000000001, 94751.0, 102343.1, 109595.50000000001, 116678.1, 123391.1, 129964.20000000001, 136467.40000000002, 142770.80000000002]"
4,base,1643450630,True,0.07262372970581055,218211.25242500775,105807.5,1269690.0,1125,235.18060623505303,1054.4046519428439,7.400350716319894,79.23739745030132,1.120078789092437,1.0,1.0,3.4347826086956523,2.8176118236445222,832.1302184375323,393.37238689590515,4555.933183283607,1,3.053474951140243,False,True,5975.252034274104,4902.855326753337,4.829243850126101,"[4555.933183283607, 5249.777470223067, 6217.076888957782, 7377.969383991916, 8868.998983464873, 10633.850790249535, 12648.61057046073, 14937.192557983632, 17543.90864739999, 28245.59035880986, 25179.133641298424, 27654.51820818108, 30462.904059457833, 33740.83522326808, 45429.249348178804, 45681.76435591875, 51756.852801434594, 58617.765871234464, 66321.4546689742, 74993.59227095323, 84675.20978082743, 95033.2785867051, 94769.95487233959, 89304.47858571442, 97683.40164554327, 108104.1554730024, 114584.99419411717, 123651.64404433873, 135567.72030727816, 150658.0009024321, 154095.27414575504, 162783.80869892298, 175373.6965885094, 185073.2444214774, 199443.58041090862, 218211.25242500775]","[649.3000000000001, 819.1, 1158.8, 1398.5, 1808.1000000000001, 2147.7, 2457.4, 2797.0, 3206.6000000000004, 3786.0000000000005, 6583.0, 7402.1, 8221.2, 9210.2, 10468.9, 14015.1, 15553.400000000001, 17291.600000000002, 19199.6, 21347.3, 23664.800000000003, 26531.800000000003, 31886.100000000002, 35532.2, 39627.8, 44193.00000000001, 49547.299999999996, 55411.100000000006, 61854.20000000001, 68986.6, 75939.2, 82452.3, 88655.70000000001, 94559.4, 100353.3, 105807.5]"
5,base,1643460603,True,0.07723259925842285,264127.0763848162,131592.6,1579111.2000000002,1374,205.88053741218948,1144.1786117876218,6.612844182007965,77.97844979309076,5.9726872193115845,1.0,1.0,2.7,2.5158868244880135,1023.4461516034008,247.8846505330351,4352.236136340464,1,3.4325201334206175,False,True,5612.799941508407,4659.96930742451,6.002421495204446,"[4352.236136340464, 4967.702478508556, 5827.832429175024, 7028.436774839824, 8602.21760588403, 10577.150423768024, 12925.259727031425, 15803.033894015643, 19038.323479587252, 22692.74839760216, 24748.697335770703, 27261.61893532914, 30431.052352710292, 34077.644448138264, 38698.34249349242, 44031.779891443504, 50279.18711071402, 57551.44121735568, 66063.53000903758, 75858.41055181145, 78517.35331439978, 83001.6407988389, 89313.7587124168, 85812.76086945951, 96639.0792568068, 103449.68171860182, 113531.74929457586, 127028.01972533079, 129089.64615064248, 137292.3804550644, 150576.56028532062, 162373.57004408186, 180145.18826262566, 204098.1700070037, 231058.46130154538, 264127.0763848162]","[749.2, 1088.9, 1398.5, 1838.1000000000001, 2317.6, 2827.0, 3306.5, 3985.8, 4735.1, 5654.1, 6643.1, 7731.900000000001, 9130.400000000001, 10459.0, 12397.100000000002, 14305.100000000002, 16452.800000000003, 18870.3, 21697.300000000003, 24794.1, 28130.6, 32186.4, 36611.8, 41686.5, 47270.6, 53234.4, 60486.8, 68588.40000000001, 76759.9, 84631.6, 92563.4, 100465.1, 108127.1, 116058.90000000001, 123760.8, 131592.6]"
6,base,1643470576,True,0.0749664306640625,6334.71397490675,4355.5,52266.0,45,231.31959235209237,803.1475931595221,9.839114736262417,76.97538875708197,-33.921411817567936,1.0,1.0,2.0,5.526522985784285,195.8678493726687,826.9017712056326,-7511.844545484664,24,2.2598153702344654,True,True,-4257.7011541916345,-6517.70697013684,2.1594683406166544,"[2829.219473058871, 1659.4389461177418, 489.6584191766128, -680.1221077645162, -1139.2739161347204, -1598.4257245049246, -2000.7950201127646, -2323.5275971680785, -2646.260174223392, -2912.2102385163416, -3050.1505738092765, -3179.6814067873356, -3309.2122397653948, -3447.1525750583296, -3576.6834080363888, -3706.214241014448, -3835.745073992507, 3943.9697697079255, 5882.174549115409, 461.5230455514793, 8454.467489666029, 3339.8626403616763, 3885.6177910573238, -7511.844545484664, -5523.569394789016, -3671.7134754082585, -1819.8575560275012, 31.99836335325608, 1196.5542827340132, 1730.5927148771339, 2373.0903783351455, 3084.0872731080476, 3855.173896880964, 4615.083033416245, 5426.668888504052, 6334.71397490675]","[509.5, 509.5, 509.5, 509.5, 509.5, 509.5, 579.4, 679.3000000000001, 679.3000000000001, 749.2, 919.1000000000001, 919.0, 919.0, 919.1000000000001, 919.0, 919.0, 919.0, 1088.9, 1838.1000000000001, 2757.2, 2757.2, 3606.3000000000006, 3606.3000000000006, 3676.2000000000003, 3606.3000000000006, 3436.5000000000005, 3436.5000000000005, 3436.5000000000005, 3436.5000000000005, 3506.4, 3676.2000000000003, 3846.0000000000005, 4015.9000000000005, 4085.8, 4185.7, 4355.5]"
7,base,1643480549,True,0.07688426971435547,142580.6841486464,48029.700000000004,576356.4,503,213.10552148870735,569.0866865296192,13.582423205702613,79.96390581342618,4.1315220980264,1.0,1.0,2.225806451612903,2.609022707279626,517.0028506193601,341.0573208919584,3924.050106385138,1,3.9608738569376856,False,False,4450.919076858021,4020.848886516485,2.93256660059445,"[3924.050106385138, 4117.647666647832, 4562.009546928084, 5355.77743657382, 6612.221845271459, 8331.342773021002, 10438.721831119241, 13008.777408269383, 15984.874249628221, 19412.687833036867, 21128.053190340626, 23183.868877027428, 25540.174893097268, 28059.477428219016, 31215.737746601357, 34593.24364920995, 38455.19208023593, 42778.25829452251, 47516.69915820969, 52700.33780515746, 58317.13423536584, 64480.35895852123, 71083.89688656516, 66474.49056143365, 74599.78200604409, 83102.20013230474, 92792.7906912266, 94843.95368280966, 97910.96605124505, 101815.22610718485, 106788.2340954649, 112827.07722512692, 119774.56498648447, 128074.87550988627, 137748.16099436666, 142580.6841486464]","[749.2, 1088.9, 1398.5, 1838.1000000000001, 2417.5, 2996.9, 3476.3, 4055.7000000000003, 4565.200000000001, 5144.6, 5793.900000000001, 6543.1, 7292.300000000001, 7871.700000000001, 8960.6, 9779.7, 10798.7, 11887.6, 12946.400000000001, 14035.3, 15124.200000000003, 16352.900000000001, 17511.6, 19080.0, 20778.2, 22106.9, 24254.600000000002, 26402.300000000003, 28749.9, 30967.500000000004, 33415.0, 35972.3, 38389.8, 41286.700000000004, 44453.4, 48029.700000000004]"
8,base,1643490522,True,0.07346081733703613,494898.2840223654,158295.2,1899542.4000000001,1648,191.93157379835034,1271.284693188612,6.024682219410906,79.08281472869746,10.102701208404058,1.0588812561334642,1.0,3.025,2.3674463769299288,1984.9928500931892,354.6129067660922,4290.895494251096,1,5.4253917184298,False,True,5761.593156748878,4611.948817955642,6.915506575601551,"[4290.895494251096, 4933.002141660188, 6037.790161778441, 7605.2595546058565, 9691.645429918019, 12376.92910959446, 15637.948013523952, 19468.414553096183, 23788.683838086738, 28707.012300150738, 32425.70977056664, 44618.42115113473, 46101.7491775911, 53571.925726915884, 62644.70689332114, 64750.64250808532, 68716.53394391759, 74425.29445240088, 82385.24990819609, 100557.89734167691, 103195.42687452254, 114328.89327717182, 129234.66907549195, 120863.34487730678, 129919.25535328955, 144849.47062133218, 158519.65813188764, 178141.85172435074, 203454.56625301065, 238983.95203875803, 272115.36734205583, 310282.17966741056, 353125.4401760966, 395525.3953775129, 439078.0525501566, 494898.2840223654]","[819.1, 1258.7, 1838.1000000000001, 2417.5, 3066.8, 3816.0000000000005, 4565.200000000001, 5654.1, 6812.9, 8141.5, 9809.800000000001, 11577.900000000001, 16243.100000000002, 18560.6, 21727.300000000003, 25233.7, 29319.5, 33545.0, 38479.9, 44064.100000000006, 52645.100000000006, 60067.40000000001, 68508.70000000001, 76889.90000000001, 85061.40000000001, 92413.70000000001, 100415.40000000001, 107867.70000000001, 114990.2, 121863.1, 128536.20000000001, 134839.6, 140693.50000000003, 146787.2, 152611.10000000003, 158295.2]"
9,base,1643500495,True,0.0748133659362793,163385.3315530273,75960.40000000001,911524.8,796,232.09280807446805,1032.4535000267765,7.656437421018386,80.30695215952719,6.779526247576818,1.0,1.0,2.3846153846153846,3.0062849175627893,603.6888814709471,231.529593892595,4390.871005807073,1,2.658332021822461,False,True,5697.817603703947,4722.952631511502,4.695075959938077,"[4390.871005807073, 5055.03425721593, 5912.0787191999525, 6962.004391759142, 8420.893361830596, 10208.28473616852, 12404.63940801871, 14930.546342354546, 17828.579341901896, 20999.985797626196, 22485.26660277324, 24300.67191600772, 26474.451895994313, 28977.596684513846, 32028.248084941773, 35517.51623905892, 39638.24235744044, 44294.54644008634, 49622.04968068793, 55553.841937464385, 62146.17336908039, 69587.16606247304, 78016.94152866301, 75473.59141236107, 77625.27722458789, 80711.44791343299, 85593.6993393398, 91901.7320951086, 100007.24888545136, 109880.38135507886, 115290.25043909534, 122848.8098522648, 132484.34917733553, 144779.04365697605, 160175.33450176154, 163385.3315530273]","[749.2, 1088.9, 1328.6000000000001, 1568.3, 2077.8, 2487.4, 2996.9, 3406.4, 3885.9, 4465.3, 5144.6, 5893.800000000001, 6712.9, 7532.1, 8620.900000000001, 9709.8, 11038.400000000001, 12367.000000000002, 13865.5, 15363.9, 16932.2, 18770.300000000003, 20918.100000000002, 23265.600000000006, 25922.800000000003, 28410.200000000004, 31886.600000000002, 35392.9, 39378.8, 43564.40000000001, 48099.600000000006, 53034.5, 58079.200000000004, 63903.100000000006, 69966.70000000001, 75960.40000000001]"
10,base,1643510468,True,0.0741114616394043,50882.64597034913,11398.300000000001,136779.6,117,336.384685466097,572.8853806666868,13.635948602336196,77.97115454793402,-5.530350213468492,1.0,1.0,1.45,3.659349278871005,134.9276915431213,741.0156645215355,7864.790503829846,2,8.837179532961592,False,True,9587.452924871644,8345.089799250029,2.0047170867955364,"[11821.55965030325, 7864.790503829846, 8825.38909467021, 9841.474201605455, 10937.814176491234, 12169.895535422429, 13457.463410448503, 14877.55930205419, 16353.141709754756, 17964.465501500737, 17711.530677292136, 17671.378737613682, 17686.71331403011, 17757.534406541414, 17964.096883098133, 18383.442244185, 26608.511618121054, 22491.004028720272, 23761.66295541437, 25084.616750059, 26423.097060798515, 27813.872239488563, 29220.17393427349, 18811.29851358857, 20485.730993043937, 22200.024856544722, 24170.154636765415, 26380.455201656554, 28710.7116832676, 31204.097449064357, 33937.693999531555, 36871.5013346692, 40005.51945447728, 43395.234875050686, 47012.68759638942, 50882.64597034913]","[579.4, 1428.5000000000002, 1598.4000000000003, 1668.3000000000002, 1768.2, 1938.0000000000002, 2007.9, 2177.8, 2247.7000000000003, 2417.5, 2587.3, 2857.1000000000004, 2927.0, 2996.9, 3166.7000000000003, 3436.5000000000005, 3606.3000000000006, 5274.6, 5344.5, 5444.400000000001, 5514.3, 5614.200000000001, 5684.1, 5953.900000000001, 6193.6, 6363.4, 6773.0, 7282.500000000001, 7692.1, 8101.6, 8611.1, 9120.6, 9630.1, 10209.5, 10788.900000000001, 11398.300000000001]"
11,base,1643520441,True,0.07913446426391602,604831.8285403652,179153.2,2149838.4000000004,1868,179.3875140320238,1240.3660883130758,6.134185176059711,78.54684056829525,18.666412506682306,1.1177625122669284,1.0,2.981132075471698,2.1983318131169693,2443.049285584855,142.78491518147212,8768.475319575506,2,6.884164483764631,False,True,11619.058885427141,9766.170747551449,7.277127745387791,"[11904.12312206039, 8768.475319575506, 10763.866175527393, 13218.126726387369, 16211.505754327236, 19645.041367185666, 23560.37173414931, 28003.781556693077, 33168.03997471099, 39189.75625962498, 44149.6038293178, 50238.074814353924, 57625.93427393049, 66235.53105598326, 68326.71277748613, 72296.15163476754, 78481.09031713216, 87277.07887721031, 99036.7204935568, 107692.64113810503, 120124.90849359285, 120171.53079777223, 127750.7387792212, 129415.69445011001, 142447.3032498212, 161877.16091910307, 188058.04051154933, 217556.92119139445, 253131.44968161313, 294533.3336394161, 336242.0017126845, 379906.9583370748, 428617.8056749441, 482406.325651199, 541136.2556301284, 604831.8285403652]","[819.1, 2587.3, 3066.8, 3646.2000000000003, 4325.5, 5074.7, 6063.700000000001, 7222.4, 8720.900000000001, 10559.0, 12666.800000000001, 15154.2, 18051.2, 21048.0, 25063.9, 29459.3, 34464.0, 40288.0, 46961.0, 54523.1, 63104.200000000004, 72943.9, 82444.0, 91504.5, 100355.3, 108426.9, 116938.00000000001, 124909.7, 132571.7, 139924.1, 147006.7, 153889.5, 160252.90000000002, 166656.2, 172889.7, 179153.2]"
12,base,1643530414,True,0.07345914840698242,263700.5498717892,136904.9,1642858.7999999998,1451,161.16844129349028,925.9566434645462,8.37126266911449,79.49268070983891,11.637465980041483,1.0,1.0,3.2857142857142856,2.2155918038654594,6630.01374679473,189.65362384834978,1387.7638062310377,5,3.4609100251185327,False,True,1522.690935480259,1430.0846837061524,5.8927982863241475,"[3113.617631307596, 2365.2054186567048, 1883.8439947642241, 1539.4527269132564, 1387.7638062310377, 1472.405561181267, 1771.7224871443807, 2290.1498812320324, 3064.570411246844, 4308.529092160186, 5930.541221083715, 8104.459621861563, 10845.828676748206, 14124.23415953068, 18282.85434720629, 23224.95832491785, 29199.142655210817, 36175.88124366428, 44340.83910524959, 53888.19857629927, 56436.740612449474, 60806.418349627376, 67276.23647133421, 64054.9087570503, 75609.18223744564, 83722.74490737723, 95601.24271806552, 94607.2761675778, 100555.96868253236, 112233.49931812928, 123033.10488324132, 140419.91555402434, 164094.48924460827, 191163.56869369443, 224408.94878032705, 263700.5498717892]","[649.3000000000001, 819.1, 1158.8, 1328.6000000000001, 1568.3, 1977.9000000000003, 2457.4, 2966.8, 3546.2, 4435.3, 5354.3, 6513.1, 7811.700000000001, 9140.300000000001, 10908.4, 12786.400000000001, 15034.100000000002, 17421.500000000004, 20118.600000000002, 23215.4, 26661.700000000004, 30687.4, 35352.5, 40606.9, 46740.40000000001, 53593.200000000004, 61774.5, 71084.6, 80185.0, 88775.90000000001, 97296.90000000001, 105578.1, 113489.70000000001, 121531.2, 129303.0, 136904.9]"
13,base,1643540387,True,0.08996415138244629,731146.5449418426,198581.5,2382978.0,2085,160.43221208652142,1259.290831872756,6.000000000000001,79.50004587688802,15.32348955760056,1.1177625122669284,1.0,3.4318181818181817,1.9850300748799143,2969.360603924344,105.81505429742585,4352.124064822297,1,7.969081804893785,False,True,6061.377335314493,4729.485929642615,8.176753525685935,"[4352.124064822297, 5106.847794462932, 6379.5538489316805, 8190.658045292668, 10598.351713550785, 13652.030417307546, 17190.513807115054, 21280.979186569013, 26080.6876927531, 31809.207660480766, 36447.913383890045, 42277.65289367101, 49520.225854642005, 58166.82207388182, 68866.56955102224, 73187.99923022575, 80077.79196405508, 89772.44140734329, 96502.06113320426, 107132.95736488112, 122316.14189909908, 127244.16149708477, 139328.23502175452, 139743.72251896048, 159876.76380095823, 187209.38354291965, 218994.75888192846, 257842.91620382704, 298365.24936154636, 341932.3891773274, 391895.9181234354, 448060.8493927916, 510025.58832057775, 577938.5524345284, 651671.7400239729, 731146.5449418426]","[819.1, 1328.6000000000001, 1977.9000000000003, 2657.2000000000003, 3406.4, 4225.6, 5144.6, 6303.400000000001, 7771.8, 9679.8, 11787.600000000002, 14344.900000000001, 17411.7, 20718.2, 24973.800000000003, 29778.700000000004, 35432.8, 41806.100000000006, 49368.1, 58089.0, 68208.4, 78907.1, 89296.2, 99345.70000000001, 109055.50000000001, 118116.00000000001, 127486.10000000002, 136376.80000000002, 145167.6, 153409.00000000003, 161450.5, 169252.3, 176544.60000000003, 184036.8, 191359.1, 198581.5]"
14,base,1643550360,True,0.17711377143859863,145274.79647879797,36043.2,432518.39999999997,368,339.60922579602027,694.2104364190712,11.417637491121772,76.3758692329443,0.8701192287084457,1.0,1.0,2.16,3.3353915918632993,528.2283186616582,695.4586822543528,4176.816141061017,1,5.852793052894296,False,True,9363.883127598585,6298.200218948174,2.5438675409029496,"[4176.816141061017, 12146.413159927395, 8419.58429683533, 9678.64940451967, 11124.471809489398, 20498.95996526371, 17663.41454505021, 20506.496429178518, 23355.233179249626, 26495.00210666177, 27732.700780072366, 36813.09762857371, 41219.29304695439, 38503.35872443765, 41603.94145226116, 44791.32135905453, 48348.610740474316, 51964.697300863954, 55900.82091159385, 60133.80900563541, 64685.574007274794, 69478.24349222584, 74676.70233348777, 68319.69038831815, 74374.5576637734, 80619.23685551173, 87645.48501387337, 95186.23213180192, 103326.66064063995, 111896.80067607349, 128836.4905559357, 133042.03566632993, 130759.14000245008, 134727.16290844957, 139551.59424864236, 145274.79647879797]","[579.4, 679.3000000000001, 1768.2, 1938.0000000000002, 2177.8, 2447.5, 3776.1, 4045.9000000000005, 4185.7, 4625.3, 4964.9, 5304.6, 7142.700000000001, 8811.0, 9420.4, 9829.9, 10509.300000000001, 10918.800000000001, 11528.2, 12207.5, 12956.8, 13636.100000000002, 14485.200000000003, 15474.2, 16493.2, 17242.4, 18601.000000000004, 19929.600000000002, 21358.2, 22616.9, 24075.4, 27032.4, 30059.300000000003, 31897.400000000005, 33905.4, 36043.2]"
15,base,1643560333,True,0.23419189453125,357308.86595070985,132680.9,1592170.7999999998,1391,218.6823298233444,1172.7846117325064,6.714796284249619,81.02983715224123,6.715759405936553,1.0588812561334642,1.0,2.8043478260869565,2.662323526561322,1411.7036081279578,242.04888835303043,3506.7908303156346,2,4.822740516473903,False,True,3820.323756080995,3546.2147905805978,5.759460058565947,"[3585.638750845561, 3506.7908303156346, 3898.552091159473, 4841.870144778509, 6394.284359779957, 8749.429957520288, 11852.15869665168, 15815.158187129171, 20468.609303640296, 25823.745131514814, 29895.212650761372, 34855.54356832488, 40812.5842313748, 47324.723565805405, 55437.12943849762, 64635.64536530941, 75315.8017904001, 78859.29808237692, 84208.78342261362, 91351.9324025203, 108051.95024248335, 114947.48001855382, 123105.19814565765, 121997.1538051686, 136079.23964261112, 136995.8334551737, 143862.51077429237, 155027.71480719195, 171646.59379522022, 185565.76055844984, 204491.33733822865, 227989.24120625522, 255884.46692944854, 285236.9430036752, 319044.27930167585, 357308.86595070985]","[989.0, 1398.5, 1977.9000000000003, 2657.2000000000003, 3406.4, 4395.400000000001, 5314.400000000001, 6373.300000000001, 7462.200000000001, 8860.7, 10429.0, 12297.1, 14444.900000000001, 16183.0, 19010.1, 21737.2, 24903.9, 28140.5, 31956.5, 36042.200000000004, 40337.7, 47250.5, 52734.700000000004, 58798.30000000001, 65711.1, 72254.3, 79576.6, 86219.6, 92932.6, 99026.20000000001, 105189.80000000002, 110813.8, 116228.20000000001, 121712.40000000002, 127196.70000000001, 132680.9]"
16,base,1643570306,True,0.16673851013183594,304829.64365121286,123463.00000000001,1481556.0000000002,1270,179.01263233894642,694.1668374867912,11.207638741106257,77.37444857885528,15.854208062977806,1.0,1.0,2.522727272727273,2.283043765414807,1193.0401818800533,251.9963546791937,8686.864237083231,2,3.980546016552012,False,True,11585.242020265849,9606.144424995651,4.0744833763713295,"[11938.514489385107, 8686.864237083231, 10525.424612908073, 12691.338825915309, 15255.408129494157, 18193.99447562663, 21504.080374775607, 25132.286057202036, 29257.12192077169, 33882.69906194313, 37088.76662519292, 41013.87500838683, 45709.411404019396, 50865.347366206865, 57182.59033536863, 64576.74305222852, 73131.61020949238, 82901.7666567967, 93224.8890629053, 93722.25730850757, 101095.30206784714, 110638.12632258295, 116221.83430776317, 112563.05541578923, 124067.20107420383, 138146.7114997295, 140676.38248153066, 148010.35868810056, 158912.9709749627, 174109.7022995634, 185775.4337642482, 201281.0636278707, 220387.63410168904, 243334.10297444504, 277513.1370227125, 304829.64365121286]","[919.1000000000001, 2517.4, 2857.1000000000004, 3266.6000000000004, 3776.1, 4255.6, 4934.900000000001, 5684.1, 6703.1, 7861.9000000000015, 9190.5, 10788.900000000001, 12587.1, 14085.5, 16333.2, 18850.600000000002, 21607.7, 24564.700000000004, 27901.300000000003, 34434.5, 38890.0, 43924.8, 49638.9, 56072.3, 63384.8, 69948.1, 76890.9, 83014.6, 88968.5, 94442.9, 99687.40000000001, 104582.4, 109177.70000000001, 114072.7, 118667.90000000002, 123463.00000000001]"
17,base,1643580279,True,0.11502671241760254,125219.66217236515,26682.4,320188.80000000005,276,236.2312203463937,460.61216590385135,16.780159094534714,77.66628608530242,1.6839878344947523,1.0,1.0,3.4761904761904763,2.6635314754558275,444.6652590515215,738.0826589781823,4267.695521412319,1,4.831496051340652,False,True,5116.1203703648935,4469.359871588121,2.1490849531276712,"[4267.695521412319, 4671.0242217639225, 5264.485753231884, 6071.452964185681, 7147.5995242794925, 8413.878915489664, 17633.052004336227, 15313.702454901786, 18191.192905467346, 28831.357213814386, 25557.135894690546, 27518.380745767437, 29680.884945984344, 31763.09580711688, 34165.485526674536, 36582.16807734855, 39306.69614736331, 42017.55704849443, 45036.263468966295, 48175.9358994938, 51476.53434007695, 54961.34463034666, 58753.03994924223, 50815.8741093098, 55291.89313785813, 59887.544346662835, 65035.42673704101, 70516.24065681557, 76357.81909724796, 82639.24857636186, 89297.06923704922, 96557.00077627298, 104041.81683615458, 112291.16293603477, 128673.78010257866, 125219.66217236515]","[749.2, 919.1000000000001, 1158.8, 1428.5000000000002, 1768.2, 2007.9, 2417.5, 4425.400000000001, 4425.400000000001, 4595.2, 6842.9, 7012.700000000001, 7352.400000000001, 7422.3, 7861.9000000000015, 8101.6, 8611.1, 8850.800000000001, 9360.3, 9769.9, 10179.5, 10619.0, 11228.400000000001, 11877.7, 12726.9, 13306.3, 14295.2, 15214.300000000001, 16133.300000000003, 17152.300000000003, 18141.2, 19400.0, 20319.0, 21747.5, 23106.100000000002, 26682.4]"
18,base,1643590252,True,0.1119835376739502,792667.0073076311,192919.19999999998,2315030.4,2008,164.24260098955608,1200.430213753549,6.487685009742308,80.39461058878707,15.351982985800156,1.1177625122669284,1.0,3.576923076923077,2.061662166603479,3225.695863781796,119.52450604526646,4096.244479868427,1,9.057119399568165,False,True,5571.943843230851,4377.56565837309,7.664899396090224,"[4096.244479868427, 4658.886836877752, 5876.296178681884, 7697.117782370407, 10259.366032686816, 13614.395652541525, 17775.02303673493, 22638.994944697115, 28380.34032737944, 35248.03721862535, 41349.37968977323, 48978.86031611259, 58462.656818081756, 61322.02344848348, 66931.75974264026, 75433.9685661393, 87469.17491285704, 97025.28529748059, 111349.03878522481, 113576.15555755407, 123520.44301441703, 139811.99220486236, 155675.06208231347, 166324.4188900165, 195622.05024322798, 227860.94773491466, 266610.10738736624, 311323.5984801444, 356640.06629033876, 403955.47366371885, 456608.74291368976, 514376.09869300283, 576769.0838226659, 643983.1842288683, 715954.8075516287, 792667.0073076311]","[919.0, 1498.4, 2317.6, 3066.8, 3985.8, 4974.8, 6233.5, 7731.900000000001, 9570.0, 11887.6, 14574.800000000001, 17811.4, 21727.300000000003, 26012.9, 31567.1, 37930.5, 45492.600000000006, 54173.6, 64422.90000000001, 74672.3, 84272.3, 93532.59999999999, 102523.3, 110964.5, 119235.90000000002, 126628.20000000001, 134729.80000000002, 142152.1, 149504.40000000002, 156347.30000000002, 162990.40000000002, 169353.80000000002, 175107.80000000002, 181101.5, 187025.40000000002, 192919.19999999998]"
19,base,1643600225,True,0.14758563041687012,8443.164564035973,4934.900000000001,59218.8,51,104.19754263709504,526.4967759513801,14.64456590137138,77.44116352212693,-21.23373666287185,1.0,1.0,1.4285714285714286,3.8061349226660135,248.5791141008993,660.5000133016886,-11725.436569215668,24,2.8327909261156616,True,True,-5023.14213283876,-11336.11203625382,2.2045814565083903,"[2771.8419149636456, 1544.683829927291, 373.4795170924656, -797.7247957423599, -1201.5097139021193, -1526.2464940619222, -1850.9832742217252, -2175.720054381528, -2500.456834541331, -2769.2398424996045, -2907.7653612221375, -3041.546458978926, -3045.0700674999734, -3048.5936760210216, -2917.115374340584, -2729.683300458617, -2463.2030885766935, -2196.72287669477, -1874.2888926113178, -1421.5974192921249, -968.9059459729319, -460.26070045221013, 127.43268306846812, -11725.436569215668, -10946.787503291975, -2495.249161952839, -1507.2944687934494, -463.3860034325305, 659.570599928345, 8634.667740141935, 3758.1301895863053, 4548.370128266417, 5349.698204946484, 6222.973826029611, 7254.379495314179, 8443.164564035973]","[509.5, 509.5, 579.4, 579.4, 579.4, 679.3000000000001, 679.3000000000001, 679.3000000000001, 679.3000000000001, 749.2, 919.1000000000001, 919.0, 1088.9, 1088.9, 1258.7, 1328.6000000000001, 1428.5000000000002, 1428.5000000000002, 1498.4, 1668.3000000000002, 1668.3000000000002, 1738.2, 1838.1000000000001, 2007.9, 2077.8, 2077.8, 2347.6, 2417.5, 2517.4, 2757.2, 3915.9, 4085.8, 4185.7, 4325.5, 4595.2, 4934.900000000001]"
20,base,1643610198,True,0.17890501022338867,91609.10833869646,21498.000000000004,257976.00000000006,220,283.62062208200604,756.2296612628056,10.674524024498496,80.94058435098616,0.8776505542865927,1.0,1.0,2.0555555555555554,3.1692737555565134,304.6212847445686,492.2197375416933,4326.880856260364,1,9.245242264224183,False,True,5338.012260020685,4585.912554953245,2.9740520069303202,"[4326.880856260364, 4844.944253646125, 5502.368262145538, 6299.152881758606, 7235.298112485327, 8443.303530196854, 9848.352524276277, 11525.261705340507, 13399.214462772632, 15545.027407189566, 15911.878608579564, 16608.27296220861, 17496.708055774216, 18388.623760453473, 19542.162617371778, 20728.90505065798, 22173.305316788403, 23720.58680514613, 25461.571445742906, 27449.936884438142, 29513.223545360685, 31827.89632377652, 34361.98990029081, 25242.864886017225, 28320.92363509634, 31636.126147528157, 35542.01025615689, 39754.231065716565, 44494.9364367274, 49598.52872332999, 55193.50660662624, 61314.76669723306, 67898.31431454529, 75170.3266802935, 83029.74482972016, 91609.10833869646]","[679.3000000000001, 919.1000000000001, 1088.9, 1258.7, 1428.5000000000002, 1768.2, 2007.9, 2347.6, 2587.3, 2927.0, 3196.7, 3606.3000000000006, 3946.0, 4115.8, 4525.400000000001, 4765.1, 5204.700000000001, 5544.3, 5953.900000000001, 6463.4, 6803.0, 7282.500000000001, 7792.0, 8471.300000000001, 9050.7, 9630.1, 10649.1, 11528.2, 12617.1, 13606.100000000002, 14694.900000000001, 15883.7, 17042.5, 18471.100000000002, 19899.600000000002, 21498.000000000004]"
21,base,1643620171,True,0.09897708892822266,88099.12729223966,18761.0,225132.0,190,410.6505350587026,1294.0032135846882,6.000000000000001,77.16591138435899,-1.1039038382219082,1.0,1.0,2.375,4.67722141079484,289.99636371766525,426.2508059635885,4645.06382974734,1,9.810532694232297,False,True,6030.774817555728,4996.502522940151,3.3238870960964024,"[4645.06382974734, 5347.941216132963, 6258.386018029983, 7304.582518516584, 8486.530717592768, 17506.788816630928, 14257.470982193387, 16640.424846345428, 19163.026126008866, 21713.45910426189, 22252.785639153193, 22899.90387263408, 23686.66952162636, 24501.266869208226, 25569.138745578057, 26665.735877175754, 27930.83398092313, 29195.803783260086, 30736.17269969802, 32421.89614492392, 34158.469430690704, 36165.17080188373, 38323.391287177736, 36230.142239414505, 33741.149389333325, 36945.00920999141, 40402.01525802704, 44106.33211875323, 48080.64876349525, 52296.44080624085, 56920.98649187539, 61719.611961525756, 74447.26887026857, 74857.99181723432, 81253.82010567858, 88099.12729223966]","[679.3000000000001, 749.2, 1019.0, 1188.8, 1358.6000000000001, 1598.4000000000003, 2857.1000000000004, 3026.9000000000005, 3296.7000000000003, 3466.5000000000005, 3536.4, 3706.2000000000003, 3976.0, 4145.8, 4555.4, 4795.1, 5134.8, 5304.6, 5744.200000000001, 6153.800000000001, 6423.5, 6903.000000000001, 7342.6, 7682.200000000001, 9450.4, 9959.900000000001, 10539.300000000001, 11148.7, 11798.0, 12437.4, 13286.600000000002, 13935.900000000001, 14615.2, 16653.100000000002, 17672.1, 18761.0]"
22,base,1643630144,True,0.2300412654876709,18874.346189103293,7801.8,93621.6,82,192.21892698786192,535.7609065831481,14.750683095787556,80.61955511976466,-14.180715981849197,1.0,1.0,3.7142857142857144,3.0227989801102058,509.3586547275823,611.5330238413082,-4774.263557690812,24,4.595765786906416,True,True,-1756.093336026696,-3582.2590471131225,2.420411216999987,"[2897.343298287778, 1795.686596575556, 750.8919765834701, -293.90264340861586, -682.4055778671225, -989.4283847436255, -1239.5891098999923, -1432.887753336223, -1544.7062691904505, 6247.04696906016, 918.9553588081371, 1116.2858302762506, 1285.656301744364, 1398.1646914923413, 1676.9752905424584, 2082.6785365297897, 2530.8039918192603, 3049.3516564108704, 3638.32153030462, 4216.233485918506, 4904.13600674947, 5580.94060930057, 6368.127421153809, -4774.263557690812, -2390.2545365354326, -63.107597100189196, 2458.8519892722684, 3595.2159942490057, 4928.894855465097, 6293.938007703464, 7977.736143763187, 9872.369263644268, 11758.406674547627, 13938.581023410472, 16341.590356094675, 18874.346189103293]","[509.5, 509.5, 579.4, 579.4, 579.4, 679.3000000000001, 749.2, 819.1, 919.0, 1088.9, 2417.5, 2487.4, 2487.4, 2417.5, 2587.3, 2827.1000000000004, 2996.9, 3166.7000000000003, 3336.5, 3406.4, 3576.3, 3646.2000000000003, 3816.0000000000005, 3985.8, 3985.8, 3915.9, 4155.7, 4495.3, 4904.900000000001, 5144.6, 5654.1, 6163.6, 6403.300000000001, 6882.799999999999, 7392.3, 7801.8]"
23,base,1643640117,True,0.20832014083862305,46064.73963322414,12127.300000000001,145527.6,127,363.3178162570938,615.9791400181509,12.556472150972908,78.86227660202758,-22.74515542453204,1.0,1.0,1.6111111111111112,4.121775951630859,114.85308180510062,986.3968622782457,3905.7782699068202,2,7.51771294569576,False,True,4055.801727012188,3914.8827868811086,1.9325063802175708,"[3923.987303855397, 3905.7782699068202, 4099.739868064452, 4407.308790614136, 4932.712957675607, 5646.575627881432, 6497.757751441164, 7486.259328354801, 8531.564567464466, 9789.040438680338, 9160.123634288264, 8668.526283250096, 8445.903226514161, 8280.083831974254, 8332.099681946132, 8572.574035062367, 9007.171503728532, 9522.284763552578, 10225.85652652098, 11066.747742843287, 19768.13815234392, 15621.337409917265, 24895.22798963079, 9251.657858066346, 11338.690842051838, 13386.647488233355, 15812.937882071015, 18441.722023564816, 21249.2877837529, 24196.496112844827, 27329.394527396867, 30692.746689605046, 34126.93775852104, 37807.87044613132, 41840.61633475165, 46064.73963322414]","[749.2, 819.1, 1088.9, 1228.7, 1498.4, 1738.2, 1908.0000000000002, 2077.8, 2147.7, 2417.5, 2557.3, 2727.1, 3066.8, 3136.7000000000003, 3406.4, 3646.2000000000003, 3885.9, 3985.8, 4225.6, 4395.400000000001, 4465.3, 5624.1, 5724.0, 6882.799999999999, 7122.5, 7192.4, 7701.900000000001, 8211.400000000001, 8690.9, 9100.400000000001, 9540.0, 10049.5, 10389.1, 10868.6, 11547.900000000001, 12127.300000000001]"
24,base,1643650090,True,0.09642410278320312,496969.23127835593,161471.2,1937654.4000000001,1688,176.9102344399588,857.1330258198807,9.207926868858172,79.3072819264013,8.61479378318268,1.1177625122669284,1.0,4.121212121212121,2.059526979927678,1993.6217969931497,534.8215663257167,4297.430499917056,1,5.747533189957773,False,True,5596.060947597987,4581.271280478323,5.171598367089306,"[4297.430499917056, 4865.11206103959, 5839.710576450786, 7146.555731560366, 8917.232694490624, 11094.826611709543, 21511.511607484652, 21075.136127050315, 25976.359094135038, 31547.351569944298, 35864.56976215156, 40883.08924924973, 46895.07522101541, 53799.643255941504, 62032.70516184869, 71598.67333242958, 74374.53824301771, 78968.66271933063, 85669.07856918902, 94815.60658251669, 106825.61168578782, 115690.69614050232, 128328.04870876952, 116593.61510698743, 124202.65835921309, 145417.44005693245, 158085.57453010336, 184863.947472825, 210115.2105791143, 238180.71322286612, 271922.7915109973, 311203.7815504246, 355673.6852403914, 399965.5887273657, 445913.3281973667, 496969.23127835593]","[819.1, 1158.8, 1668.3000000000002, 2077.8, 2657.2000000000003, 3166.7000000000003, 3746.1000000000004, 7392.3, 8381.2, 9709.8, 11308.2, 12976.400000000001, 15054.300000000001, 17202.0, 19929.100000000002, 22956.0, 26602.2, 30687.9, 35353.0, 40737.4, 47000.9, 54223.3, 62534.600000000006, 72444.3, 81604.7, 90255.70000000001, 98836.70000000001, 106738.40000000001, 114540.30000000002, 121792.70000000001, 128875.3, 135788.1, 142261.30000000002, 148664.6, 155097.90000000002, 161471.2]"
25,base,1643660063,True,0.0701451301574707,111726.1225760648,24394.4,292732.80000000005,256,232.3591132560188,548.0027575366535,14.093491216681276,80.29030604860026,1.9724098913483081,1.0,1.0,1.9545454545454546,2.720495892863067,388.4421774002698,457.97695881844567,4174.894972064586,1,9.877596103111038,False,True,4926.06123082841,4331.9193149492085,2.6474402445237244,"[4174.894972064586, 4488.943657833831, 5071.7670884932695, 5850.23672628706, 6897.481108971045, 8221.032919064348, 9870.851967477538, 11716.317223025078, 13830.557223462813, 16221.104651309866, 16937.919317476808, 17809.998664167753, 18993.12646945355, 20160.567799354572, 21623.3815435243, 23301.363746288884, 25239.966901078013, 27353.73851446199, 29597.510048684984, 32061.241314657553, 34740.101039224974, 37737.07420924663, 41076.9020449975, 32873.41430450838, 37031.01494345312, 41342.9290278521, 46323.96501630017, 51582.209384182104, 57401.69565611314, 63555.882800907726, 70243.3518497514, 77396.14280264417, 84956.76316615634, 93171.98787426754, 102106.41440726683, 111726.1225760648]","[649.3000000000001, 819.1, 1158.8, 1398.5, 1738.2, 2077.8, 2487.4, 2727.1, 3066.8, 3406.4, 3816.0000000000005, 4055.7000000000003, 4565.200000000001, 4805.0, 5284.400000000001, 5793.900000000001, 6373.300000000001, 6882.799999999999, 7292.300000000001, 7771.8, 8281.300000000001, 8930.6, 9679.8, 10628.900000000001, 11547.900000000001, 12197.2, 13356.0, 14275.0, 15433.800000000001, 16422.7, 17581.5, 18740.300000000003, 19829.2, 21187.800000000003, 22756.1, 24394.4]"
26,base,1643670036,True,0.07755708694458008,1145484.5399259604,225953.1,2711437.2,2369,146.92992597589623,1296.3835011278798,6.000000000000001,81.24955088597102,21.055152214393026,1.1766437684003925,1.0,4.051724137931035,1.7968085577608293,4695.768916358168,100.76482643016271,4233.332071103335,1,13.075756973113672,False,True,6028.6169881524,4615.200639085255,9.140134312405074,"[4233.332071103335, 4997.069207067176, 6372.466248514142, 8499.818452098512, 11429.604696686296, 15302.12023893177, 19966.63240266619, 25561.95934495047, 32373.79972317275, 40607.239307295866, 48638.40204104634, 58849.268245938954, 63048.072252047794, 69952.53912423336, 80799.2976496048, 89505.13238247411, 111277.62885258198, 113163.02844773207, 124457.01810234967, 135995.26858363757, 155883.191994672, 183956.2806542077, 216808.77586661314, 245258.99884662768, 287757.74860954913, 333469.54825845367, 386407.1419707764, 446115.8249851139, 512397.2646287802, 584705.4089494895, 662974.6579940445, 754908.1702101789, 844338.5901900282, 939316.7956609259, 1039734.2683279745, 1145484.5399259604]","[1088.9, 1738.2, 2487.4, 3406.4, 4395.400000000001, 5554.200000000001, 7052.6, 8930.6, 11348.1, 14275.0, 17921.2, 22386.5, 27631.000000000004, 33524.8, 41256.700000000004, 50317.2, 61185.8, 73243.20000000001, 84791.1, 95829.5, 106078.8, 116128.30000000002, 125668.20000000001, 134998.5, 144029.0, 152270.40000000002, 161131.0, 169442.30000000002, 177513.90000000002, 184906.10000000003, 192228.50000000003, 199381.0, 205924.1, 212737.0, 219410.00000000003, 225953.1]"
27,base,1643680009,True,0.06991124153137207,460498.6910759436,157932.2,1895186.4000000001,1678,173.92516982979538,1105.1832511191342,7.002031342087979,80.57016282668758,12.987395653224842,1.0,1.0,3.0833333333333335,2.2378953492200915,1841.6612128164318,110.88998851002826,4472.149753580589,1,5.380957926907274,False,True,6123.925525353202,4872.603332790436,6.614405476735933,"[4472.149753580589, 5273.056912000283, 6407.548396470842, 8007.960413638983, 10074.292963504702, 12606.546046068004, 15720.514766496743, 19247.576366937607, 23161.244755793003, 27753.670350711385, 31034.82326674188, 35090.73079367447, 40080.18810408284, 45916.92628111025, 53189.06898531277, 61735.099344548864, 71970.83795749501, 75330.0859563647, 80770.0020101683, 88599.26279227126, 98944.67768624896, 106022.42269997204, 116657.26275816784, 119298.36078991869, 122573.17539825608, 132899.88298860285, 149379.73168036318, 164914.81288331488, 187093.0376059123, 215397.0601663357, 246631.4623663927, 283553.5320335096, 325669.5704730573, 367801.9128916825, 411622.3981615269, 460498.6910759436]","[819.1, 1228.7, 1638.2, 2217.6000000000004, 2797.0, 3376.4000000000005, 4125.6, 5014.700000000001, 5933.700000000001, 7232.299999999999, 8730.7, 10438.9, 12446.800000000001, 14494.600000000002, 17291.600000000002, 20258.4, 23834.700000000004, 27620.600000000002, 32085.9, 37270.4, 42964.3, 49717.1, 57488.9, 66319.5, 75799.40000000001, 84560.20000000001, 93560.6, 101881.7, 110133.0, 117734.9, 125097.1, 132159.6, 138602.7, 145215.7, 151658.90000000002, 157932.2]"
28,base,1643689982,True,0.07579517364501953,1931.8863384483589,3676.2000000000003,44114.4,38,77.0385084840492,414.75776430751483,18.67387663972145,79.55104843224996,-14.705910520580622,0.8,0.8,2.0,2.406598274353247,85.79715846120895,511.0430213819202,-11512.188119679122,24,0.8302881879149152,True,True,-9989.254206944675,-11049.035662897337,2.367526157499009,"[2637.8889501015483, 1357.3437189821013, 133.03303677070835, -885.04125848336, -1284.406392865454, -1683.7715272475482, -2002.5708428506373, -2265.135609545672, -2396.900794904973, -2522.6651939129492, -2517.630011585191, -2456.360280349379, -2314.5247303345623, -2172.6891803197454, -1894.0532626178697, -1559.18279600794, -1224.3123293980102, -758.6422814523462, -292.9722335066822, 172.69781443898182, 75.89325042072551, 265.890892138799, 180.2161276292818, -11512.188119679122, -10585.883206115552, -9790.377873887715, -8727.272592637088, -7607.9327624784055, -6408.027113540718, -5151.886915694977, -3815.18089907023, -2347.6753011097494, -880.1697031492686, 643.5704437192658, 1161.5855071829133, 1931.8863384483589]","[409.6, 509.5, 579.4, 579.4, 579.4, 579.4, 679.3000000000001, 749.2, 919.1000000000001, 919.0, 1088.9, 1158.8, 1258.7, 1258.7, 1428.5000000000002, 1498.4, 1498.4, 1668.3000000000002, 1668.3000000000002, 1668.3000000000002, 1738.2, 1838.1000000000001, 2007.9, 2247.7000000000003, 2247.7000000000003, 2077.8, 2417.5, 2487.4, 2587.3, 2657.2000000000003, 2757.1, 2927.0, 2927.0, 2996.9, 3236.6000000000004, 3676.2000000000003]"
29,base,1643699955,True,0.06980133056640625,66837.03700427581,15993.5,191922.0,165,280.361319526785,780.8294687304998,10.23255844276385,80.89576918514176,3.7434882920696078,1.0,1.0,1.5714285714285714,3.4086478575280323,201.4043208511492,467.96793760765587,4445.97496350547,1,8.846473916819642,False,True,5675.1024213607325,4739.347097548723,2.8882869629974466,"[4445.97496350547, 5032.719231591975, 5889.230151283651, 6944.404680946836, 8269.345862215194, 9734.056348064585, 11387.658486328588, 13181.029929173626, 15114.170676599699, 17187.080728606805, 17448.88243302852, 17850.453442031274, 18391.79375561506, 19110.63101806579, 19920.211890488026, 20822.804415324874, 21769.246244742757, 22917.534725765814, 24209.481815950938, 25564.25251610757, 27034.0155624789, 28594.522218821738, 30387.809832160223, 20426.793401684914, 22541.515580371673, 24849.058716054078, 27542.067112503726, 30431.785770530056, 33617.068995523536, 37091.93748128426, 41033.282880226834, 45318.04353831777, 49989.36110959056, 55041.007551602095, 60661.91451676699, 66837.03700427581]","[749.2, 919.0, 1258.7, 1498.4, 1838.1000000000001, 2007.9, 2247.7000000000003, 2417.5, 2587.3, 2757.1, 2996.9, 3166.7000000000003, 3336.5, 3606.3000000000006, 3846.0000000000005, 4085.8, 4255.6, 4595.3, 4934.900000000001, 5174.6, 5444.400000000001, 5684.1, 6093.700000000001, 6603.200000000001, 6942.800000000001, 7352.400000000001, 8031.700000000001, 8611.1, 9260.4, 9939.7, 10858.800000000001, 11737.900000000001, 12657.0, 13576.0, 14734.800000000001, 15993.5]"
30,base,1643709928,True,0.06934976577758789,292202.60528660216,119682.3,1436187.6,1277,234.14729819148482,1226.6246067798136,6.1842830482953,79.99834685071691,2.142804136478576,1.062565172054223,1.0,3.6774193548387095,2.7691563559557784,1140.427522027509,262.54491623503264,4117.7039838690325,1,4.083973515307878,False,True,4959.247360084808,4275.386959299408,5.63595843350838,"[4117.7039838690325, 4433.069934729783, 5134.639835203149, 6164.995948539308, 7531.2582591090795, 9365.551012783539, 11725.291946312509, 22406.345015121784, 21589.177017877068, 26479.483413349655, 29939.70843178144, 34008.16732340674, 38780.74454173278, 44209.96884350181, 50670.04417832645, 58043.87705532793, 66495.24942586881, 76060.44553582015, 78425.58508892352, 82180.77882454202, 87496.59520315948, 94598.98941764624, 103611.05868522836, 110541.62215420199, 113492.4151336022, 124274.1257386696, 146221.59005429706, 147721.43117399627, 154909.2953164432, 166185.6232974201, 182460.87313430605, 195829.9121233595, 213590.54029497545, 235610.63440328278, 261850.0674839031, 292202.60528660216]","[749.2, 988.9, 1468.3999999999999, 1878.0000000000002, 2287.5, 2866.9, 3516.2000000000003, 4195.5, 7062.4, 8121.3, 9350.0, 10708.6, 12246.900000000001, 13815.2, 15863.000000000002, 18010.8, 20398.2, 22955.5, 25822.4, 28959.100000000002, 32435.4, 36361.200000000004, 40656.600000000006, 45431.50000000001, 53003.399999999994, 59007.00000000001, 66169.40000000001, 73231.8, 80254.3, 86667.5, 92840.90000000001, 98704.70000000001, 104128.90000000001, 109383.20000000001, 114597.70000000001, 119682.3]"
31,base,1643719901,True,0.07137799263000488,162094.36572595502,87848.0,1054176.0,920,232.75111990872767,880.7447845628651,8.960066128512434,79.58032680804658,-0.04927776197362989,1.0,1.0,2.36,2.729142572299234,598.3098571914793,479.6870348208979,4186.373083986004,1,2.555723352005747,False,True,5131.317592624865,4414.588440864598,4.204148380441982,"[4186.373083986004, 4642.803797743192, 5294.155524252089, 6164.323181552805, 7417.565865099105, 9020.7697946939, 11007.048750534279, 13326.161033640876, 16052.243261033167, 19189.51838772244, 20559.01215693461, 22217.73326690687, 24218.625333916534, 26521.7283579636, 29396.099968819253, 32574.71485122682, 36370.69571691738, 40684.05748393103, 45640.712466782286, 59081.987300938206, 61022.45706575334, 69165.48038790833, 78306.91149921565, 68031.12949512905, 70999.37708737962, 75118.43619326528, 81052.37438684293, 88632.53776282415, 105983.01250374515, 106891.49493500896, 115453.41599781075, 126651.09149785101, 140838.81161271222, 143026.2886569089, 150543.11369890708, 162094.36572595502]","[649.3000000000001, 989.0, 1228.7, 1498.4, 1977.9000000000003, 2417.5, 2897.0, 3306.5, 3816.0000000000005, 4395.400000000001, 4974.8, 5624.1, 6373.300000000001, 7122.5, 8211.400000000001, 9130.400000000001, 10359.1, 11617.800000000001, 13046.300000000001, 14614.7, 18260.800000000003, 20338.7, 22616.300000000003, 25103.699999999997, 27900.800000000003, 30727.8, 34404.0, 38289.9, 42685.3, 49598.0, 55112.3, 61145.9, 67888.9, 74801.70000000001, 81444.70000000001, 87848.0]"
32,base,1643729874,True,0.07435870170593262,322250.6849110305,133429.1,1601149.2000000002,1409,199.19802713410186,1271.0593040008785,6.000000000000001,80.53969703290919,9.175979126853036,1.0,1.0,2.8529411764705883,2.4855173040026344,1265.6278537959604,288.20601244468696,4365.926956122834,1,4.20412445064729,False,True,5832.442959917187,4713.0888140079005,6.6732705060488975,"[4365.926956122834, 5060.250671892966, 6089.840389258594, 7527.81810671877, 9408.714930960243, 11755.760928863263, 14649.947340875078, 17972.64997211565, 21658.33536459902, 25867.687863958236, 28666.76995108779, 32091.18397312169, 36296.884342573234, 41102.82906094336, 47015.16730189363, 53990.783411057084, 62153.50104289522, 71534.1926114223, 73869.10480940535, 77857.02446337194, 83599.61640135056, 91484.95097056974, 101719.45734469105, 96164.28587094303, 105618.8482038817, 118191.15338340815, 117962.1934781872, 124136.30807411006, 135497.9748240427, 152738.80572789063, 168149.9666120868, 188950.84140965645, 214968.14959989855, 243178.66111593286, 284227.5620222591, 322250.6849110305]","[749.2, 1158.8, 1568.3, 2077.8, 2627.2, 3206.6000000000004, 3885.9, 4635.1, 5454.2, 6513.1, 7771.8, 9170.300000000001, 10838.600000000002, 12406.9, 14554.600000000002, 16942.100000000002, 19599.300000000003, 22426.300000000003, 25632.9, 29279.100000000002, 33264.9, 37900.0, 43114.5, 48978.3, 55621.3, 62783.700000000004, 71404.6, 79346.20000000001, 87148.0, 94440.30000000002, 101662.70000000001, 108345.6, 114818.8, 121262.0, 127395.5, 133429.1]"
33,base,1643739847,True,0.14674639701843262,358630.7179198816,133603.1,1603237.2000000002,1369,222.18232541757814,1203.311444495667,6.6757157871256885,80.07593664639512,15.9427008829851,1.0,1.0,2.3333333333333335,2.544141090461577,1417.2113246661731,318.9186931940718,8530.830199714817,2,4.733819032735573,False,True,11361.39476939929,9263.597076122245,5.8477278023941865,"[11843.556261674434, 8530.830199714817, 9996.363952529675, 11816.405041689162, 14025.816289487597, 16728.79233194491, 19902.222564485903, 23525.53551583412, 27486.640115580263, 31949.91563717951, 34847.24429693566, 38493.37121488954, 42729.10800276975, 47711.97111173715, 53674.97828071455, 60600.695356287615, 68699.27725508483, 85764.32651453106, 84057.80291967008, 89131.57655964534, 96173.36819767099, 105472.9426284059, 117290.85686422809, 113543.45872408774, 124932.970258961, 139753.70868322285, 142915.64637181608, 152367.01498124262, 166711.2806020274, 186712.35489067237, 204526.8335737224, 227585.57416141842, 255557.1839219911, 285360.57982399565, 319745.4521671074, 358630.7179198816]","[749.2, 2277.7, 2587.3, 3026.9000000000005, 3506.4, 4115.8, 4695.2, 5374.500000000001, 6123.700000000001, 7112.700000000001, 8131.6, 9560.2, 10988.7, 12617.1, 14625.000000000002, 16802.800000000003, 19320.2, 21907.5, 27621.700000000004, 31397.800000000003, 35683.4, 40578.4, 46092.700000000004, 52346.40000000001, 59289.2, 66941.4, 75103.00000000001, 82855.1, 90237.50000000001, 97210.4, 103943.50000000001, 110406.90000000001, 116460.70000000001, 122414.6, 128058.8, 133603.1]"
34,base,1643749820,True,0.09132790565490723,41556.12593150945,10079.5,120954.0,105,587.060328791305,1273.624617048276,6.0006175671570245,77.86682035157622,-25.705595962027687,1.0,1.0,1.588235294117647,6.732642388682084,96.06719138128939,886.6953334974726,4008.274425820605,1,7.922037333338053,False,True,4426.006940597557,4082.2123237391384,2.287362793376457,"[4008.274425820605, 4156.150221657672, 4515.9591802441855, 5014.369508847161, 5625.974372673767, 6449.51239924982, 7329.647693437688, 8348.384357642017, 9423.718289458162, 10637.653591290768, 10063.522055872822, 17375.834304139877, 12283.961021748772, 12693.884889921717, 13185.81286049931, 13734.338098688719, 14339.460604489941, 15026.587212695811, 15770.311088513496, 16643.96402467598, 17560.43297302386, 18493.539188983556, 19537.286774959714, 16472.88993735386, 12280.255659309094, 13776.618648876145, 15513.552068804456, 17253.206858749232, 19120.140286322283, 21021.122774240135, 30822.593148247637, 27707.799244565675, 30230.679876107344, 40739.420186471645, 38218.5644264135, 41556.12593150945]","[649.3000000000001, 819.1, 1088.9, 1258.7, 1398.5, 1668.3000000000002, 1738.2, 1908.0000000000002, 1977.9000000000003, 2147.7, 2417.5, 2557.3, 3476.3, 3646.2000000000003, 3746.1000000000004, 3816.0000000000005, 3885.9, 3985.8, 4055.7000000000003, 4225.6, 4325.5, 4395.400000000001, 4565.200000000001, 4805.0, 5724.0, 5793.900000000001, 6133.6, 6303.400000000001, 6543.1, 6713.0, 6952.700000000001, 8141.5, 8281.300000000001, 8621.0, 9709.8, 10079.5]"
35,base,1643759793,True,0.07461905479431152,2343.1805688767377,3576.3,42915.600000000006,37,64.59227790921476,603.3609597275058,12.960667198913,79.80097340251696,-9.442784252914084,1.0,1.0,1.5714285714285714,2.8977635982718892,96.07951422191844,496.3904418860103,-11527.095204821295,24,0.999524476902823,True,True,-9895.972575131955,-11061.060167767198,2.9101978919237177,"[2895.2749521746337, 1791.5499043492673, 743.9848518105964, -223.18829431912422, -540.7388705614514, -858.2894468037787, -1175.840023046106, -1493.3905992884331, -1810.9411755307603, -1939.5380378156563, -2064.3767170756423, -2056.4216776648927, -1992.3066429674477, -1928.1916082700027, -1727.524671876912, -1446.465829074871, -1109.2469909861345, -772.0281528973981, -434.8093148086616, -97.59047671992516, 239.62836136881128, 278.5839859994337, 246.02843974124698, -11527.095204821295, -10595.0251307131, -9662.955056604906, -8594.333080801065, -7389.159203301579, -6051.191607131357, -4713.224010961136, -3371.498231766004, -1896.9787339001368, -422.45923603426945, 1108.2202571182934, 1657.083558375452, 2343.1805688767377]","[509.5, 509.5, 579.4, 679.3000000000001, 679.3000000000001, 679.3000000000001, 679.3000000000001, 679.3000000000001, 679.3000000000001, 919.1000000000001, 919.0, 1088.9, 1158.8, 1158.8, 1328.6000000000001, 1428.5000000000002, 1498.4, 1498.4, 1498.4, 1498.4, 1498.4, 1738.2, 1908.0000000000002, 2077.8, 2247.7000000000003, 2247.7000000000003, 2417.5, 2587.3, 2757.2, 2757.2, 2757.1, 2927.0, 2927.0, 2996.9, 3266.6000000000004, 3576.3]"
36,base,1643769766,True,0.07131290435791016,105037.48885399631,35962.5,431550.0,375,227.33211442499803,594.2619102318184,12.961038518551746,78.48243412165749,0.5658457106071236,1.0,1.0,2.2,2.7674961808749066,360.57287022498457,416.3176996596194,4502.323791671461,1,4.271531092057668,False,True,5638.414491632693,4782.0822151158445,2.849006755662151,"[4502.323791671461, 5061.840638560228, 5830.605775990181, 6792.635540726282, 8020.1066512208745, 9440.842389021615, 11183.212527798154, 13143.532755535067, 15425.487384247781, 17956.89969548395, 18744.485622832162, 19734.059006373485, 20805.97553409249, 22063.686462787293, 23616.263364546736, 25395.78623937082, 27354.763830461423, 29512.49433939936, 31981.323876619244, 34777.50916057342, 45376.3475491816, 44317.60435950819, 48804.677231859794, 41732.450478251834, 47053.66589710351, 52703.46863477831, 59040.11489067124, 65899.80466478229, 81239.13769125743, 84949.42237258903, 86161.26497311456, 88134.82400970554, 90886.33253757928, 94524.90212882463, 99200.56287240195, 105037.48885399631]","[749.2, 819.1, 1088.9, 1328.6000000000001, 1668.3000000000002, 1908.0000000000002, 2317.6, 2587.3, 2996.9, 3306.5, 3746.1000000000004, 4225.6, 4565.200000000001, 4974.8, 5554.200000000001, 6133.6, 6643.0, 7152.5, 7801.8, 8551.1, 9060.5, 11887.6, 12736.7, 13725.7, 14714.600000000002, 15633.7, 16962.3, 18290.9, 19959.2, 23395.600000000002, 25133.800000000003, 26971.900000000005, 28879.9, 30957.700000000004, 33305.200000000004, 35962.5]"
37,base,1643779739,True,0.0699918270111084,385354.42752432864,150184.80000000002,1802217.6,1552,183.92469222151692,882.5835715665215,8.852343532268364,76.65068551833753,12.692791116675377,1.0,1.0,2.425,2.2611583016030306,9671.360688108216,214.2992772538333,2950.439601056737,1,4.424237303399446,False,True,4904.97913620164,3785.238870514125,5.053710966771132,"[2950.439601056737, 9688.862814064774, 4620.038139971513, 4999.95946827835, 5552.799492127257, 6367.002704743296, 7430.1906153015025, 8793.241062397876, 10521.302209836515, 12643.30675075939, 15303.2806875666, 18562.979697450144, 22503.173453389154, 27092.509468771532, 40310.282537702755, 42980.27060558314, 51935.51849259532, 61402.27883325354, 61036.14226428735, 67603.09658992938, 76218.68201489675, 87384.14042349867, 94967.56251607739, 93737.31017694212, 108259.31280197718, 111756.18569324042, 120623.44970767791, 135581.1031313975, 148794.1459619991, 167677.04368369473, 199750.98307165242, 226646.1613750318, 266311.9268264852, 303670.5677001352, 346269.541096358, 385354.42752432864]","[679.3000000000001, 919.1000000000001, 2757.1, 2996.9, 3336.5, 3846.0000000000005, 4425.400000000001, 5104.7, 5923.900000000001, 6842.9, 8001.700000000001, 9360.3, 10928.7, 12557.0, 14704.800000000001, 19709.6, 22636.6, 25933.2, 32436.4, 36961.8, 41896.7, 47680.700000000004, 54283.90000000001, 61736.2, 70347.3, 78379.0, 86650.4, 94442.4, 101994.6, 109247.1, 116389.7, 123332.6, 129935.70000000001, 136708.7, 143411.8, 150184.80000000002]"
38,base,1643789712,True,0.0745859146118164,13071.22393831139,7312.500000000001,87750.00000000001,75,144.71844602184285,528.6222805479464,15.049231331688103,80.8470107591667,-2.4816087720839826,1.0,1.0,1.625,2.475480729324006,364.2805984577849,450.19311212201205,-8331.57552932567,24,3.412269898626378,True,True,-4595.583886173946,-7234.225156535987,2.766002397485009,"[2886.6714845176048, 1774.3429690352098, 744.2761370367234, -228.40616296278142, -480.7739982919511, -733.1418336211208, -854.2006827271119, -892.9978483491947, -874.4104819722958, -773.5614321114882, -615.3278502516993, -457.0942683919103, -241.47615453313972, -25.858040674369136, 403.33074289148874, 309.2358092688829, 471.1705420226805, 636.871490259368, 874.2986539789459, 1183.4520331814142, 1613.3789306060426, 2169.293726997469, 2888.283725094964, -8331.57552932567, -6136.874783746303, -4081.820253649826, -1944.5040400694402, 192.81217351094574, 1489.2235887973998, 2533.5502835647067, 3807.2538635219917, 5233.457177184327, 6775.112921812441, 8591.530083629514, 10672.133194634527, 13071.22393831139]","[579.4, 579.4, 679.3000000000001, 749.2, 749.2, 749.2, 919.1000000000001, 1019.0, 1088.9, 1188.8, 1258.7, 1258.7, 1328.6000000000001, 1328.6000000000001, 1598.4000000000003, 1838.1000000000001, 2177.8, 2347.6, 2517.4, 2687.2000000000003, 2927.0, 3196.7, 3536.4, 3776.1, 3776.1, 3606.3000000000006, 3706.2000000000003, 3706.2000000000003, 4045.9000000000005, 4355.5, 4795.1, 5204.700000000001, 5544.3, 6053.800000000001, 6633.200000000001, 7312.500000000001]"
39,base,1643799685,True,0.07153725624084473,42633.193215790045,12516.7,150200.40000000002,133,369.40277916000275,717.6496769986635,10.617059080890929,79.74987051056378,-22.453742242925244,1.0,1.0,2.066666666666667,3.9343022817602136,100.55497173245847,686.1599948432811,3965.037413012494,1,6.908217632672318,False,True,4190.952487118349,4017.286987916036,2.4158561873407893,"[3965.037413012494, 4069.5365628195777, 4231.424461884606, 4531.774097744224, 5015.158436380183, 5637.004511810732, 6454.701073293815, 7536.505325089885, 8814.16006293849, 10355.922491100082, 10012.462417777562, 9807.464081249633, 9866.57343503469, 10064.144525614336, 10457.566102246517, 11034.022381655039, 11748.94039785815, 12602.320150855852, 13594.455369982923, 14686.521075162527, 15821.16851713672, 17152.003649423903, 18542.809267763616, 8033.585372155865, 9831.05090365569, 11539.493933671405, 13594.586390794695, 15824.764036746861, 18265.711109806605, 20837.17040571347, 23762.176627243804, 26968.494012676303, 30363.049574474324, 34124.265049432455, 38160.536199272, 42633.193215790045]","[579.4, 749.2, 819.1, 988.9, 1228.7, 1398.5, 1638.2, 1977.9000000000003, 2217.6000000000004, 2557.3, 2697.1, 2866.9, 3206.6000000000004, 3376.4000000000005, 3616.1000000000004, 3855.9, 4025.7000000000003, 4195.5, 4435.3, 4675.0, 4844.8, 5184.5, 5424.2, 5663.900000000001, 6173.400000000001, 6313.200000000001, 6822.700000000001, 7302.200000000001, 7811.700000000001, 8221.2, 8870.5, 9549.800000000001, 10129.2, 10878.400000000001, 11597.600000000002, 12516.7]"
40,base,1643809658,True,0.07774925231933594,241263.64153705898,108585.3,1303023.6,1147,189.24173550028416,739.6722149173503,10.599579150869856,80.80468467818858,8.440731988122174,1.0,1.0,2.4285714285714284,2.3055268731821217,928.1818397377458,323.4667526285296,4084.9983217576682,1,3.368985889726888,False,True,5124.1146106069855,4293.546463244584,4.1392262406448825,"[4084.9983217576682, 4502.0946047315, 5331.454612565481, 6495.2704920664755, 8128.724877887302, 10231.817770027958, 12804.549168488444, 15985.459618372428, 19558.898867161435, 23538.17194883362, 25933.16671658212, 28764.615862317463, 32197.15680215215, 36043.910955351115, 40635.672229212774, 45913.80638738111, 52030.91084596862, 59029.606150078966, 67058.32069800895, 76069.8671816691, 86228.88301717193, 89216.52929472477, 93728.06397554377, 87954.53600302941, 96165.95290131721, 106145.91258085803, 112399.37414384066, 129121.6087384728, 146721.30726029997, 162506.0631093706, 167125.75427129335, 177269.7158565856, 191429.04205083798, 203082.94074287504, 219713.5984987686, 241263.64153705898]","[819.1, 1228.7, 1738.2, 2147.7, 2727.1, 3306.5, 3885.9, 4635.1, 5284.400000000001, 6103.500000000001, 7022.6, 8011.500000000001, 9240.2, 10359.1, 11827.5, 13395.800000000001, 15203.900000000001, 17181.800000000003, 19429.5, 21747.0, 24304.3, 27201.200000000004, 30507.700000000004, 34253.8, 38549.3, 42844.700000000004, 48299.0, 54192.8, 62274.200000000004, 69736.30000000002, 76928.7, 83741.6, 90044.90000000001, 96388.2, 102521.70000000001, 108585.3]"
41,base,1643819631,True,0.07673144340515137,195458.91931223543,89006.8,1068081.6,932,197.88417442342822,631.3244134346184,12.400303721208466,80.43369269778067,4.8567519068207385,1.0,1.0,3.1142857142857143,2.4796277494117,737.3288304676477,388.4550696412785,4091.61697642087,1,3.07940348575637,False,True,4980.693239203644,4273.546760737317,3.3990425675820006,"[4091.61697642087, 4455.476545053763, 5155.765470586938, 6266.681912779537, 7845.885379637041, 9951.035379164934, 12663.857327805134, 15844.966301110238, 19434.762196219082, 23468.301799768422, 33888.16589768693, 32525.767347015302, 36926.9882621154, 41703.64371853983, 47317.742581194354, 53512.338085390715, 60651.77958802919, 68382.74991333968, 77014.7521455287, 86473.45988416535, 88374.77079701421, 91429.4947329701, 95509.31894871578, 89041.44961266434, 96040.68475683771, 104140.48044077752, 114408.77797049638, 120001.22959731697, 127681.33058657602, 137381.07269760172, 149462.65070373626, 164171.25310562813, 166044.30647818142, 172163.53623783807, 182307.83204370877, 195458.91931223543]","[819.1, 1158.8, 1568.3, 2077.8, 2657.2000000000003, 3306.5, 4055.7000000000003, 4635.1, 5314.400000000001, 6203.5, 7222.4, 10359.1, 11617.800000000001, 12706.7, 14275.0, 15773.5, 17681.5, 19349.7, 21287.7, 23265.600000000006, 25413.4, 27900.800000000003, 30388.100000000002, 33415.0, 36721.50000000001, 39718.4, 43874.0, 48099.600000000006, 52764.70000000001, 57569.700000000004, 62884.100000000006, 68568.20000000001, 73712.8, 78957.3, 83932.1, 89006.8]"
42,base,1643829604,True,0.07288885116577148,14482.25362307754,6543.1,78517.20000000001,69,534.5746591764853,851.2143135578195,9.225411352804588,79.38696933129991,-30.36986694424316,1.0,1.0,1.4666666666666666,5.960592746842308,-16.740609903843577,905.6653976415251,-2015.4066044848878,24,3.9566654804811296,False,True,854.7756187662529,-956.7434820899714,1.976953300542364,"[11766.748783939332, 7544.766293935668, 8020.442771569005, 8553.673373382633, 9167.127069095637, 9838.13488898893, 10589.365802781602, 11398.150840754563, 12337.493135476212, 13414.612648277529, 12549.286285259135, 11764.18301614012, 11036.633871201393, 10309.084726262667, 9792.315931972007, 9333.101261861637, 9011.663809830934, 8747.78048198052, 8694.677504778172, 8756.682775936404, 8898.911140994014, 9178.91672413129, 9516.476431448857, -2015.4066044848878, 101.919640304945, 1105.727611586689, 1906.9531359925677, 2888.3341675898, 3957.1265414469904, 5118.150296233158, 6378.585393279283, 7761.140802304453, 9223.927592258602, 10786.125724472706, 12578.332455695456, 14482.25362307754]","[579.4, 1088.9, 1158.8, 1228.7, 1328.6000000000001, 1398.5, 1498.4, 1568.3, 1738.2, 1908.0000000000002, 1977.9000000000003, 2077.8, 2147.7, 2147.7, 2417.5, 2487.4, 2657.2000000000003, 2727.1, 2996.9, 3136.7000000000003, 3236.6000000000004, 3406.4, 3476.3, 3646.2000000000003, 3716.1, 3816.0000000000005, 4055.7000000000003, 4325.5, 4565.200000000001, 4805.0, 5044.7, 5314.400000000001, 5554.200000000001, 5793.900000000001, 6203.5, 6543.1]"
43,base,1643839577,True,0.07640194892883301,160113.06681182122,45541.799999999996,546501.6,482,296.4162595797063,684.7727544293207,11.24913761969562,77.26412313091937,-5.442045129370778,1.0,1.0,3.074074074074074,3.268417868900373,590.054445049255,640.7470142971266,4034.8828305122647,1,5.641008671455627,False,True,7578.296516612241,4121.893970161679,2.6260597970427204,"[4034.8828305122647, 4208.905109811094, 12233.387767476164, 8701.426985545957, 10127.887238898105, 11692.486941036817, 13451.968989618876, 15536.837397027664, 25553.56273393248, 23677.292785298654, 33047.570125071245, 30127.14630454738, 32740.948842850245, 35442.53662525324, 46196.13114484921, 44753.897606408296, 48985.50642671046, 61121.2419842056, 61280.48563788779, 67196.5739967564, 73403.47050968166, 80071.63918904695, 87271.25948363883, 83015.80794458708, 91378.81036720527, 100117.09984145322, 109701.09018741128, 111520.3379562092, 114099.26148190699, 117508.35553270421, 121914.95626282482, 127214.81910867202, 133489.38062137557, 141097.82827448883, 149900.70040207173, 160113.06681182122]","[649.3000000000001, 819.1, 988.9, 2147.7, 2387.5, 2557.3, 2797.0, 3206.6000000000004, 3476.3, 5454.2, 5863.800000000001, 7841.700000000001, 8251.300000000001, 8560.900000000001, 9140.300000000001, 11318.0, 11997.300000000001, 12576.700000000003, 15034.100000000002, 15953.1, 16772.2, 17761.2, 18920.0, 20178.7, 21577.2, 22735.9, 24374.2, 26112.4, 27920.4, 29858.4, 32076.1, 34293.700000000004, 36611.200000000004, 39438.3, 42335.200000000004, 45541.799999999996]"
44,base,1643849550,True,0.07967114448547363,210201.82610834116,91215.1,1094581.2000000002,949,205.51847448064498,578.7832571319008,13.443085198225111,78.46306219315615,3.225076463096904,1.0,1.0,1.7058823529411764,2.3674191768531245,798.7576087847549,498.08237156368017,3891.8124610234117,1,3.334189801518187,False,True,4483.211274141044,3973.5748665099477,3.0554788418885632,"[3891.8124610234117, 4055.3372719964837, 4625.835941522564, 5468.857628255342, 14377.518430427177, 12446.12865316844, 15820.2618931164, 19385.732674029805, 23250.802504512005, 27427.34770215056, 29852.077140373698, 32616.787136768977, 35872.433723698494, 47093.97356984555, 47504.81631507233, 53452.2349856276, 60004.32364595538, 67246.43907295798, 75241.32231592399, 84034.41015175573, 93741.28748624351, 95916.10649524772, 99181.90321113046, 91713.46998384137, 97536.33011581263, 104601.9270042312, 121389.20474966093, 121903.64611825562, 129604.49770959158, 147188.3448598893, 158666.9706482272, 174828.4598526536, 178264.02794735853, 185839.22409099562, 196126.87074259942, 210201.82610834116]","[819.1, 1158.8, 1668.3000000000002, 2007.9, 2487.4, 4904.900000000001, 5244.5, 5654.1, 6233.5, 6912.799999999999, 7562.100000000001, 8311.300000000001, 9300.300000000001, 10149.4, 14165.300000000003, 15593.800000000001, 17062.2, 18660.6, 20398.7, 22266.800000000003, 24344.700000000004, 26592.3, 29079.700000000004, 31906.800000000003, 34933.600000000006, 38000.4, 42086.200000000004, 48929.100000000006, 53834.00000000001, 59038.6, 65342.000000000015, 71195.9, 76540.40000000001, 81715.0, 86480.0, 91215.1]"
45,base,1643859523,True,0.07825708389282227,236846.7223816972,116076.0,1392912.0,1240,198.45115167218287,1180.8123263382508,6.389177421494117,79.88222498265826,9.20156213840938,1.0,1.0,3.08,2.597776359431655,5958.6680595424305,216.1357726830125,340.6075671940307,5,3.260094925307477,False,True,477.289779340151,391.8137222465359,6.336238692126435,"[2787.032115696952, 1711.9253542719819, 963.4580942681739, 488.7130800205209, 340.6075671940307, 443.0198772990411, 966.2296703322904, 1721.18008766478, 2764.6994793232216, 4338.638996702065, 6311.029734163015, 8738.740041732783, 11916.538326470829, 15594.003405510086, 20099.237028984113, 25448.59364823394, 31732.598313339695, 38947.40379715275, 47322.86125106755, 56916.78014798889, 59403.09163931121, 63476.466320817395, 69356.5720439553, 65235.07666017282, 75330.76353810418, 81198.65105629245, 90047.90320767113, 109713.5134095771, 124945.31620165544, 129027.17932981992, 138792.52883835213, 152867.6424814959, 164374.83975783002, 181018.01092301955, 210391.18796873442, 236846.7223816972]","[649.3000000000001, 819.1, 1228.7, 1568.3, 1977.9000000000003, 2287.5, 2866.9, 3446.3, 4095.6000000000004, 5084.6, 6073.5, 7132.3, 8600.800000000001, 9959.400000000001, 11667.5, 13575.5, 15693.2, 17910.800000000003, 20468.100000000002, 23265.1, 26401.800000000003, 29948.0, 33973.7, 38478.9, 43493.5, 48747.90000000001, 55091.100000000006, 62013.700000000004, 69925.3, 77227.50000000001, 84319.90000000001, 91072.70000000001, 97415.90000000001, 103829.1, 109972.50000000001, 116076.0]"
46,base,1643869496,True,0.07282257080078125,65489.185544418346,16203.2,194438.40000000002,168,245.79565069628427,518.2765447457363,14.96280442387744,79.72605325041029,-5.148158930410172,1.0,1.0,2.0,2.756474381160102,195.78827310174313,533.5967299501356,4337.927840893071,1,8.419230172750833,False,True,5131.904975853748,4535.497333213518,2.3982176524571974,"[4337.927840893071, 4733.066825533964, 5264.851025960343, 6065.315441716542, 7002.425073258228, 8127.78084809207, 9445.99298245922, 11032.885332156191, 12812.63404138647, 14809.462038439897, 15074.970250823146, 15452.90075070204, 16043.300322162931, 16630.393843379366, 17406.606652418952, 18319.396748498515, 19325.38613240123, 20416.35187583725, 21680.11783460309, 23076.68400869875, 24530.22654232772, 26212.780435034332, 28004.784759311915, 17985.84044266714, 20264.592700885496, 22584.87539067482, 25499.534870657095, 28588.52499754016, 32003.976915071842, 35742.15355154198, 39818.43290616741, 44165.21405144144, 48810.496987364095, 53966.75078551736, 59450.231590104726, 65489.185544418346]","[679.3000000000001, 749.2, 919.0, 1258.7, 1428.5000000000002, 1668.3000000000002, 1908.0000000000002, 2247.7000000000003, 2487.4, 2757.1, 3096.8, 3236.6000000000004, 3506.4, 3576.3, 3846.0000000000005, 4155.7, 4425.400000000001, 4665.1, 5004.8, 5344.5, 5584.200000000001, 5993.8, 6333.400000000001, 6743.0, 7322.400000000001, 7662.000000000001, 8581.1, 9260.4, 10009.6, 10788.8, 11608.000000000002, 12357.2, 13106.4, 14125.400000000001, 15044.400000000001, 16203.2]"
47,base,1643879469,True,0.07453441619873047,24279.51670248324,9140.300000000001,109683.6,97,534.4344348900888,1062.1085769381157,7.270507639112263,79.93890389582666,-33.33081997048071,1.0,1.0,1.6428571428571428,5.621210320420942,24.08131959368016,800.9975809494672,-1565.4045593743122,24,5.082847429090869,False,True,2281.1007090519383,-86.45881861020234,2.4987192038973896,"[4012.245983548333, 4082.5678285158547, 4289.776574485865, 4633.872221458364, 5166.480237034913, 5778.899292194761, 6448.394208773798, 7174.964986772024, 7981.346804353549, 8976.240990539125, 8108.022077727189, 7376.690065917741, 6833.870422712343, 6370.861819090243, 6101.8159778898225, 6021.282505293451, 6077.635933699568, 6270.876263108174, 6578.268315355158, 7096.907914370301, 7672.623374804634, 8385.225736241457, 9291.790860099956, -1565.4045593743122, 1392.4869221539075, 2577.3053046846153, 4019.602956821862, 5623.459878565646, 7337.250602314407, 9297.676457088895, 11340.076113868361, 13572.035040254365, 15908.477374827717, 18496.965234244424, 21298.90340285097, 24279.51670248324]","[579.4, 649.3000000000001, 819.1, 988.9, 1228.7, 1328.6000000000001, 1398.5, 1468.3999999999999, 1568.3, 1808.1000000000001, 1977.9000000000003, 2147.7, 2387.5, 2487.4, 2727.1, 2966.9, 3136.7000000000003, 3306.5, 3446.3, 3716.1, 3786.0000000000005, 3955.8000000000006, 4195.5, 4605.1, 4774.900000000001, 4944.700000000001, 5354.3, 5763.900000000001, 6103.500000000001, 6583.0, 6922.6, 7332.200000000001, 7671.900000000001, 8151.3, 8660.800000000001, 9140.300000000001]"
48,base,1643889442,True,0.06885766983032227,87078.83715254677,19529.4,234352.80000000002,206,265.59306194076737,468.19697338213314,16.25477345153321,78.45936432331172,-11.814426103609263,1.0,1.0,1.95,2.9307542445343864,285.74515480227814,734.1829966728712,4012.401152948902,1,9.212910559196294,False,True,4316.662641031567,4059.359716519217,2.0912869071389903,"[4012.401152948902, 4106.318280089532, 4386.777428012245, 4861.49212363948, 5554.108554406568, 6570.652766903864, 7781.452527105683, 9178.794308089586, 10770.391636778011, 12636.760487362686, 12827.05711967757, 13284.411746966265, 14016.537896151209, 14805.533832092551, 15912.999726249931, 17180.553402137517, 18478.522625729627, 19898.51358446159, 21454.036350732036, 23103.58085214233, 24831.78737433471, 26795.71520517974, 36797.12176487405, 22335.53355318881, 25567.745071617228, 28693.582350993776, 32269.682959805054, 36047.37711129466, 48012.49172677341, 47406.73157087261, 52527.99474440653, 65785.07219449426, 66483.27487320245, 72932.14706878069, 79764.86835474179, 87078.83715254677]","[649.3000000000001, 749.2, 989.0, 1228.7, 1498.4, 1908.0000000000002, 2147.7, 2387.5, 2627.2, 2966.8, 3376.4000000000005, 3716.1, 4055.7000000000003, 4125.6, 4535.200000000001, 4944.8, 5184.5, 5454.2, 5763.900000000001, 6033.6, 6273.400000000001, 6682.900000000001, 7092.5, 9070.400000000001, 9679.8, 9849.6, 10498.9, 11078.3, 11757.600000000002, 13735.5, 14384.8, 15034.100000000002, 17012.000000000004, 17691.3, 18510.4, 19529.4]"
49,base,1643899415,True,0.07080364227294922,253732.07592682363,123200.0,1478400.0,1300,212.46883840389262,906.2296709528629,8.431057577440729,77.31561581139296,5.273813117895665,1.0588812561334642,1.0,2.2,2.6444606219120868,980.1336496950985,325.306354378649,3763.2705529410537,1,3.337130134397378,False,True,7731.074126526657,3804.234178087983,4.631443033521953,"[3763.2705529410537, 3845.197803234912, 11812.672792371199, 9026.366234290572, 11370.18611875108, 14165.302989623644, 17467.500668248933, 21229.366166216452, 25404.721526608166, 29908.94180515252, 32960.15605652099, 36606.15721615074, 40878.59292672311, 45565.83025280093, 51299.01529489276, 57772.35540662067, 65237.650817618895, 73748.80710970251, 83381.25574689353, 85740.54083959186, 89458.94408884691, 94823.69718831488, 102022.55330306716, 99252.63330028151, 104330.47416637, 111717.18877734475, 122346.84257005187, 136017.17259032847, 138407.6437824461, 146224.49421572115, 158384.38883442516, 168108.13393750874, 182801.48659323133, 202542.30226931148, 227180.2767324184, 253732.07592682363]","[819.1, 1228.7, 1738.2, 3546.2, 4125.6, 4705.0, 5354.3, 6103.500000000001, 7022.6, 7911.600000000001, 9070.400000000001, 10429.0, 11927.400000000001, 13226.0, 15233.900000000001, 17211.800000000003, 19499.4, 22016.800000000003, 24743.9, 27710.7, 30977.3, 34763.3, 39058.8, 43863.700000000004, 49248.0, 54972.0, 62064.5, 69596.5, 77158.6, 84111.2, 91093.90000000001, 97776.80000000002, 104150.1, 110623.30000000002, 116896.6, 123200.0]"
0,otimista,181432042,True,0.07024812698364258,846806.5008177917,207520.40000000002,2490244.8000000003,2196,160.0607751302228,999.0607859238248,7.955409460741711,80.36917782002878,14.212847938345881,1.1766437684003925,1.0,3.9565217391304346,1.8718467768962948,3451.2770867407985,157.77370933240658,4139.271549598246,1,9.627301315371382,False,True,5367.509903194461,4377.05940851596,6.661157325566748,"[4139.271549598246, 4614.8472674336745, 5618.397448448057, 7173.180126144862, 9394.710541016186, 12279.128093762185, 15830.293383682705, 27737.80825372461, 28884.77459161311, 35862.96473229589, 41881.66719026062, 49171.7435679481, 57946.55505454172, 68153.07492403704, 71971.1465673581, 86018.29682905888, 91291.00319317015, 98290.75287107597, 109154.11656958834, 124414.88422762245, 128684.50298305295, 139971.04450743462, 151469.20428627977, 158637.22802464667, 185313.08641503626, 215992.07002777306, 254121.1316722865, 299449.84643338877, 343222.1113320261, 393974.2434195071, 451787.25734958134, 516329.71355331154, 587324.0694827065, 672685.8210514341, 756560.7183986553, 846806.5008177917]","[989.0, 1398.5, 2047.8000000000002, 2727.1, 3546.2, 4365.400000000001, 5184.5, 6103.500000000001, 10399.0, 12307.000000000002, 14524.599999999999, 17181.800000000003, 20318.500000000004, 23625.0, 27850.500000000004, 32825.3, 41556.0, 48508.600000000006, 56690.00000000001, 66130.0, 76389.20000000001, 86378.6, 96058.4, 105498.40000000001, 114738.6, 123359.50000000001, 132529.80000000002, 141390.40000000002, 150321.0, 158911.9, 167602.7, 175883.9, 183825.50000000003, 191807.0, 199678.7, 207520.40000000002]"
1,otimista,181442015,True,0.07155179977416992,1486807.7216707196,260642.9,3127714.8,2771,126.73187802766577,984.6412059788636,7.872043358867849,79.29804167837128,23.126759238200194,1.5005213764337852,1.0,5.202702702702703,1.6235765288621327,6117.9488402946645,103.33055811968667,4082.1053767776034,1,16.000063698891847,False,True,6003.292350648881,4450.2605630544085,8.052279039345509,"[4082.1053767776034, 4818.415749331214, 6398.251217754771, 8823.074757969756, 12226.974303888011, 16741.005905649494, 22097.598408796315, 28712.2295008188, 36887.025433841736, 54914.27095076768, 54796.119640704186, 62864.00357173546, 75495.8594129766, 87186.53735616748, 104443.22421675078, 112195.99625529924, 127889.81254080843, 144331.8820646677, 168979.95777494012, 198397.17230525572, 235097.5611824633, 273794.210984032, 316163.03477604996, 353545.39707121474, 410042.2402147252, 472978.74360925774, 543222.9699040728, 620424.5035358527, 704662.6622482485, 795801.8971314268, 893842.2081853878, 998535.5841679339, 1109342.7533915748, 1234245.2427936976, 1357470.316599622, 1486807.7216707196]","[1328.6000000000001, 2147.7, 3206.6000000000004, 4265.4, 5494.1, 6992.6, 8800.6, 11288.0, 14494.600000000002, 18690.100000000002, 28509.7, 36181.5, 45761.3, 57458.9, 70315.20000000001, 82252.5, 93600.5, 104139.20000000001, 114438.30000000002, 124187.9, 133328.2, 142498.5, 151498.9, 160299.5, 169230.1, 177311.5, 186481.7, 195212.4, 204043.00000000003, 212703.8, 221364.6, 229715.80000000002, 237387.6, 245299.19999999998, 252971.0, 260642.9]"
2,otimista,181451988,True,0.06878542900085449,935197.2752187235,210365.6,2524387.2,2244,148.73185638022846,1169.1625365335394,6.5562070204272125,80.28102308149664,17.69786050520263,1.1876955161626694,1.0,5.823529411764706,1.8987310737091239,23417.431880468088,124.41517500311814,1324.6265917565172,4,10.512075211855802,False,True,1559.4816282294155,1380.0205347371354,8.074398037000082,"[2813.305035820336, 1957.9220351213562, 1435.4144777177537, 1324.6265917565172, 1600.837345066636, 2283.4568165655187, 11208.145764783345, 9404.572872914574, 13356.745698535586, 18486.58842507445, 24859.210951669833, 32941.27400930712, 43061.75588132802, 46911.87203839993, 53818.84955874126, 64163.3401046471, 72413.91952184055, 85796.21352781143, 87388.26391308813, 97369.26188279394, 107070.22418575817, 124965.8600544761, 150779.98472144303, 169046.76031924062, 206458.03743674452, 250520.69469455065, 296141.66870455834, 344583.7148913876, 399230.8994236424, 459674.07010969496, 525935.3855019017, 597659.816604611, 674492.3344221711, 756455.0975069383, 843358.4527589988, 935197.2752187235]","[819.1, 1228.7, 1638.2, 2147.7, 2627.2, 3206.6000000000004, 3925.8, 8191.200000000001, 9999.300000000001, 12346.800000000001, 15043.900000000001, 18490.2, 22715.800000000003, 27560.600000000006, 33734.0, 41036.200000000004, 50006.6, 60785.100000000006, 72552.5, 83770.6, 94239.40000000001, 104368.6, 114158.20000000001, 123368.3, 132198.90000000002, 140420.10000000003, 148911.1, 156722.7, 164394.6, 171556.90000000002, 178749.30000000002, 185502.1, 191815.30000000005, 198158.60000000003, 204262.00000000003, 210365.6]"
3,otimista,181461961,True,0.07436418533325195,1083536.7566839133,231068.19999999998,2772818.4,2418,141.7008659913758,952.5039079541174,8.21956445258627,78.9987775158849,17.774800165853282,1.2944062806673209,1.0,3.63768115942029,1.751615715905808,4437.65315284964,140.262462703227,3692.9277297343765,1,12.029076308869314,False,True,4799.898002655032,3836.773905260008,7.092501592960591,"[3692.9277297343765, 3980.6200807856394, 5072.990643278163, 6950.551342683829, 9801.075481054517, 13703.798422303975, 18727.524541628474, 24650.658721234882, 31718.74527907507, 40291.42826032093, 48499.018984237475, 58882.68837288034, 63193.12804887953, 70227.99070808006, 81166.70126039447, 89898.78658322965, 103826.05187457062, 105906.724920873, 115301.33617666119, 125079.67782428702, 142302.547455978, 174603.00548467773, 211021.24054209134, 234841.3066378171, 277512.1440962911, 321126.3450826521, 368226.64587151643, 421907.06114361895, 482378.5024890841, 549294.7298780325, 622636.254235936, 702445.7049253952, 788376.8419165309, 880564.9936490979, 978950.4148337105, 1083536.7566839133]","[1228.7, 1977.9000000000003, 2996.9, 3985.8, 5214.5, 6543.1, 8211.400000000001, 10189.300000000001, 12636.8, 15773.5, 19419.6, 24014.9, 29399.200000000004, 35562.8, 43604.3, 53004.5, 64312.600000000006, 75620.8, 86249.70000000001, 96399.1, 105799.20000000001, 115199.4, 124190.0, 133080.7, 141731.6, 149633.40000000002, 158454.10000000003, 166765.40000000002, 175346.5, 183488.0, 191599.40000000002, 199770.90000000002, 207502.80000000002, 215404.50000000003, 223236.4, 231068.19999999998]"
4,otimista,181471934,True,0.07446455955505371,2465078.4506121147,334561.2,4014734.4000000004,3588,109.49388936148648,1232.1847954385617,6.000000000000001,78.85732126004383,29.273673753578027,1.9384775808133472,1.0,6.465346534653466,1.37648402787485,10194.07687755048,107.53041969410035,4000.7890202315566,1,25.92634624185779,False,True,6542.318244020536,4489.083308021876,11.585090248434081,"[4000.7890202315566, 4977.377595812197, 7063.96512675665, 10316.970479556112, 14871.593054225314, 20607.94527471021, 27755.995939446257, 44652.38414800055, 45803.91144320074, 55694.99187059853, 69018.38227387448, 82985.39090818516, 87244.64707332331, 101967.00222481582, 121282.24208476914, 149288.87752069777, 188508.18824324693, 229532.96678586648, 288527.46908242494, 349698.38669896027, 420075.9886249268, 499767.45914909395, 588316.4396491393, 673688.8739256039, 779594.8312335324, 893324.2683733924, 1015508.4490111929, 1145730.086414463, 1291433.9105830211, 1436902.5668943226, 1589681.926548742, 1757346.2655018996, 1924014.6269759897, 2097534.5074487682, 2277880.719531097, 2465078.4506121147]","[1468.3999999999999, 2697.1, 4095.6000000000004, 5564.0, 7202.200000000001, 9419.900000000001, 12316.800000000001, 16412.4, 26551.5, 35112.3, 46270.3, 60804.7, 77317.0, 92740.5, 108163.90000000001, 122898.20000000001, 137023.0, 150398.7, 163394.80000000002, 175781.5, 187379.0, 199116.5, 210274.5, 221392.59999999998, 232141.0, 242000.5, 252649.0, 262778.2, 272637.60000000003, 281987.6, 291197.7, 300308.0, 308699.0, 317329.7, 325930.5, 334561.2]"
5,otimista,181481907,True,0.07049298286437988,2118147.3230431336,312820.4,3753844.8000000003,3296,119.69652993068874,1183.053433876733,6.603789205814382,80.23766167747984,33.526246618907784,1.5299313052011776,1.0,4.3125,1.4203519888018374,8748.530512679723,117.60610628507882,9789.898040705224,2,23.056133369469325,False,True,12653.310885876072,10906.807953836644,10.390035068794482,"[12023.717866968062, 9789.898040705224, 12863.175225512074, 16736.66772608553, 21434.495859067534, 27064.58017068896, 33897.5063677102, 42354.28346559639, 52892.48690881767, 66099.46620862736, 72114.03882144063, 82345.92743362882, 99338.2051774839, 110887.4710107345, 117348.67394187127, 134167.95750605542, 154522.0768129849, 182782.46921427915, 221486.57564803818, 265119.09242650727, 314887.6881635961, 374350.46446479077, 443119.1032288171, 509162.6055843786, 604209.1410441777, 699753.6194899587, 804324.4157501908, 917475.1101181137, 1039182.1334805093, 1169026.1688648066, 1314711.8166704904, 1460316.645189284, 1613390.6229803248, 1774080.9521258813, 1942305.9619072496, 2118147.3230431336]","[1328.6000000000001, 3885.9, 4874.8, 5863.800000000001, 7262.299999999999, 9100.400000000001, 11487.900000000001, 14654.5, 18780.200000000004, 24094.600000000002, 30777.500000000004, 39258.600000000006, 50027.3, 64412.100000000006, 79066.6, 93171.8, 106937.30000000002, 120363.20000000001, 133209.6, 145816.4, 157673.90000000002, 169601.30000000002, 181049.2, 192467.2, 203745.3, 214004.50000000003, 225112.8, 235671.69999999998, 246200.60000000003, 256220.10000000003, 266069.7, 275609.60000000003, 284810.0, 294180.10000000003, 303450.30000000005, 312820.4]"
6,otimista,181491880,True,0.06957697868347168,138691.92561737302,76949.90000000001,923398.8,801,232.7326781966187,1119.0004436395839,7.03018315168361,79.18045099230784,1.4870102563543657,1.0,1.0,2.3846153846153846,2.892283274378542,3504.7981404343263,286.60928246645153,-213.926488491074,4,2.278272389202618,False,True,-71.08999768692573,-153.38265584533872,5.2393413446975,"[2720.8083979383355, 1523.3399272234783, 518.8604982429998, -213.926488491074, -63.84038918269982, 86.24571012567435, -92.83882319960344, 250.2363178431499, 38.26377028364573, 404.5838522859585, 657.2927887072378, 1206.4633399579634, 1881.6790194836603, 2801.643227796355, 4038.62187528362, 13117.92004629322, 10732.230729011993, 14021.011424498549, 17803.595087946673, 29794.693066397744, 30423.061640026743, 37135.6777969449, 44780.810578886594, 41453.54929675142, 51244.01038938602, 53647.94959102494, 57586.12838564896, 63066.93643646373, 70251.11851943817, 79295.15725297171, 90458.72116585134, 97414.26521019902, 106873.12809095476, 119140.32424729315, 134738.28220800118, 138691.92561737302]","[579.4, 679.3000000000001, 919.0, 1258.7, 1258.7, 1258.7, 1398.5, 1498.4, 1908.0000000000002, 2077.8, 2487.4, 2996.9, 3406.4, 3915.9, 4565.200000000001, 5144.6, 8141.5, 9230.400000000001, 10389.2, 11677.900000000001, 15154.2, 16992.3, 19070.1, 21387.7, 23935.100000000002, 26592.3, 29828.9, 33365.3, 37251.200000000004, 41506.8, 46271.9, 51416.50000000001, 57100.600000000006, 63434.00000000001, 70276.90000000001, 76949.90000000001]"
7,otimista,181501853,True,0.07493853569030762,1817420.3874435541,318412.9,3820954.8000000003,3371,114.19253629419144,1232.5862849813705,6.206998207931118,80.65155282501372,26.2223059077933,1.1766437684003925,1.0,4.909090909090909,1.3265239546296554,45473.00968608885,67.4447947826041,1571.9873878262524,3,19.439801195989528,False,True,1881.7491814517712,1612.2318502368375,11.42988456248866,"[2811.034562328328, 1958.1734710532205, 1571.9873878262524, 1652.476312647423, 2338.545387481132, 3487.298986598695, 5299.056664280302, 7887.7887044547515, 11634.289697325123, 16858.73722777788, 23827.062931455006, 33146.937242297834, 36897.80125589927, 44181.4071757589, 56267.09545191434, 67880.39084067749, 70072.1701635595, 80651.90532403489, 95736.12313470038, 122705.26279194, 158257.20099479606, 199860.09897371032, 249103.44350722176, 297291.0383908982, 368209.70388359146, 449417.08799428225, 541216.6395720255, 643280.5927507374, 755437.0683430147, 885291.6710510611, 1017142.205445392, 1158594.2762282114, 1309320.1175334353, 1469451.2990227155, 1638798.9579719326, 1817420.3874435541]","[989.0, 1398.5, 1977.9000000000003, 2557.3, 3306.5, 4125.6, 5354.3, 6922.6, 9140.300000000001, 12067.2, 15683.400000000001, 20388.4, 26352.1, 33684.3, 43264.100000000006, 55401.3, 70805.0, 86078.8, 101142.90000000001, 115867.3, 130222.1, 144297.2, 158102.6, 171668.30000000002, 184964.2, 197710.7, 210836.80000000002, 223553.30000000002, 236060.10000000003, 248297.10000000003, 260464.30000000002, 272361.7, 283849.5, 295507.2, 306925.1, 318412.9]"
8,otimista,181511826,True,0.07492518424987793,395150.2441656963,148253.0,1779036.0,1570,196.97051900639906,1091.9655025182626,7.054994993766203,79.21540638516255,8.240745079361622,1.0,1.0,2.5476190476190474,2.393519562195215,1569.3760173570681,272.70759176709316,3976.4402576483026,1,4.880800189636907,False,True,4757.962875968143,4100.902551835477,5.916936722998546,"[3976.4402576483026, 4225.364846022651, 4935.4955526166395, 6162.933679540378, 7907.679226793865, 10249.373057630015, 13188.015172048827, 16700.066008907503, 20722.23542816027, 25165.556598468836, 28191.83130732679, 31920.522583350066, 36377.370911922146, 41472.99841187977, 47758.17038471596, 55019.34981252035, 71141.00996146226, 68602.98235715729, 72858.67753386352, 79151.58073208618, 87506.43846237582, 98536.55905484139, 106109.89165631848, 104922.76673021422, 119617.49607411072, 122759.81659840429, 131644.83139269857, 146988.8535220474, 160873.57201568372, 180622.3932407714, 213775.16838833754, 241821.4350190961, 275158.4036588662, 313706.43444439484, 351918.72846590285, 395150.2441656963]","[989.0, 1328.6000000000001, 1908.0000000000002, 2557.3, 3206.6000000000004, 3955.8000000000006, 4705.0, 5424.2, 6343.3, 7332.200000000001, 8560.900000000001, 10059.300000000001, 11727.600000000002, 13365.800000000001, 15683.400000000001, 18070.8, 20897.9, 26591.800000000003, 30447.700000000004, 34943.0, 39787.8, 45581.7, 52224.700000000004, 59626.8, 68217.7, 76498.90000000001, 85089.8, 93201.30000000002, 100973.00000000001, 108335.2, 115667.5, 122520.20000000001, 129163.20000000001, 135706.30000000002, 141949.6, 148253.0]"
9,otimista,181521799,True,0.06992316246032715,1298864.9164807452,253366.10000000003,3040393.2,2639,139.31962409001295,1141.8701504317628,6.909155412426743,80.47673282786037,20.939722843543844,1.1766437684003925,1.0,3.689655172413793,1.633491405087505,5334.8538186697715,112.83908874407251,4083.773975986027,1,14.423985331249328,False,True,5660.431737508994,4387.077573237453,8.72832355149621,"[4083.773975986027, 4690.381170488879, 5983.781926515699, 7937.79280521339, 10684.099751489732, 14361.47966949877, 18843.21516534384, 24178.12011878796, 30409.428166635647, 37959.16267245944, 45067.21341592308, 54090.17378704694, 56851.76965545825, 62062.11423967384, 70752.5944912381, 83326.55684718463, 94258.3542039656, 110749.79619068361, 118323.17268322544, 135157.26753873183, 154258.4586058876, 183202.3366724354, 218707.42307512288, 251394.59535453154, 296209.5771004526, 349268.49379211594, 410912.2809297263, 480743.7072804284, 558416.9237829031, 643541.7891635414, 735986.6184774354, 835473.8619162771, 941481.6932615497, 1054148.8874174072, 1173284.3026019894, 1298864.9164807452]","[1088.9, 1738.2, 2587.3, 3406.4, 4395.400000000001, 5554.200000000001, 6912.799999999999, 8651.0, 10628.900000000001, 13246.199999999999, 16482.800000000003, 20468.600000000002, 25233.7, 30648.1, 37660.8, 45972.100000000006, 56051.6, 67969.2, 81215.40000000001, 94082.0, 106409.20000000001, 118636.40000000001, 130514.10000000002, 141922.2, 153020.6, 163270.0, 173928.80000000002, 184108.3, 193848.10000000003, 203108.5, 212199.0, 220949.90000000002, 229051.50000000003, 237322.9, 245364.50000000003, 253366.10000000003]"
10,otimista,181531772,True,0.0801234245300293,915873.6601133153,201679.40000000002,2420152.8000000003,2106,163.85491736502837,1206.3618164865197,6.4874053756078744,79.78610329013105,23.982062374237977,1.1766437684003925,1.0,3.1875,2.0101435001613286,3739.056917138814,133.8179354244175,9224.527708894213,2,10.334149380691493,False,True,11913.78342622433,10376.870630635904,7.657673862297839,"[12041.973384173243, 9224.527708894213, 11529.213552377594, 14359.718567122367, 17796.989799652452, 21835.378449094394, 26494.788198528087, 31864.250383532402, 38176.79283978986, 45678.43044950689, 52443.2215947863, 60970.17704499668, 71406.3341772851, 75387.8580698651, 90247.09545056398, 97037.32208653059, 106546.13580949798, 120828.60200851283, 122827.70773009906, 132890.88754562996, 149392.32228384414, 165567.99939811404, 188682.00790822966, 206727.41612324322, 240433.30135199975, 280083.8747786067, 326152.0870793848, 369412.96872254077, 418530.6608260755, 481063.75358403474, 541082.2985348618, 606276.8813727061, 676392.6126174615, 751413.4590580789, 831223.4584055037, 915873.6601133153]","[1088.9, 3066.8, 3746.1000000000004, 4395.400000000001, 5144.6, 6133.6, 7392.3, 8890.7, 10798.7, 13216.2, 15973.3, 19519.600000000002, 23635.3, 28200.5, 34164.3, 44313.7, 53234.4, 63553.600000000006, 73972.70000000001, 83952.3, 93282.6, 102343.1, 110924.1, 119505.2, 127746.6, 135098.90000000002, 143040.6, 150462.80000000002, 157715.30000000002, 164558.2, 171201.2, 177604.5, 183698.20000000004, 189761.80000000002, 195685.59999999998, 201679.40000000002]"
11,otimista,181541745,True,0.078826904296875,1077173.586867829,231288.2,2775458.4000000004,2418,150.79882523971676,1140.0716605325008,6.674057057676494,77.28692634031586,15.991560842380412,1.2355250245338567,1.0,3.8115942028985508,1.86079866506665,26966.839671695725,257.7490869753047,1044.339262686763,3,11.839647233885803,False,True,2412.080450156909,1354.7209681351421,7.894839277063418,"[2661.0730423480386, 1665.1026735835212, 1044.339262686763, 8459.169929477419, 4970.539547243214, 7050.38112712688, 9749.152793638857, 13278.1718935278, 17765.634597686505, 23623.486746354378, 38526.96275708539, 35692.286745521866, 40211.09074060503, 47210.55013546589, 57904.56197460052, 66181.33634463721, 79380.80953221086, 81182.03469519576, 98465.75275340502, 109214.96987598078, 128113.05061608694, 154913.40128710828, 186352.75715341524, 213296.46175063084, 254092.56248986762, 297929.2637266426, 348816.42388320056, 406198.74605301913, 470042.98086711805, 539895.2385143716, 615755.5189947798, 697304.588961594, 784194.4476328024, 876503.7828616628, 974153.9067949173, 1077173.586867829]","[819.1, 1258.7, 1738.2, 2317.6, 5484.3, 6543.1, 7871.700000000001, 9609.9, 11717.7, 14544.800000000001, 17851.300000000003, 25073.700000000004, 30488.100000000002, 36411.9, 44143.8, 53204.3, 64102.9, 75990.50000000001, 87468.5, 98567.0, 108956.1, 119035.6, 128775.40000000001, 138345.40000000002, 147475.80000000002, 155817.1, 164807.7, 173089.0, 181330.4, 188992.4, 196654.40000000002, 203906.80000000002, 210719.7, 217632.5, 224445.40000000002, 231288.2]"
12,otimista,181551718,True,0.07374215126037598,1165732.8385065878,229591.00000000003,2755092.0000000005,2390,152.09956388190784,1295.7945628201423,6.000000000000001,81.0658307544634,19.676995781311106,1.2944062806673209,1.0,3.7058823529411766,1.8194120192087038,4780.136827110782,131.9227299674561,3761.900977476984,1,12.93254941264349,False,True,4971.979256002802,3947.527864502201,8.90694166592862,"[3761.900977476984, 4133.154751527418, 5251.587424161264, 7250.781721171581, 10247.321172059377, 14321.740114084112, 19415.028021948296, 25416.362115512904, 32693.671661850378, 41589.30688502522, 50285.1144796009, 61202.1723871688, 66272.54274982802, 74138.63740715994, 86069.85997235606, 95961.88993655329, 111150.35333216796, 115217.37347754664, 127374.48978013585, 140601.15054537205, 161939.9239766818, 191257.2283482721, 225408.99718191603, 255069.77626127694, 298843.7898728786, 345740.8207296038, 399949.7469652856, 460862.22378335055, 528397.7178465391, 602086.7084602878, 681906.9530520877, 767683.5793276873, 858866.5332552635, 955733.4630388364, 1057989.720278094, 1165732.8385065878]","[1158.8, 1908.0000000000002, 2827.0, 3915.9, 5144.6, 6473.200000000001, 8071.6, 9979.6, 12497.0, 15733.6, 19549.600000000002, 24174.800000000003, 29729.000000000004, 35922.600000000006, 43994.200000000004, 53394.4, 64562.70000000001, 76310.5, 87648.70000000001, 98407.5, 108417.1, 118256.8, 127926.80000000002, 137187.1, 146347.60000000003, 154519.1, 163539.7, 171811.10000000003, 179982.6, 187574.7, 195136.80000000002, 202489.2, 209162.3, 216175.0, 222818.0, 229591.00000000003]"
13,otimista,181561691,True,0.0758049488067627,1231720.0469518406,240203.8,2882445.5999999996,2462,145.66393038849216,1309.0110813833296,6.0104885808267685,80.55230700268095,21.077902806959795,1.1766437684003925,1.0,3.9310344827586206,1.7275293935268574,5055.083528966003,103.29976340539214,4192.684766117427,1,13.745293819655915,False,True,5944.52059760608,4563.5708021620485,9.3372554246479,"[4192.684766117427, 4934.456838206669, 6281.208517405883, 8367.12185921716, 11330.165280463743, 15174.12514246678, 19802.02317068649, 25336.814699998402, 31935.51868931908, 39965.46031935026, 47747.92902133384, 57734.36645788187, 61743.188351789424, 68405.55225466438, 79126.42736177986, 87654.27471616866, 101569.12987442505, 104346.8281664541, 115742.31840196904, 129110.08774732341, 151418.7688410433, 179473.50396516727, 215921.07053168496, 248566.61082263495, 292271.08606455376, 343158.44953464635, 409471.4293521263, 475171.17601562734, 547996.919606164, 627380.1813645386, 713284.4684428389, 805336.1597998285, 903145.5399995849, 1006874.7592734781, 1116418.558691276, 1231720.0469518406]","[1088.9, 1768.2, 2517.4, 3436.5000000000005, 4525.400000000001, 5614.200000000001, 7112.700000000001, 8980.8, 11228.5, 14115.500000000002, 17721.800000000003, 22247.2, 27621.700000000004, 33575.5, 41567.4, 50787.9, 62046.399999999994, 74903.20000000001, 87180.6, 99118.40000000001, 110207.00000000001, 121055.90000000001, 131465.2, 141634.80000000002, 151394.80000000002, 160305.7, 169765.90000000002, 178676.80000000002, 187517.80000000002, 195649.40000000002, 203741.2, 211363.30000000002, 218506.00000000003, 225848.50000000003, 233061.1, 240203.8]"
14,otimista,181571664,True,0.07236933708190918,490821.78049064835,164637.90000000002,1975654.8000000003,1721,187.09870715640437,1150.8965580750355,6.7888886154624375,80.2496139325079,10.38489463779485,1.0588812561334642,1.0,2.8043478260869565,2.2471738699472126,1968.0074187110347,456.3535438089774,3826.71133735068,1,5.701745739203348,False,True,4642.0290091730085,3948.112050806423,6.529598777268337,"[3826.71133735068, 4069.5127642621665, 4832.8677574766225, 6191.694670135961, 8153.135683356144, 10717.19079713717, 14022.223374665975, 18094.06083796586, 22642.4969470845, 27878.54072306695, 31816.715529100155, 36684.443615770826, 42521.36899407901, 49212.956139811846, 57448.7775066721, 67109.57699210457, 70025.96762815437, 74860.3796179375, 82000.22411953055, 91731.53534704958, 97956.82292526828, 107517.72879372159, 121062.11278029921, 110480.24951981989, 119171.77393276783, 133572.4352817691, 147400.77111208165, 167925.55122058943, 194926.35470984766, 225051.54050034052, 261139.34428639675, 302962.20398945565, 344753.01605325926, 388321.78047780757, 437030.1358999136, 490821.78049064835]","[989.0, 1498.4, 2147.7, 2897.0, 3646.2000000000003, 4395.400000000001, 5314.400000000001, 6303.400000000001, 7392.3, 8790.800000000001, 10359.1, 12297.1, 14474.900000000001, 16622.600000000002, 19619.500000000004, 22886.100000000002, 26702.100000000002, 30997.6, 36002.3, 41726.3, 48229.6, 55621.8, 64272.8, 73772.9, 82833.4, 91314.5, 100135.3, 108476.6, 116548.2, 124180.20000000001, 131602.4, 138755.0, 145328.1, 151901.2, 158304.50000000003, 164637.90000000002]"
15,otimista,181581637,True,0.06886577606201172,495565.7115510773,152027.6,1824331.2000000002,1624,183.64907772472682,1265.5752994116456,6.000000000000001,80.5137848319879,17.90220107077047,1.2502606882168925,1.0,3.5294117647058822,2.499797868006773,1987.7737981294893,221.84969768397664,4769.302431395348,1,5.847851848311408,False,True,7495.419442809843,5417.9319111374625,6.9389019760526915,"[4769.302431395348, 6066.561390879577, 7971.705460119932, 10484.734639116414, 13524.720346201775, 24704.944551792993, 24536.54806029144, 30071.50462496765, 36245.162253919014, 43313.03115666283, 49261.829070103435, 56219.822886382266, 64421.902241446776, 73842.78487220129, 76522.43588840195, 80834.06275576004, 87263.36586212639, 96087.87146439684, 107528.50135495164, 115653.00338735296, 127166.95240016385, 141893.26613028866, 144294.5771120161, 140504.67902677454, 153231.35997552096, 163454.2815854035, 179050.92548427227, 199737.12488904007, 225431.95221803972, 255996.8517343668, 288293.267701117, 325152.2896456774, 366196.5530792402, 406273.9391720416, 450579.1916136074, 495565.7115510773]","[1228.7, 1878.0000000000002, 2627.2, 3376.4000000000005, 4025.7000000000003, 4744.900000000001, 8121.3, 9419.900000000001, 10848.4, 12656.500000000002, 14634.400000000001, 16852.0, 19479.200000000004, 22276.2, 25822.4, 29578.300000000003, 34043.6, 39198.100000000006, 44961.9, 51644.8, 59116.8, 66758.6, 74190.70000000001, 81353.1, 88275.70000000001, 94618.90000000001, 101241.80000000002, 107515.09999999999, 113688.50000000001, 119692.1, 125525.90000000001, 131149.90000000002, 136304.30000000002, 141658.6, 146873.1, 152027.6]"
16,otimista,181591610,True,0.06676244735717773,577510.6165245792,174897.1,2098765.2,1829,168.40026294434807,966.6603394880191,8.24740980677921,80.4026187432973,13.363665360731947,1.1177625122669284,1.0,2.9583333333333335,2.075591630394702,2329.210902185747,208.4363388264684,3953.999007653176,1,6.760295509760283,False,True,5081.980966757874,4164.367754106592,6.027766125851482,"[3953.999007653176, 4374.736500560007, 5317.729122157163, 6806.903081048028, 8955.291664105942, 11706.378227894236, 15251.982266713117, 19567.344595456772, 24487.62339018446, 30138.374789809575, 34663.39070583909, 40112.30106858302, 46786.52151125497, 54518.178242458314, 64065.86252862026, 66867.74577790101, 71818.8335538242, 79133.11055024684, 89361.33424219955, 96360.04546245273, 107128.15497291033, 122363.02209159643, 126115.16782755758, 123804.5565487567, 140449.0887585405, 155740.1414773552, 177657.4726949777, 205927.16742045456, 237278.6219520587, 274516.7075062635, 317643.07972768217, 361346.0829717016, 407028.15604111785, 458381.11643023125, 515235.41720873176, 577510.6165245792]","[1088.9, 1668.3000000000002, 2317.6, 2996.9, 3816.0000000000005, 4565.200000000001, 5554.200000000001, 6713.0, 8041.6, 9609.9, 11478.0, 13555.800000000001, 16113.1, 18700.4, 22246.7, 26192.600000000002, 30827.7, 36072.200000000004, 42305.700000000004, 49388.3, 57599.7, 67239.6, 76539.9, 85290.7, 93941.7, 101773.5, 110014.90000000001, 117916.70000000001, 125478.70000000001, 132801.1, 140123.4, 147445.80000000002, 154258.6, 161311.2, 168154.1, 174897.1]"
17,otimista,181601583,True,0.06826639175415039,795652.9792306935,207984.30000000002,2495811.6,2157,148.84329475995665,933.4318999477265,8.473050405233165,79.18794563491915,16.43705363892792,1.1177625122669284,1.0,3.235294117647059,1.8326345316474661,3238.137413461223,119.77719211136696,4131.39199518935,1,8.94273585132642,False,True,5612.056903527464,4427.1458132582275,6.588788921906039,"[4131.39199518935, 4722.8996313271045, 5908.442660927584, 7688.0210839907895, 10193.910563506375, 13350.835909414793, 17143.59521507761, 21564.90508222145, 26725.16211969618, 32848.24511211466, 38103.46875456508, 44618.27012882742, 52645.56849244464, 62248.79926092071, 65655.957332747, 71579.91448479169, 80497.22105309136, 92785.23265655317, 102804.8159925779, 117673.47993432934, 121504.14592263906, 132297.09854200308, 143252.40209404682, 149675.85888368214, 175453.46996504883, 204915.9327546246, 241576.7132767633, 285054.6201701007, 326350.37929871713, 374040.23582385987, 428280.0263046974, 489012.75126829953, 555968.5752096376, 629417.3336337404, 709317.1889272997, 795652.9792306935]","[1088.9, 1668.3000000000002, 2417.5, 3166.7000000000003, 4085.8, 4904.900000000001, 5823.900000000001, 7082.6, 8651.0, 10658.900000000001, 13106.4, 15933.5, 19270.000000000004, 22946.2, 27711.200000000004, 33295.40000000001, 39898.6, 47490.700000000004, 56581.3, 67300.2, 77819.3, 87998.70000000001, 97868.50000000001, 107298.7, 116589.1, 125030.30000000002, 134120.90000000002, 142732.0, 151103.3, 159174.90000000002, 167446.30000000002, 175647.8, 183509.7, 191711.2, 199852.7, 207984.30000000002]"
18,otimista,181611556,True,0.0685420036315918,554927.95614289,179330.80000000002,2151969.6,1892,157.42530751397393,1040.358275503132,7.644533015843799,81.25069189364882,15.642829854422091,1.0,1.0,3.40625,1.954612473379453,13910.69890357225,201.34718517890758,761.0738903635961,4,6.4573200604657295,False,True,1021.4804773801569,853.6462923210547,6.934963567266545,"[2772.228848018839, 1743.9353119481743, 1046.567738414038, 761.0738903635961, 946.2186942785133, 1584.1646435341404, 2578.5190977184584, 4035.257582725796, 5984.725608716688, 8532.858701585465, 11776.031640777119, 15924.708298812018, 20970.721365118992, 26963.68069266137, 34509.51820651221, 43427.530938903146, 54135.396035462225, 58205.320965063285, 64669.540489244886, 73776.5431129357, 85870.18301399544, 95055.19123974495, 108394.4556935276, 104384.88313672334, 113680.51389007796, 129560.60444991276, 145863.77070524593, 169983.74411368533, 198788.0773286049, 234960.76788113083, 278317.7394089033, 323379.96347528003, 371486.8074282957, 426189.77185162925, 487356.4093986546, 554927.95614289]","[749.2, 988.9, 1398.5, 1908.0000000000002, 2487.4, 3066.8, 3786.0000000000005, 4705.0, 5763.900000000001, 7022.6, 8491.0, 10329.1, 12337.000000000002, 14484.7, 17451.600000000002, 20588.2, 24334.3, 28459.9, 33434.700000000004, 39128.700000000004, 45601.9, 53103.9, 61894.6, 72253.70000000001, 82443.0, 91883.0, 101802.5, 111412.40000000001, 120852.40000000002, 129912.90000000002, 138743.60000000003, 147364.5, 155406.0, 163517.5, 171459.10000000003, 179330.80000000002]"
19,otimista,181621529,True,0.06879997253417969,2488977.818491656,336055.5,4032666.0,3445,112.33768151563298,1212.2071595328819,6.553024060749473,80.46428219474105,31.44388641035591,1.5299313052011776,1.0,5.57,1.3430884946202282,10293.657577048565,90.79931144775063,3967.367087312504,1,26.815222812735264,False,True,6232.464645869785,4351.775653574354,11.263698326883985,"[3967.367087312504, 4736.184219836205, 6731.2247878809785, 9935.456546310641, 14561.76619028013, 20579.049372988557, 28150.336261511373, 37931.654516306284, 50650.740362600896, 58849.09334624725, 70157.63065777574, 81671.39600300073, 101317.50195834233, 112144.17497809394, 128043.8366426594, 156039.82114655274, 192781.02042450878, 240708.78130192193, 290639.0285032335, 350834.80251315946, 420846.7723517539, 500467.9872890191, 589473.6946994856, 675622.2829835407, 782827.2228858254, 898132.818745882, 1022362.476819215, 1154911.609510632, 1295641.9934500228, 1444144.8924922135, 1600288.0172322511, 1763869.5822549597, 1934429.1573004145, 2112133.6926431833, 2296931.494168515, 2488977.818491656]","[1598.4000000000003, 2587.3, 4115.8, 5614.200000000001, 7382.400000000001, 9730.0, 12826.800000000001, 17112.4, 22896.500000000004, 30718.5, 40958.0, 54294.3, 71027.1, 86641.1, 102454.90000000002, 117489.5, 132084.50000000003, 145990.3, 159426.50000000003, 172183.4, 184391.0, 196328.7, 207996.80000000002, 219355.09999999998, 230613.6, 240683.30000000005, 251771.90000000002, 262111.30000000005, 272280.9, 281941.00000000006, 291431.2, 300681.8, 309352.9, 318233.80000000005, 327044.7, 336055.5]"
20,otimista,181631502,True,0.07392525672912598,819299.6976021117,194944.7,2339336.4000000004,2053,157.982668157594,1128.483500645559,6.983679421753639,81.07830834850738,18.259957689465807,1.1177625122669284,1.0,3.269230769230769,1.9791716362282539,3336.6654066754654,113.36013566552862,4170.01575058243,1,9.375655725601575,False,True,5747.778232132702,4490.269570675248,7.3973995237062145,"[4170.01575058243, 4810.523390768067, 6060.19651258758, 7919.03511604097, 10444.84505793343, 13637.626338264958, 17587.765834396218, 22139.094966539087, 27549.61391068639, 33898.767972479174, 39423.93207120425, 46411.463353170846, 55000.458837630395, 65470.96831422148, 69986.05180530995, 77321.28440617544, 88287.89857995114, 96907.68058436294, 110730.8726721826, 111879.74185147866, 120864.26396787338, 136819.3506860421, 152789.5797164808, 164088.77401832293, 194468.98602922144, 236323.97068973538, 276895.85071782593, 318408.0526460829, 362554.9667608958, 412374.44091595546, 467753.2127543221, 528385.5298568435, 593859.7111907217, 664233.5616127618, 739415.5332877737, 819299.6976021117]","[1158.8, 1738.2, 2487.4, 3236.6000000000004, 4055.7000000000003, 4874.8, 5863.800000000001, 7092.5, 8760.800000000001, 10738.7, 13156.100000000002, 16153.0, 19599.300000000003, 23615.100000000006, 28729.699999999997, 34723.40000000001, 42155.600000000006, 50846.40000000001, 61545.2, 72144.0, 82263.30000000002, 92212.90000000001, 101652.9, 110683.4, 119404.2, 127545.70000000001, 135657.1, 143359.0, 150921.1, 157903.7, 164756.5, 171229.7, 177193.40000000002, 183227.0, 189150.8, 194944.7]"
21,otimista,181641475,True,0.0805673599243164,805607.8523668953,194802.9,2337634.8,2071,149.97209788331637,770.6955371905962,10.109585933459808,80.16170030538377,13.245554007871444,1.2502606882168925,1.0,3.761904761904762,1.7887059954343036,3279.6160515287306,161.0686813122511,3631.9573860457685,1,9.246146005763766,False,True,4424.283085915797,3710.8537927094894,5.4737965087137965,"[3631.9573860457685, 3789.75019937321, 4635.794048096659, 6201.52747275896, 8703.785407384596, 12142.567851973565, 16574.447978825872, 29581.38629906406, 32139.39678389766, 40852.52506907227, 48850.06384378791, 58456.9968224834, 61457.22480068326, 66294.72808065481, 73976.68062686556, 92153.73612878783, 96035.6514110977, 108526.80010458779, 108594.00556203161, 115756.608940619, 128880.89237725396, 141302.67152733647, 160261.20930818486, 173564.80741753185, 202072.03403263036, 235984.65561987425, 275990.9142146595, 316287.4189302473, 362237.58909254783, 409901.45592472644, 462914.1455567504, 521137.37901226257, 584272.6165531813, 652700.1047216454, 726394.7088858976, 805607.8523668953]","[1228.7, 1878.0000000000002, 2727.1, 3616.1000000000004, 4774.900000000001, 5933.700000000001, 7162.4, 8560.900000000001, 13405.7, 15993.000000000002, 18859.9, 22266.3, 26292.0, 30557.500000000004, 36181.5, 42285.0, 52654.0, 61005.100000000006, 70794.70000000001, 80304.6, 89035.3, 97626.20000000001, 105707.6, 113549.20000000001, 121221.1, 127904.0, 135436.0, 142358.6, 149351.2, 155794.3, 162407.3, 168850.5, 174924.0, 181467.1, 187980.2, 194802.9]"
22,otimista,181651448,True,0.08140397071838379,1400444.765431062,234573.0,2814876.0,2470,142.90639008501051,1264.4589297768719,6.046122847211304,80.09903856301396,24.536970675960468,1.4121687929342492,1.0,4.376623376623376,1.8145737215729512,5758.103189296092,101.38925290644706,3968.1268268011027,1,15.765315874269199,False,True,5945.402824942724,4349.88872023414,9.115664406842026,"[3968.1268268011027, 4731.650613667178, 6349.986895367906, 8900.529972134802, 12521.08967896906, 17163.580532786527, 22782.79141420444, 29722.290842107486, 38289.55164132793, 49072.55589328235, 60515.27650050741, 74665.44182743653, 83124.02836033057, 103379.94141954853, 119362.83368101923, 128085.09421927528, 144765.4155015509, 162513.42724594852, 188387.18593929952, 219079.25260565395, 257123.52984747873, 302300.94570842106, 345416.66691229946, 383008.9476102316, 438858.7158458647, 500386.7867943665, 567868.7761257393, 640891.2603349797, 719239.0372868549, 802665.0815401847, 891108.9795601992, 984217.7213766646, 1081663.017427049, 1183660.0698465854, 1289912.412378689, 1400444.765431062]","[1328.6000000000001, 2317.6, 3376.4000000000005, 4535.200000000001, 5863.800000000001, 7262.299999999999, 9170.300000000001, 11757.600000000002, 15064.100000000002, 19459.5, 24943.7, 31966.300000000003, 45462.100000000006, 57729.200000000004, 70505.7, 82603.0, 93851.1, 104679.79999999999, 114769.1, 124478.9, 133609.30000000002, 142470.0, 150851.2, 158892.7, 166664.5, 173717.10000000003, 181109.30000000002, 187992.1, 194605.1, 200908.40000000002, 207141.90000000002, 212935.8, 218320.1, 223974.2, 229258.60000000003, 234573.0]"
23,otimista,181661421,True,0.17929339408874512,783179.7255053829,189273.5,2271282.0,1965,165.6912352200685,1233.930075633877,6.232025725544069,79.49000138374063,16.78271129295659,1.1177625122669284,1.0,3.611111111111111,2.1334308028324047,3186.1655229390954,112.3214378208733,4152.90329542476,1,8.887285934479415,False,True,5775.0490100310835,4488.535534849947,7.761891599149913,"[4152.90329542476, 4824.1677742751335, 6092.009421949734, 7956.428238448561, 10548.913215491939, 13953.267387383785, 18115.882776645263, 22975.585454649892, 28696.607502648927, 35603.610048840965, 41873.06121510289, 49893.19112135363, 59960.85693641741, 63736.879788492835, 70682.65401522834, 81137.59075428742, 89524.36038394416, 102316.98018347683, 118853.19394657874, 125627.3206002783, 138337.4790716039, 150138.1383491328, 168457.38326086212, 180948.43678904735, 208497.58082323446, 241485.89026442758, 280373.8602408254, 324700.99562422925, 368912.09031246474, 414522.6402941091, 464975.7865139353, 520083.18192499597, 579436.6044054142, 643172.1279958156, 711079.0497190813, 783179.7255053829]","[1088.9, 1738.2, 2487.4, 3236.6000000000004, 4155.7, 5174.6, 6403.300000000001, 7901.800000000001, 9739.9, 12157.400000000001, 15084.300000000001, 18760.5, 23185.9, 28190.700000000004, 34693.9, 42386.0, 51746.3, 61995.600000000006, 71865.40000000001, 81225.7, 90076.5, 98557.7, 106759.20000000001, 114521.1, 122143.20000000001, 128986.1, 136408.40000000002, 143251.30000000002, 149784.5, 155948.1, 162041.80000000002, 167895.7, 173240.2, 178754.5, 183999.0, 189273.5]"
24,otimista,181671394,True,0.18613982200622559,154818.26379852477,43854.4,526252.8,456,322.45360906752813,1292.9706026602685,6.000000000000001,79.91698745609465,5.145272139809499,1.0,1.0,1.7894736842105263,3.926645151996896,567.9927658271865,396.2188062229404,3505.5825480350613,2,4.730553816089924,False,True,3848.9490934545597,3532.2232964957434,4.074541496516252,"[3558.8640449564255, 3505.5825480350613, 3945.6441096206045, 4772.560129328358, 6068.317863135131, 7832.917311040923, 10008.872561476812, 12521.260058573082, 15445.00335819945, 18780.10246035592, 20502.056020634598, 22462.885831807707, 24728.757357079834, 27174.22468488206, 37857.85295357032, 36086.562940298725, 40116.92915307976, 44501.41615907447, 49248.56530269073, 54396.79879539039, 59925.180337280515, 73775.30411063315, 75465.04910466312, 71139.54478286795, 79387.71705681653, 88124.12001493997, 97788.06945976835, 99651.26404689379, 102232.76747642338, 105657.96551568867, 109947.90912077355, 115144.66554765483, 121373.66883093219, 128690.47213815135, 137191.12998126593, 154818.26379852477]","[919.0, 1398.5, 2007.9, 2487.4, 3066.8, 3646.2000000000003, 4155.7, 4565.200000000001, 5074.7, 5584.200000000001, 6063.700000000001, 6473.200000000001, 7052.6, 7562.100000000001, 8311.300000000001, 10389.2, 11168.400000000001, 11987.500000000002, 12836.6, 13755.7, 14674.7, 15733.6, 18320.9, 19579.600000000002, 20908.2, 22166.9, 23935.100000000002, 25673.300000000003, 27411.4, 29319.5, 31327.4, 33435.2, 35752.8, 38240.200000000004, 40927.4, 43854.4]"
25,otimista,181681367,True,0.11347079277038574,363840.0865207114,151651.7,1819820.4000000001,1583,186.5133433170921,1021.879017424337,7.6315191753251534,78.94501259056052,8.107427079913686,1.0,1.0,2.6,2.2548903293466513,1438.9170271696305,279.34773767410456,4203.324512897831,1,4.1464032609969665,False,True,5400.12669221389,4476.908344599152,5.869558555328961,"[4203.324512897831, 4750.492176300473, 5616.671530851696, 6939.186872412241, 8593.097223946528, 10760.089980742394, 13383.418724547582, 16543.66133297058, 19976.98853487965, 23949.774874302853, 26427.6331877447, 29491.967771065938, 33212.18292012731, 37645.29961196439, 43054.75285655093, 49414.06694974766, 57018.69668213027, 65894.70422716798, 67789.43605419077, 71459.59669085171, 77165.59358351638, 85221.11223687345, 95886.72983436589, 91237.1140541516, 102299.9147478577, 117290.25317538987, 122111.3822243303, 133125.73874417422, 143588.2330208086, 160794.5685849035, 184506.31462291878, 211485.04032131436, 244456.10108836877, 283258.343168865, 322480.6580451238, 363840.0865207114]","[819.1, 1258.7, 1668.3000000000002, 2247.7000000000003, 2657.2000000000003, 3306.5, 3885.9, 4565.200000000001, 5214.5, 6233.5, 7392.3, 8720.900000000001, 10219.300000000001, 11887.6, 13965.400000000001, 16213.0, 18940.2, 21937.100000000002, 25373.5, 29359.300000000003, 33954.5, 39269.00000000001, 45262.700000000004, 52245.40000000001, 60486.8, 69647.3, 79317.20000000001, 88547.50000000001, 97538.1, 106089.20000000001, 114330.6, 122262.3, 129854.40000000002, 137246.7, 144499.10000000003, 151651.7]"
26,otimista,181691340,True,0.08224654197692871,1365244.4110739222,257073.40000000002,3084880.8000000003,2666,129.7751410304677,1208.7652473576334,6.410100383465202,79.18118527262561,22.86128514615366,1.1177625122669284,1.0,5.809523809523809,1.6360208420963096,34168.610276848056,63.468721849830445,1715.126013406104,3,14.85487565383839,False,True,2011.6210841074608,1764.0720241958388,9.626436056236544,"[2901.106296211531, 2077.822100481423, 1715.126013406104, 1813.0180349855734, 2506.9328278861494, 3628.403825635394, 5311.372452558697, 7855.990147014637, 11333.026417061577, 16115.90321792155, 30246.783614071763, 36129.940961015796, 41146.52213092671, 49718.05385797752, 63319.82615611782, 76260.84376683227, 78417.23434578901, 88963.67592530513, 101886.10541799181, 124374.84571519429, 153066.05702915642, 190539.71768435396, 231211.22217272857, 264696.6334818193, 318277.9803619995, 379308.70410401793, 448063.410215933, 524000.84809349244, 607056.4230664001, 696753.4792007, 792954.7137423627, 895466.1896789275, 1003964.6276557688, 1118530.696168484, 1239003.058225878, 1365244.4110739222]","[919.1000000000001, 1258.7, 1838.1000000000001, 2417.5, 3166.7000000000003, 4085.8, 5244.5, 6912.799999999999, 8920.7, 11578.0, 14944.500000000002, 23525.600000000002, 29889.000000000004, 37551.0, 47730.50000000001, 60087.600000000006, 74113.1, 87249.5, 99846.4, 111863.90000000001, 123432.0, 134460.5, 145149.40000000002, 155598.6, 165778.1, 175138.4, 184838.3, 193858.90000000002, 202809.7, 211151.00000000003, 219322.5, 227254.30000000002, 234776.5, 242398.60000000003, 249820.90000000002, 257073.40000000002]"
27,otimista,181701313,True,0.0804591178894043,1797203.835040276,280347.8,3364173.5999999996,2922,119.75059593407377,1274.0449258326598,6.000000000000001,79.3213221756078,27.01888960070256,1.353287536800785,1.0,7.830188679245283,1.5480740739297651,44967.5958760069,49.40290513021552,2221.4954153122417,3,18.988672939068145,False,True,2565.410157066111,2230.1047441347055,10.90542523034103,"[2927.6394142077443, 2238.7140729571693, 2221.4954153122417, 2674.3088517690917, 3731.8568962673035, 5398.084905324525, 7947.5481234824365, 11730.488112266486, 25038.79871307593, 30898.724771553923, 36451.878768207156, 46958.13747366177, 57525.80737089053, 74068.36448922384, 81106.05198715355, 97699.59699384119, 116943.158724498, 145838.17199935374, 189038.13066650764, 233231.78006520215, 277067.5025757316, 329225.6340760158, 389431.2609397579, 445359.6075770728, 520873.217174812, 603292.5983583017, 693181.9331929027, 789977.0396132541, 901361.351662359, 1011340.5975782764, 1127633.7185548306, 1249987.9484695601, 1378128.373696168, 1512062.7869257224, 1651711.3859997317, 1797203.835040276]","[919.0, 1398.5, 2247.7000000000003, 2827.0, 3816.0000000000005, 5074.7, 6812.9, 9230.400000000001, 12536.900000000001, 22206.800000000003, 29798.9, 39808.5, 52954.8, 67020.1, 81185.3, 94531.40000000001, 107438.0, 119525.40000000001, 131373.1, 142441.5, 153030.5, 163449.6, 173529.1, 183199.0, 192699.1, 201350.10000000003, 210710.40000000002, 219361.40000000002, 227802.6, 235874.2, 243775.90000000002, 251368.0, 258620.50000000003, 265872.9, 273025.4, 280347.8]"
28,otimista,181711286,True,0.06716275215148926,35072.38605387656,16403.6,196843.19999999998,164,156.73499928739415,1032.899077222248,7.810576873505701,78.53206351417437,4.501057943936334,1.0,1.0,1.2,2.7405244864219247,914.3096513469139,428.99427784741823,-6920.468364897675,24,4.575100954470884,True,True,-1486.7866981052794,-5350.949259952466,5.110785795481844,"[2696.6717423978002, 1530.29075943274, 547.4707218070904, -355.8357151307763, -361.3583998527531, -423.3147585240865, -428.83744324606334, -434.36012796804016, -439.882812690017, -365.8918967242108, -291.90098075840467, -217.91006479259852, -143.91914882679237, -69.92823286098621, 140.00995774195974, -119.95032030565528, 409.49609027384065, 304.23329466464077, 597.9923197197744, 1054.02324695286, 1693.7223941624957, 2568.603362036464, 3718.21975126255, -6920.468364897675, -3781.430155007256, -721.9055458046205, 2337.619063398015, 3934.112767902123, 6000.496439785542, 8414.590155556929, 11338.641113344765, 14749.12298709841, 18801.63672215727, 23479.77591920913, 28831.914182188855, 35072.38605387656]","[679.3000000000001, 849.1, 1088.9, 1188.8, 1088.9, 1019.0, 1088.9, 1088.9, 1088.9, 1188.8, 1188.8, 1188.8, 1188.8, 1188.8, 1358.6000000000001, 1698.3000000000002, 1768.2, 2207.8, 2717.3, 3056.9, 3466.5000000000005, 3976.0, 4585.400000000001, 5164.8, 5094.900000000001, 4995.0, 4995.0, 5674.3, 6623.400000000001, 7542.4000000000015, 8661.3, 9850.1, 11278.7, 12807.2, 14435.5, 16403.6]"
29,otimista,181721259,True,0.07848429679870605,1979276.3516741623,308380.0,3700560.0,3200,118.10175431883555,1272.5924055135938,6.009061865959335,79.42553175499832,26.970287834062347,1.2944062806673209,1.0,4.833333333333333,1.4300978517895042,8169.901465309011,81.0226613926373,4303.322759911722,1,20.56059865027382,False,True,6627.895409982348,4782.675915122973,11.135018209069594,"[4303.322759911722, 5262.0290703342225, 7083.184189865056, 9766.788118504222, 13428.075230615532, 17866.417296583044, 23250.19172216967, 30055.696764118078, 38490.185883163285, 49259.662262777434, 52500.77715784832, 59464.57237562939, 71274.02700610727, 82539.84821068421, 84805.31789578035, 95973.11924125241, 111681.21715154915, 138955.43535156775, 174292.74886152323, 214887.01348690852, 262116.53614135238, 319158.0211918935, 385688.1730055704, 449383.69594942185, 534028.7434802621, 626968.9410475806, 728456.2523909247, 838101.9824055631, 955648.2349303046, 1080813.7639501933, 1213412.005197452, 1353119.663039119, 1499584.159566825, 1652813.2780651583, 1812720.1200715287, 1979276.3516741623]","[1258.7, 2077.8, 3166.7000000000003, 4255.6, 5484.3, 6912.799999999999, 8820.800000000001, 11578.0, 15014.4, 19679.5, 25773.200000000004, 33535.200000000004, 43544.8, 56001.9, 72344.9, 88208.4, 103562.5, 118127.40000000001, 132052.9, 145359.1, 158125.90000000002, 170483.1, 182430.7, 193968.7, 205237.0, 215686.2, 226445.0, 236724.4, 246664.00000000003, 256264.1, 265624.4, 274575.1, 283086.30000000005, 291597.4, 300008.7, 308380.0]"
30,otimista,181731232,True,0.07852840423583984,192437.79442505393,97967.9,1175614.7999999998,1021,234.5949944880878,1018.7701703422487,7.745845798285668,79.58542744304602,2.2519469168358848,1.0,1.0,2.3870967741935485,2.777936810712715,724.7408101043915,458.81477538339783,3877.292727220094,1,2.51772935530759,False,True,4437.763526239071,3979.002180745065,4.73328580471427,"[3877.292727220094, 4080.711634270035, 4556.780823562083, 5357.976192683979, 6620.622882756776, 8288.216658147438, 10473.765990122036, 13120.766643047535, 16309.039522411953, 19912.791693212166, 21798.096090451298, 24065.961185395423, 26736.25954548726, 29773.019508772108, 33421.58634959179, 37604.71340765627, 42388.09248437665, 47883.41705268365, 54123.735583843365, 61269.27412446485, 69268.65691018115, 78442.36679067709, 80284.07647285177, 71478.527900902, 76294.78816014566, 82556.40225848304, 91010.64268879457, 101572.86474122267, 108236.69986993901, 117549.37516026144, 129825.0461687739, 145777.64498869455, 150238.50043229325, 159107.61249957, 173212.33090828272, 192437.79442505393]","[749.2, 1158.8, 1498.4, 1908.0000000000002, 2487.4, 2996.9, 3646.2000000000003, 4225.6, 4904.900000000001, 5554.200000000001, 6233.5, 7052.6, 7971.700000000001, 8890.7, 10119.4, 11408.1, 12806.600000000002, 14405.000000000002, 16143.2, 18151.1, 20228.9, 22746.300000000003, 25473.4, 28540.200000000004, 32116.5, 35722.700000000004, 40288.0, 45222.8, 50876.90000000001, 57040.5, 63853.4, 71205.70000000001, 78118.5, 85031.3, 91604.5, 97967.9]"
31,otimista,181741205,True,0.07190084457397461,536412.400027235,170289.4,2043472.7999999998,1806,184.66750256409233,1262.0469913720963,6.000000000000001,80.37960338546674,10.679614758838206,1.1177625122669284,1.0,3.020408163265306,2.240609471208952,2157.9683334468127,272.2381814276598,3905.660430325413,1,6.211969629196213,False,True,4779.106095531035,4025.924030493833,7.222515812823643,"[3905.660430325413, 4146.187630662253, 4990.078917153962, 6355.462436672058, 8380.91773026318, 11197.362573024131, 14812.458730904742, 19143.853097846237, 24079.876096050833, 29853.648564369803, 34502.23837427044, 40160.556277425356, 47124.83913102463, 55109.415081939784, 64970.39784455097, 67921.26456064434, 72919.96569729643, 80147.64404285749, 89984.24191753256, 96252.07507705587, 105604.07399769577, 118669.3800817506, 119256.75408901618, 115100.71712094836, 128945.18723724, 141579.04766381806, 161118.0369457908, 187040.66985013185, 216265.07552371273, 251326.47542142516, 292250.0337084795, 333374.3852156038, 376289.081548623, 424519.28687274735, 477877.37772496196, 536412.400027235]","[989.0, 1398.5, 2147.7, 2797.0, 3616.1000000000004, 4605.1, 5594.0, 6752.800000000001, 8081.400000000001, 9789.6, 11727.600000000002, 13945.199999999999, 16672.3, 19299.5, 22945.7, 26731.600000000002, 31166.9, 36141.6, 41865.600000000006, 48278.8, 55301.3, 63412.700000000004, 72622.90000000001, 81653.40000000001, 90484.0, 98495.5, 107086.4, 115028.0, 122869.70000000001, 130132.0, 137424.3, 144277.0, 150860.0, 157473.0, 163846.2, 170289.4]"
32,otimista,181751178,True,0.07957816123962402,26613.283500451937,7162.4,85948.79999999999,76,601.2446208386294,798.3760261901217,9.846888196405962,79.60124639917014,-40.614513342578775,1.0,1.0,2.272727272727273,6.007032782590071,33.80534791854971,1070.722641491558,3968.6226820060483,1,6.847514183965414,False,True,4078.728843730476,3982.262772052103,1.740809824654088,"[3968.6226820060483, 3995.9028620981576, 4106.337504274582, 4274.429644537067, 4575.453291602965, 12753.415246260261, 9029.809018123055, 10142.327008845989, 11312.502497654983, 12565.832448548292, 11876.819897527661, 19189.796707534882, 14049.64578811456, 14221.904625470062, 14477.31792490988, 14732.731224349696, 15045.802021875574, 15358.872819401451, 15755.098079011645, 16208.980836707899, 16662.863594404153, 17249.67785890382, 17894.149621489545, 6621.775846159588, 7407.05956891569, 8275.497753756106, 9326.875186710171, 10423.144579834612, 11649.96343121549, 12971.491287485842, 22206.968958151007, 18374.620616334832, 20334.838243406382, 22302.450866650055, 24354.955450064102, 26613.283500451937]","[579.4, 649.3000000000001, 749.2, 819.1, 989.0, 988.9, 1878.0000000000002, 1977.9000000000003, 2047.8000000000002, 2147.7, 2217.6000000000004, 2387.5, 3276.5, 3276.5, 3376.4000000000005, 3376.4000000000005, 3446.3, 3446.3, 3546.2, 3616.1000000000004, 3616.1000000000004, 3786.0000000000005, 3855.9, 3955.8000000000006, 4025.7000000000003, 4125.6, 4365.400000000001, 4535.200000000001, 4774.900000000001, 5014.700000000001, 5184.5, 6243.300000000001, 6513.1, 6652.900000000001, 6822.700000000001, 7162.4]"
33,otimista,181761151,True,0.1000068187713623,1184246.480436827,226931.2,2723174.4000000004,2388,146.44416353957325,1285.8542409152017,6.000000000000001,81.22604843799917,20.927304026384874,1.2944062806673209,1.0,4.106060606060606,1.8327311650734723,4857.277001820113,107.45123096683524,4062.4182398611783,1,13.550454950030435,False,True,5782.599314482914,4398.774221105521,9.095009533371845,"[4062.4182398611783, 4735.130202349864, 6131.755685193932, 8411.326513022861, 11688.462483564526, 15876.850701942612, 20959.47246627882, 27116.15861760952, 34519.93813822895, 43709.60339039478, 52996.07799559846, 56382.037979009765, 62957.488483341425, 73036.719230788, 81693.54643297347, 96031.42953428693, 98038.2262321861, 108425.0934842284, 126208.16539198285, 144448.0715353642, 170435.6225111271, 201031.6542185684, 238828.03351367655, 271705.46301967476, 318194.91191193357, 367247.99214844336, 423026.61877164675, 485085.2164625945, 553207.4454977933, 627139.523978812, 706775.0504008364, 791864.9224444842, 882016.1941106213, 977539.9561965428, 1078264.2820056567, 1184246.480436827]","[1158.8, 1908.0000000000002, 2797.0, 3885.9, 5114.6, 6273.400000000001, 7941.600000000001, 10089.4, 12676.6, 16153.0, 20448.5, 25762.9, 32306.0, 39838.0, 49717.700000000004, 61575.200000000004, 73163.0, 83931.6, 94390.6, 104370.1, 113910.1, 123280.30000000002, 132140.90000000002, 140861.8, 149382.8, 156844.9, 165126.2, 172858.1, 180320.2, 187472.7, 194495.30000000002, 201208.2, 207441.7, 214054.7, 220458.00000000003, 226931.2]"
34,otimista,181771124,True,0.08313965797424316,1786380.8596992919,282719.7,3392636.4000000004,3003,125.60009874181976,1118.6722968037054,7.101256981753227,81.91367320006603,26.03559075585204,1.3128258602711158,1.0,4.867647058823529,1.4824679938189067,7366.170248747049,101.66621215715432,4095.9447444315847,1,20.515588804332896,False,True,5957.643946066561,4453.235720835245,9.385790611664477,"[4095.9447444315847, 4810.526697238905, 6340.016362342445, 8741.847375156653, 12098.85101824169, 16449.894398797125, 21659.171417464353, 27926.02916801847, 35609.43357627505, 53006.99199852415, 59990.47271342126, 66315.70356277918, 76537.29298808367, 84751.67245164608, 99115.72028304885, 103525.55526757968, 117221.76806927759, 134002.0411724724, 169170.69164694336, 203574.66872676992, 247561.21397390202, 295846.15408495406, 350073.61347007134, 401488.89098991896, 473977.7644478709, 554673.8987631366, 644080.4859227315, 741636.9003042257, 847228.9197109933, 960238.6999099242, 1080666.4559257526, 1208289.0935579438, 1342597.4255525623, 1483763.1077416486, 1631729.1365392567, 1786380.8596992919]","[1228.7, 1977.9000000000003, 2966.8, 4025.7000000000003, 5184.5, 6413.200000000001, 8051.400000000001, 10129.2, 12856.300000000001, 16472.5, 24793.600000000002, 31066.9, 38838.7, 47979.00000000001, 59876.40000000001, 74201.1, 88076.40000000001, 101102.5, 113918.90000000001, 126126.00000000001, 137753.6, 149411.30000000002, 160869.1, 172017.2, 183025.6, 192985.00000000003, 203553.80000000002, 213443.2, 223192.9, 232193.3, 241193.80000000002, 249924.50000000003, 258035.90000000002, 266357.0, 274608.30000000005, 282719.7]"
35,otimista,181781097,True,0.07564330101013184,2208122.3788443916,347555.30000000005,4170663.6000000006,3647,99.25819297763672,1041.9841385346438,7.471960416820942,79.09438559705926,29.866958041670713,1.2355250245338567,1.0,5.5,1.243487052226181,55240.559471109795,44.1339286221983,2411.1785696008615,3,22.411102982264723,False,True,2730.807631683798,2435.332440602773,10.86377738230153,"[3022.3422595226675, 2459.4863116046845, 2411.1785696008615, 2821.248071710169, 3814.7764290430987, 5411.222243654376, 7809.152331800207, 11329.14043459753, 16171.767299155666, 23029.080466401963, 32307.090410060562, 36284.49148731503, 51968.59440544571, 55898.53632641336, 71708.39224691212, 79725.05638025657, 92507.5150689788, 117934.47227640632, 152685.48868927907, 193966.6010562329, 242960.9282477516, 303142.8782565841, 374217.6037767214, 444077.75083186047, 536692.7414674512, 639384.5105394754, 752999.6330773544, 876967.3979133731, 1011068.1111476261, 1154868.9935432514, 1308161.9457105913, 1470671.1037879393, 1641926.502020935, 1822021.4968888778, 2010761.9864991137, 2208122.3788443916]","[989.0, 1498.4, 2147.7, 2727.1, 3716.1, 4974.8, 6613.0, 8860.7, 11657.7, 15603.6, 20648.3, 27221.4, 35502.700000000004, 50327.100000000006, 65211.50000000001, 82962.90000000001, 99995.0, 115938.30000000002, 131472.0, 146396.3, 160531.5, 174636.7, 188362.3, 201958.00000000003, 215513.80000000002, 228220.50000000003, 241986.0, 255032.30000000002, 267808.9, 280036.1, 291993.5, 303611.30000000005, 314649.80000000005, 325788.1, 336686.7, 347555.30000000005]"
36,otimista,181791070,True,0.06938052177429199,1209074.2193003453,241589.90000000002,2899078.8000000003,2501,136.77983907003346,1302.127786157397,6.000000000000001,80.86812536185441,22.602657211748454,1.1766437684003925,1.0,4.604166666666667,1.7049645048246278,30264.355482508625,70.16651636317364,1474.005410925749,3,13.58658257217313,False,True,1787.216202596319,1555.1460983005015,9.851098672490515,"[2750.7158393159566, 1837.526008236674, 1474.005410925749, 1636.2867856752541, 2538.9450366487863, 4018.9323849379048, 6220.170162001521, 9336.337194478792, 13590.58427024666, 19231.41220356352, 26702.09864770769, 36339.576758923096, 40161.78989808739, 46889.88395973657, 57990.4623263936, 67363.68738807076, 82714.51918805864, 86557.07458093597, 98634.03905884571, 112116.76525342086, 134187.8381538388, 161708.448575916, 197539.787335469, 229409.81056709643, 275760.3416671048, 325712.9092175423, 383507.88109463296, 448543.69860633626, 520814.78724968655, 599858.3975168269, 685726.4258660292, 778065.4902089466, 876488.6047577022, 981158.4459581873, 1092045.5720457283, 1209074.2193003453]","[919.1000000000001, 1328.6000000000001, 2007.9, 2657.2000000000003, 3576.3, 4665.2, 6093.700000000001, 7931.800000000001, 10249.400000000001, 13106.4, 16782.600000000002, 21277.9, 26822.2, 33155.600000000006, 41696.8, 51736.40000000001, 64093.600000000006, 76211.1, 87749.1, 98947.5, 109566.5, 120015.70000000001, 130295.1, 140234.80000000002, 149864.80000000002, 158645.7, 168345.7, 177296.40000000002, 186247.2, 194618.50000000003, 203059.8, 211061.5, 218583.7, 226305.70000000004, 233997.8, 241589.90000000002]"
37,otimista,181801043,True,0.07356739044189453,305904.1787619784,129326.30000000002,1551915.6,1337,220.73381853121538,1261.4968621967196,6.131672203045413,79.74867921115307,6.626412153882226,1.0,1.0,2.625,2.6331583506064353,1197.5174115082434,353.4920901899447,3836.990949768816,1,3.7874807740197554,False,True,4480.725241894397,3921.8655244518986,6.057769640502885,"[3836.990949768816, 4006.740099134982, 4638.720289480869, 5756.651821069163, 7393.677913451575, 9573.518866890789, 12353.038201201201, 15862.708757765184, 19855.361487499515, 24387.97277937889, 27490.06997329479, 31281.069430443982, 35776.329769675336, 40950.09971203146, 47118.137457109704, 54303.979366106825, 62572.873079177, 72062.92975628878, 74540.9421198357, 78435.77170795566, 84089.93154330489, 91735.64394582048, 101538.79613640509, 95419.4029761155, 103918.39168585438, 115199.44076548176, 130117.96483807676, 133682.22784270532, 143269.7917610439, 157301.6797503592, 169146.2929905742, 186283.98792224564, 208446.8473640997, 235530.56819579663, 264502.00819778466, 305904.1787619784]","[919.1000000000001, 1328.6000000000001, 1908.0000000000002, 2517.4, 3166.7000000000003, 3846.0000000000005, 4595.2, 5514.3, 6333.400000000001, 7422.3, 8681.0, 10179.5, 11807.800000000001, 13476.099999999999, 15553.900000000001, 17871.5, 20388.9, 23176.0, 26442.7, 29849.100000000002, 33765.100000000006, 38220.50000000001, 43155.4, 48769.6, 54863.3, 61396.500000000015, 69228.40000000001, 76850.50000000001, 84402.8, 91345.6, 98188.50000000001, 104821.70000000001, 111115.20000000001, 117278.8, 123402.5, 129326.30000000002]"
38,otimista,181811016,True,0.06892704963684082,2080224.4818481216,302108.7,3625304.4000000004,3113,113.49054354249745,1314.6827319580689,6.000000000000001,81.40232596816749,30.201812049992856,1.2944062806673209,1.0,6.516666666666667,1.4062667076843902,52043.11204620303,51.54542047986763,2144.3648627247658,2,22.840019640350224,False,True,2677.473222791396,2174.228755782916,11.912849994887607,"[2835.2667474415057, 2144.3648627247658, 2204.0926488410664, 2874.3407313509665, 4298.514683002915, 6470.62967332966, 9737.21662428536, 14640.185862657654, 21688.21598783143, 31586.44280034067, 36831.64933226247, 47178.30715912627, 57924.295769497774, 76277.79480143666, 85957.8607745989, 98900.63356994363, 123326.79768333049, 155683.18395466445, 198634.65394465564, 242818.0384932091, 304431.53728144505, 367477.7263543358, 439539.83545785205, 516201.09433796455, 605544.4228318988, 702682.6467636714, 808086.1700552364, 921364.932576893, 1042218.1383696953, 1170172.9620658015, 1305312.1689033525, 1447298.1989971707, 1595752.3340419445, 1750837.683068068, 1912274.0293266624, 2080224.4818481216]","[919.0, 1498.4, 2417.5, 3166.7000000000003, 4355.5, 5854.0, 7931.800000000001, 10958.7, 15074.5, 20588.800000000003, 28011.100000000006, 37910.9, 51147.2, 66970.90000000001, 82754.70000000001, 97489.50000000001, 111575.00000000001, 124981.20000000001, 137977.8, 150295.1, 162033.0, 173431.30000000002, 184489.9, 195208.80000000002, 205688.0, 215248.19999999998, 225387.7, 235047.80000000002, 244338.2, 253049.2, 261860.2, 270261.5, 278193.30000000005, 286325.0, 294116.9, 302108.7]"
39,otimista,181820989,True,0.08081483840942383,2889958.1811149786,375685.30000000005,4508223.600000001,3947,98.94772490683458,1267.822449203223,6.000000000000001,79.85238900508953,34.24608856676633,1.647693817468106,1.0,6.222222222222222,1.203743979904732,11964.40908797908,61.727198857057346,4454.737432855356,1,29.36665025425452,False,True,7463.938041283648,5116.279137000645,13.201143117205934,"[4454.737432855356, 5777.820841145935, 8025.977107996219, 11209.113685159668, 15524.961858991503, 20935.26420239326, 27937.407691497225, 37041.00575349208, 49059.908676914434, 56530.84374820973, 67111.07568380031, 78079.25839494032, 97972.3380020701, 118465.23837463012, 138187.16566912728, 168779.78454720986, 212732.74514822703, 260544.86247566406, 320573.5125519945, 392369.04372923914, 475307.9033457611, 569204.0349708865, 673733.1451746384, 776747.0905059603, 901931.4839866288, 1036386.2989564013, 1181059.3815068915, 1343044.75164898, 1506603.5068754458, 1679050.6642779142, 1860247.9868570822, 2050022.2969635765, 2247702.222504389, 2453692.5680256756, 2667774.585411954, 2889958.1811149786]","[1398.5, 2487.4, 3646.2000000000003, 4804.900000000001, 6373.300000000001, 8521.0, 11587.800000000001, 15743.400000000001, 21467.4, 29269.2, 39558.4, 53224.00000000001, 71215.1, 89475.90000000001, 107836.70000000001, 125178.5, 141870.9, 157714.30000000002, 172978.2, 187692.8, 201628.2, 215323.80000000002, 228609.80000000002, 241726.1, 254432.7, 266020.5, 278797.10000000003, 290684.6, 302402.3, 313510.6, 324449.10000000003, 335177.9, 345057.5, 355446.6, 365566.0, 375685.30000000005]"
40,otimista,181830962,True,0.13404464721679688,178235.2570634645,80394.70000000001,964736.4000000001,853,253.18304435821494,1240.225020533132,6.000000000000001,79.02898838525192,11.1894780771242,1.0588812561334642,1.0,2.0,3.574498281335771,665.5635710977685,357.9140399672723,3712.0707074081984,1,2.8894799920700054,False,True,4692.69420967955,3865.1560139736985,4.974852145814351,"[3712.0707074081984, 4018.2413205391986, 4917.511839393001, 6386.070590771182, 8447.729247872165, 11150.489766182058, 14446.350190214753, 18335.310519970248, 22528.89921116918, 27112.099215271293, 30145.035568141488, 33591.78939467246, 37544.63405753068, 41819.56452085126, 46861.32312241902, 52549.92349091849, 58909.82648522431, 65984.92573402102, 73951.53880524659, 82677.97402570258, 92368.73729012857, 94692.26812194861, 98229.0040891007, 91031.52996143166, 97288.47471405988, 104887.81002018375, 114443.05551950805, 119391.84765507805, 126229.35258765133, 134531.28771342503, 144441.0732984172, 155814.58318187023, 169751.39146904458, 169677.88956712064, 172489.8441134319, 178235.2570634645]","[1228.7, 1977.9000000000003, 2727.1, 3446.3, 4195.5, 5014.700000000001, 5763.900000000001, 6513.1, 7162.4, 7981.500000000001, 8970.5, 9989.400000000001, 11148.2, 12137.100000000002, 13605.5, 15173.900000000001, 16812.1, 18550.300000000003, 20558.2, 22536.1, 24753.7, 27311.000000000004, 30138.0, 33174.8, 36551.200000000004, 39957.600000000006, 44153.100000000006, 48588.40000000001, 53223.5, 57419.00000000001, 61574.600000000006, 65530.40000000001, 69246.50000000001, 73032.5, 76678.6, 80394.70000000001]"
41,otimista,181840935,True,0.11162137985229492,153566.19740964705,66359.9,796318.7999999999,701,260.3771124351407,1004.0536326063985,7.768268494428747,79.85989396905387,0.031067582468535606,1.0,1.0,2.1333333333333333,3.1726030592770376,562.775822540196,351.41213527948224,3808.1730742668756,1,3.505088859379225,False,True,4056.6207250780294,3809.606428473052,4.232426021518009,"[3808.1730742668756, 3811.0397826792287, 4138.481039210963, 4790.496843862079, 5904.403454960228, 7349.319958531507, 9199.749892731994, 11512.070633379513, 14205.343297964242, 17229.6258550221, 18715.79921852699, 20533.11626149655, 22596.98148673097, 24919.39489423025, 27793.115162987942, 30914.81987233815, 34576.288818764595, 38595.0984641112, 43142.12972235188, 48286.73885181427, 53961.00585249838, 60408.56639001377, 67592.91469122401, 63742.327928430655, 72908.18439142543, 74500.99942456209, 77476.26848993392, 81689.56581440449, 87400.98443940119, 94726.88153722555, 103880.51316268898, 114860.60678759869, 121447.08109094825, 130222.06911416503, 141001.9149881232, 153566.19740964705]","[749.2, 988.9, 1398.5, 1808.1000000000001, 2387.5, 2797.0, 3306.5, 3885.9, 4365.400000000001, 4774.900000000001, 5354.3, 6033.6, 6682.900000000001, 7332.200000000001, 8351.2, 9170.300000000001, 10259.2, 11248.100000000002, 12406.9, 13735.5, 15064.100000000002, 16702.4, 18440.5, 20518.300000000003, 22835.9, 25153.400000000005, 28050.400000000005, 31047.2, 34423.600000000006, 38139.7, 42295.4, 46660.700000000004, 51395.7, 56510.3, 61585.0, 66359.9]"
42,otimista,181850908,True,0.10931158065795898,380996.49421658664,145026.2,1740314.4000000001,1538,207.45630088061432,1214.6087230815303,6.215566391635832,79.40464297845797,4.952867098878341,1.0588812561334642,1.0,2.761904761904762,2.48381641129818,1510.4020592357776,222.34063810751624,3714.8197129712435,1,4.607918745632574,False,True,4213.150249653868,3775.4098175671206,6.30119989743869,"[3714.8197129712435, 3835.999922162998, 4338.867025484158, 5360.174063984678, 6980.134359235084, 9198.74791123538, 12072.554439464986, 15601.553943923904, 19759.374101990805, 24501.934410937, 27870.107911812443, 32088.255661878793, 37178.11681957432, 42923.956970778425, 49987.490745311654, 58125.53786265342, 67739.17242111533, 78067.36312376593, 78378.51139880322, 85904.69334793987, 95698.87586530528, 101581.38419143762, 110437.46627772799, 118367.78464503589, 117383.38731393023, 122601.88417438243, 133116.5679869219, 141914.53753584868, 156533.63738220392, 176625.05074924655, 201971.81427435612, 229404.31179909426, 261597.40014881108, 298452.09102677426, 340067.3727297161, 380996.49421658664]","[819.1, 1328.6000000000001, 1808.1000000000001, 2457.4, 3206.6000000000004, 3955.8000000000006, 4774.900000000001, 5594.0, 6583.0, 7811.700000000001, 9210.2, 10978.400000000001, 12956.300000000001, 14764.3, 17321.600000000002, 19948.800000000003, 23115.5, 26491.9, 32905.100000000006, 37640.100000000006, 42854.6, 48618.399999999994, 55231.40000000001, 62663.50000000001, 71154.5, 78926.3, 86937.80000000002, 94369.90000000001, 101662.2, 108514.90000000001, 115097.90000000001, 121471.2, 127434.90000000001, 133268.6, 139232.30000000002, 145026.2]"
43,otimista,181860881,True,0.08073711395263672,1045008.7923969862,226675.40000000002,2720104.8000000003,2346,149.1477409420121,1125.0882449020378,7.1486865938653,80.81269766800492,19.357312514166342,1.1177625122669284,1.0,3.297872340425532,1.7285297905699153,4277.119968320775,112.81294419617217,4291.556191587316,1,11.775159241471766,False,True,5844.968481724567,4605.552636134631,7.964304128590484,"[4291.556191587316, 4919.549080681945, 6153.441615405442, 7938.734008937803, 10333.417368954284, 13395.48280313014, 17134.839721724504, 21393.393196635043, 26431.71728365857, 32421.3686803024, 37440.74244828885, 43872.3859664405, 51826.71651183018, 61379.147773869176, 72762.51479671722, 75663.65323377169, 86962.23705817186, 95927.86482840442, 109906.84163873915, 112823.34648603716, 124259.39399364639, 137687.4710457955, 160488.013694363, 177302.849662276, 214822.778152448, 260550.90609289013, 305761.4544916984, 358713.03049006395, 419208.92318539554, 494706.3580556928, 569326.8192222547, 658420.1702845389, 745888.4438816876, 839524.2971892077, 939269.7400994241, 1045008.7923969862]","[1088.9, 1498.4, 2247.7000000000003, 2927.0, 3676.2000000000003, 4495.3, 5414.400000000001, 6503.200000000001, 8001.700000000001, 9909.7, 12117.4, 14944.500000000002, 18211.1, 21787.4, 26582.500000000004, 35573.100000000006, 42955.5, 51636.5, 62085.7, 74542.8, 86590.30000000002, 98468.1, 110006.10000000002, 121104.6, 131823.5, 141933.1, 152142.5, 161672.6, 170963.0, 179743.90000000002, 188355.0, 196486.6, 204178.70000000004, 211770.80000000002, 219293.00000000003, 226675.40000000002]"
44,otimista,181870854,True,0.07310914993286133,1372981.179866877,253800.00000000003,3045600.0000000005,2700,133.22100551047646,1089.5434226888783,7.074327843171605,80.1007741571982,22.18994341244796,1.3128258602711158,1.0,3.696969696969697,1.638619641519123,5643.671582778654,114.43769386631246,3987.0508869807554,1,15.152234517016389,False,True,5554.16721102541,4281.4953343220695,8.579324458065752,"[3987.0508869807554, 4575.939781663383, 5880.243020812753, 8054.033377279328, 11080.688443064697, 15034.118794549708, 19775.715532070164, 25462.65153490496, 32200.901560845363, 40471.62613779974, 48428.78452870669, 58595.56751411853, 62842.16357879726, 70189.37386814729, 81808.95398424778, 91933.10905211784, 108197.56345971514, 115074.08935503679, 123853.41186808344, 142719.97313144847, 171044.78061722353, 205821.58370531985, 244334.28792127, 276009.67281869386, 327941.64392312395, 387626.1558313265, 455241.3206685375, 530317.5061718185, 612602.6896395525, 701639.7400489785, 804957.3539733887, 906891.0576384078, 1014758.1886760953, 1128501.459918069, 1247926.135831094, 1372981.179866877]","[1228.7, 1977.9000000000003, 2866.9, 3955.8000000000006, 5014.6, 6173.400000000001, 7571.9, 9449.900000000001, 11697.5, 14734.3, 18350.4, 22915.6, 28409.7, 35022.700000000004, 43653.5, 54122.4, 67008.70000000001, 80684.1, 93980.0, 106566.6, 118364.0, 130161.5, 141449.5, 152258.0, 162557.0, 172236.8, 182126.19999999998, 191436.3, 200436.80000000002, 208857.80000000002, 217009.10000000003, 224950.7, 232352.80000000002, 239685.0, 246777.50000000003, 253800.00000000003]"
45,otimista,181880827,True,0.07161211967468262,115704.91540550062,39588.4,475060.80000000005,416,307.7109831459342,1240.1587913549492,6.000000000000001,78.18092816354816,5.224460002612478,1.0,1.0,1.8108108108108107,3.935859857433621,405.0204808562526,413.2079121798875,3571.81914135534,2,4.367051295399059,False,True,3885.439401298247,3597.5207115696994,4.1091594946909185,"[3623.222281784059, 3571.81914135534, 3972.8451078029766, 4770.188317744396, 5891.906105473038, 7466.053000078035, 9436.517138176816, 11781.390889332199, 14522.581883981364, 17510.127962598, 18893.991284708416, 20699.228288461516, 22669.0225357084, 24759.391360742506, 27194.501156035538, 29950.374587294056, 32993.088482631254, 36400.70233586689, 40055.2366531812, 44124.70596366333, 48469.20760160671, 53206.76106083109, 58425.46087042562, 52113.458893772855, 58298.90699425537, 64897.7333084906, 72340.2919080855, 80416.74596492691, 89189.24417051057, 90201.80919054305, 92154.71928087862, 94874.0594062479, 98387.82956665092, 103092.34700558143, 108818.01595598483, 115704.91540550062]","[989.0, 1398.5, 1977.9000000000003, 2487.4, 2896.9, 3476.3, 3985.8, 4465.3, 4974.8, 5284.400000000001, 5793.900000000001, 6373.300000000001, 6882.799999999999, 7292.300000000001, 7941.600000000001, 8690.9, 9440.1, 10289.2, 11038.400000000001, 11957.500000000002, 12776.6, 13695.6, 14784.5, 15943.300000000001, 17172.0, 18330.800000000003, 19999.000000000004, 21667.300000000003, 23405.4, 25243.5, 27391.300000000003, 29469.100000000002, 31546.9, 34134.2, 36761.4, 39588.4]"
46,otimista,181890800,True,0.07615351676940918,655652.5600756183,189516.4,2274196.8,1936,178.59233969063382,1044.8759965483366,7.643430990770435,78.0005665249538,10.934774231864303,1.0588812561334642,1.0,4.657894736842105,2.100349843935757,2654.80233364841,188.70502855743672,4371.074622763247,1,7.385577415718271,False,True,5845.362177802768,4694.271849065341,6.212705915788691,"[4371.074622763247, 5017.469075367433, 6121.326545281214, 7707.218756269641, 9806.86808014537, 12388.552145095746, 23164.03359239426, 22663.433808056896, 27755.691782103775, 33688.52471250173, 46087.33278363206, 47941.439809993935, 56093.139551091124, 65494.751921844094, 68197.55157824795, 72685.58989892679, 79426.2215398757, 88579.49041913982, 100480.9585682137, 109160.02973498339, 121469.40176291265, 138382.7347821984, 145555.1915097942, 146749.6120307797, 159471.26544073256, 178857.33362676544, 205340.7018824229, 235671.62610162905, 272804.12301183573, 316520.1698787797, 357882.91861057, 405554.90146925667, 459145.2643561373, 518724.5622675252, 584222.240207107, 655652.5600756183]","[919.1000000000001, 1258.7, 1838.1000000000001, 2447.5, 3096.8, 3706.2000000000003, 4355.5, 7722.1, 8910.9, 10579.2, 12417.300000000001, 17312.300000000003, 20169.4, 23196.300000000003, 27002.4, 31188.100000000006, 36153.0, 41727.4, 48020.9, 55263.50000000001, 63525.100000000006, 73015.40000000001, 82196.0, 91206.8, 100287.50000000001, 108718.9, 117699.70000000001, 126370.9, 134972.1, 143303.6, 151465.2, 159457.1, 166939.40000000002, 174521.7, 182004.0, 189516.4]"
47,otimista,181900773,True,0.07053375244140625,142266.701881034,83261.1,999133.2000000001,889,209.52735703822043,1076.0891256733082,7.214630438437614,80.90535373146491,9.619783622870344,1.0,1.0,2.608695652173913,2.8806233136098833,3594.16754702585,187.08770354550242,-368.52362182158777,4,2.329510933979607,False,True,172.76727316326793,-108.05746981346715,5.27048970961584,"[2504.0448648626716, 1204.5954485512852, 152.40868219465347, -368.52362182158777, 232.41721959038682, 179.55347015280609, 512.7229118199291, 869.7200557464591, 1694.7857542516497, 2783.2742382014385, 4164.806454405882, 5868.157580540969, 8081.195274683429, 10505.472064554499, 13622.941141258883, 17190.04557366777, 21502.369950986693, 26346.93715628888, 31902.517730724277, 38157.926851968885, 45218.99681462546, 53238.573523317915, 62222.24733339824, 60443.39625829514, 63624.213489113325, 67964.40691704798, 74260.5679324305, 82176.49152713889, 92055.79414694702, 97538.93844180965, 105426.41315210339, 115726.69917433019, 128645.25452191875, 128110.33564064292, 132703.8489204816, 142266.701881034]","[749.2, 988.9, 1298.6000000000001, 1568.3, 1808.1000000000001, 2147.7, 2627.2, 3036.7000000000003, 3616.1000000000004, 4195.5, 4844.8, 5564.0, 6553.0, 7302.200000000001, 8530.900000000001, 9689.6, 11188.100000000002, 12586.6, 14154.9, 15793.100000000002, 17601.2, 19679.0, 21896.600000000002, 24523.800000000003, 27630.500000000004, 30597.300000000003, 34483.200000000004, 38409.0, 42774.3, 47449.3, 52733.7, 58327.700000000004, 64331.3, 70774.40000000001, 77117.70000000001, 83261.1]"
48,otimista,181910746,True,0.06561088562011719,861383.8088252813,199658.00000000003,2395896.0000000005,2120,163.83520712665313,1117.6310740258987,7.005149570566857,81.13080891381509,15.25077904279509,1.2502606882168925,1.0,3.292307692307692,1.9999861745803702,3512.015870105339,167.82429655752847,3503.644671871893,1,9.810978718789016,False,True,4122.871228864799,3520.0150474270413,7.2233409122473695,"[3503.644671871893, 3536.3854229821895, 4318.366497492336, 5958.325323928975, 8464.38085305825, 11968.200351017938, 16609.57003471196, 22245.83449449414, 28816.966867213792, 36661.8252048518, 43817.292103604865, 52652.12529067613, 63450.660845303995, 67643.27422327265, 74794.52544792753, 84846.29971166208, 92132.49187015167, 103411.18027405371, 119529.21148839529, 131354.4331287233, 142729.84082744352, 154043.58385081458, 172535.34549889085, 186123.7687444148, 215691.99920809365, 251382.0701380009, 293970.5912588056, 337569.164252389, 383898.31414072745, 435988.3790342289, 493730.6225043668, 556962.330496626, 625178.3437693793, 698744.03734735, 777484.129661599, 861383.8088252813]","[1158.8, 1808.1000000000001, 2727.1, 3786.0000000000005, 4844.8, 6073.5, 7472.0, 9210.2, 11218.099999999999, 13775.4, 16642.300000000003, 20118.600000000002, 24244.200000000004, 28609.600000000002, 34403.50000000001, 40816.600000000006, 48488.5, 57179.3, 67408.4, 77297.9, 86468.20000000001, 95808.30000000002, 104638.90000000001, 113369.6, 121960.50000000001, 129492.5, 137983.5, 145755.2, 153427.1, 160519.6, 167472.2, 174225.0, 180358.5, 186941.5, 193314.80000000002, 199658.00000000003]"
49,otimista,181920719,True,0.0680551528930664,279491.70105356333,128536.70000000001,1542440.4000000001,1333,171.0300951869853,815.673902167089,9.775193900751253,80.61288165540552,12.480491337754694,1.0,1.0,2.888888888888889,2.15835600871302,7024.7925263390825,180.02152474085008,421.0311216263799,5,3.4563443855280576,False,True,646.4490222632635,502.70091257964407,4.980898254156474,"[2762.482242152226, 1796.0502299175837, 1026.4393051202335, 584.3707035329082, 421.0311216263799, 667.141795173382, 1270.5718249125107, 2194.565265298956, 3407.6534709793305, 5012.749597147418, 7166.562811819461, 9818.629692592353, 13022.898171709596, 16796.864826768084, 21546.47126786796, 27088.922717959507, 33620.888345058964, 41100.54800083088, 49876.337312014526, 60084.0480075839, 63154.30188808619, 67952.62920897493, 74791.03951259376, 71889.23350029677, 83608.20864667113, 91501.88456563363, 103039.95872001564, 118302.75903030485, 122422.99466451754, 133022.55878960324, 148788.82223754574, 162973.92592090776, 183007.56039760535, 208914.17702228518, 237481.14862693095, 279491.70105356333]","[749.2, 1088.9, 1328.6000000000001, 1738.2, 2077.8, 2587.3, 3096.8, 3746.1000000000004, 4425.400000000001, 5244.5, 6333.400000000001, 7492.200000000001, 8750.900000000001, 10079.5, 11947.6, 13855.600000000002, 16033.400000000001, 18281.0, 21008.200000000004, 24135.0, 27371.6, 31117.7, 35503.200000000004, 40478.0, 46192.1, 52255.8, 59778.00000000001, 68119.3, 76730.40000000001, 84762.1, 92524.0, 100046.20000000001, 107298.7, 114581.20000000001, 121593.9, 128536.70000000001]"
